                  :-) GROMACS - gmx mdrun, 2026.2-Homebrew (-:

Copyright 1991-2026 The GROMACS Authors.
GROMACS is free software; you can redistribute it and/or modify it
under the terms of the GNU Lesser General Public License
as published by the Free Software Foundation; either version 2.1
of the License, or (at your option) any later version.

                         Current GROMACS contributors:
       Mark Abraham           Andrey Alekseenko           Brian Andrews       
        Paul Bauer              Cathrine Bergh              Hugh Bird         
      Eliane Briand               Ania Brown                Yiqi Chen         
      Mahesh Doijade            Giacomo Fiorin          Stefan Fleischmann    
      Sergey Gorelov         Gilles Gouaillardet            Alan Gray         
   Farzaneh Jalalypour         Petter Johansson          Carsten Kutzner      
    Grzegorz Łazarski         Justin A. Lemkul          Magnus Lundborg      
        Julio Maia               Pascal Merz             Vedran Miletić      
      Dmitry Morozov           Lukas Müllender           Szilárd Páll      
 Andrea Pasquadibisceglie     Michele Pellegrino         Nicola Piasentin     
     Daniele Rapetti         Muhammad Umair Sadiq         Hubert Santuz       
      Michael Shirts           Tatiana Shugaeva          Alexey Shvetsov      
     Bálint Soproni            Philip Turner            Alessandra Villa     
        Yang Zhang        

                         Previous GROMACS contributors:
        Emile Apol             Rossen Apostolov           James Barnett       
      Vladimir Basov        Herman J.C. Berendsen          Par Bjelkmar       
      Christian Blau          Viacheslav Bolnykh            Kevin Boyd        
    Aldert van Buuren          Carlo Camilloni           Rudi van Drunen      
      Anton Feenstra           Oliver Fleetwood            Vytas Gapsys       
       Gaurav Garg             Gerrit Groenhof            Bert de Groot       
      Anca Hamuraru           Vincent Hindriksen          Victor Holanda      
     M. Eric Irrgang           Aleksei Iupinov              Joe Jordan        
    Christoph Junghans        Prashanth Kanduri        Dimitrios Karkoulis    
       Peter Kasson             Sebastian Kehl           Sebastian Keller     
        Jiri Kraus               Per Larsson              Viveca Lindahl      
      Erik Marklund           Pieter Meulenhoff           Teemu Murtola       
       Julien Nabet              Sander Pronk             Roland Schulz       
      Alfons Sijbers         David van der Spoel          Peter Tieleman      
      Carsten Uphoff             Jon Vincent             Teemu Virolainen     
    Christian Wennberg     Sebastian Wingbermühle         Maarten Wolf       
      Artem Zhmurov       

                  Coordinated by the GROMACS project leaders:
                           Berk Hess and Erik Lindahl

GROMACS:      gmx mdrun, version 2026.2-Homebrew
Executable:   /usr/local/bin/../Cellar/gromacs/2026.2/bin/gmx
Data prefix:  /usr/local/bin/../Cellar/gromacs/2026.2
Working dir:  /Users/valentina/Desktop/Mehdi-school/MD_intro/part2_gromacs
Process ID:   10636
Command line:
  gmx mdrun -deffnm precomputed/T_130/prod -nt 4

GROMACS version:     2026.2-Homebrew
Precision:           mixed
Memory model:        64 bit
MPI library:         thread_mpi
MPI version:         built in
OpenMP support:      enabled (GMX_OPENMP_MAX_THREADS = 128)
GPU support:         disabled
SIMD instructions:   SSE2
CPU FFT library:     fftw-3.3.11-sse2-avx-avx2-avx2_128
GPU FFT library:     none
Multi-GPU FFT:       none
RDTSCP:              disabled
TNG support:         enabled
Hwloc support:       disabled
Tracing support:     disabled
Colvars support:     enabled (version 2025-10-13)
CP2K support:        disabled
Torch support:       disabled
Plumed support:      enabled
C compiler:          /usr/bin/clang
C compiler flags:    -msse2 -Wno-missing-field-initializers -fno-stack-check -O3 -DNDEBUG
C++ compiler:        /usr/bin/clang++
C++ compiler flags:  -msse2 -Wno-reserved-identifier -Wno-missing-field-initializers -fno-stack-check -Weverything -Wno-c++98-compat -Wno-c++98-compat-pedantic -Wno-return-std-move-in-c++11 -Wno-source-uses-openmp -Wno-c++17-extensions -Wno-documentation-unknown-command -Wno-covered-switch-default -Wno-switch-enum -Wno-switch-default -Wno-extra-semi-stmt -Wno-weak-vtables -Wno-shadow -Wno-padded -Wno-reserved-id-macro -Wno-double-promotion -Wno-exit-time-destructors -Wno-global-constructors -Wno-documentation -Wno-format-nonliteral -Wno-used-but-marked-unused -Wno-float-equal -Wno-conditional-uninitialized -Wno-conversion -Wno-disabled-macro-expansion -Wno-unused-macros -Wno-unsafe-buffer-usage -Wno-stringop-truncation -Wno-cast-function-type-strict SHELL:-Xclang -fopenmp -O3 -DNDEBUG
BLAS library:        External - detected on the system
LAPACK library:      External - detected on the system


Running on 1 node with total 0 processing units
Hardware detected on host Yablochko-139.local:
  CPU info:
    Vendor: Intel
    Brand:  Intel(R) Core(TM) i7-1068NG7 CPU @ 2.30GHz
    Family: 6   Model: 126   Stepping: 5
    Features: aes apic avx avx2 avx512f avx512cd avx512bw avx512vl clfsh cmov cx8 cx16 f16c fma htt intel lahf mmx msr nonstop_tsc pcid pclmuldq pdcm pdpe1gb popcnt pse rdrnd rdtscp sha sse2 sse3 sse4.1 sse4.2 ssse3 tdt x2apic
    Number of AVX-512 FMA units: Cannot run AVX-512 detection - assuming 2
  Hardware topology: Only logical processor count
    CPU limit set by OS: -1   Recommended max number of threads: 8

Likely fastest SIMD instructions supported by all nodes: AVX_512
SIMD instructions selected at compile time:              SSE2

The current CPU can measure timings more accurately than the code in
gmx mdrun was configured to use. This might affect your simulation
speed as accurate timings are needed for load-balancing.
Please consider rebuilding gmx mdrun with the GMX_USE_RDTSCP=ON CMake option.

++++ PLEASE READ AND CITE THE FOLLOWING REFERENCE ++++
M. J. Abraham, T. Murtola, R. Schulz, S. Páll, J. C. Smith, B. Hess, E.
Lindahl
GROMACS: High performance molecular simulations through multi-level
parallelism from laptops to supercomputers
SoftwareX (2015)
https://doi.org/10.1016/j.softx.2015.06.001
-------- -------- --- Thank You --- -------- --------


++++ PLEASE READ AND CITE THE FOLLOWING REFERENCE ++++
S. Páll, M. J. Abraham, C. Kutzner, B. Hess, E. Lindahl
Tackling Exascale Software Challenges in Molecular Dynamics Simulations with
GROMACS
In S. Markidis & E. Laure (Eds.), Solving Software Challenges for Exascale (2015)
https://doi.org/10.1007/978-3-319-15976-8_1
-------- -------- --- Thank You --- -------- --------


++++ PLEASE READ AND CITE THE FOLLOWING REFERENCE ++++
S. Pronk, S. Páll, R. Schulz, P. Larsson, P. Bjelkmar, R. Apostolov, M. R.
Shirts, J. C. Smith, P. M. Kasson, D. van der Spoel, B. Hess, E. Lindahl
GROMACS 4.5: a high-throughput and highly parallel open source molecular
simulation toolkit
Bioinformatics (2013)
https://doi.org/10.1093/bioinformatics/btt055
-------- -------- --- Thank You --- -------- --------


++++ PLEASE READ AND CITE THE FOLLOWING REFERENCE ++++
B. Hess, C. Kutzner, D. van der Spoel, E. Lindahl
GROMACS 4: Algorithms for highly efficient, load-balanced, and scalable
molecular simulation
J. Chem. Theory Comput. (2008)
https://doi.org/10.1021/ct700301q
-------- -------- --- Thank You --- -------- --------


++++ PLEASE READ AND CITE THE FOLLOWING REFERENCE ++++
D. van der Spoel, E. Lindahl, B. Hess, G. Groenhof, A. E. Mark, H. J. C.
Berendsen
GROMACS: Fast, Flexible and Free
J. Comp. Chem. (2005)
https://doi.org/10.1002/jcc.20291
-------- -------- --- Thank You --- -------- --------


++++ PLEASE READ AND CITE THE FOLLOWING REFERENCE ++++
E. Lindahl, B. Hess, D. van der Spoel
GROMACS 3.0: A package for molecular simulation and trajectory analysis
J. Mol. Mod. (2001)
https://doi.org/10.1007/s008940100045
-------- -------- --- Thank You --- -------- --------


++++ PLEASE READ AND CITE THE FOLLOWING REFERENCE ++++
H. J. C. Berendsen, D. van der Spoel and R. van Drunen
GROMACS: A message-passing parallel molecular dynamics implementation
Comp. Phys. Comm. (1995)
https://doi.org/10.1016/0010-4655(95)00042-E
-------- -------- --- Thank You --- -------- --------

Input Parameters:
   integrator                     = md
   tinit                          = 0
   dt                             = 0.002
   nsteps                         = 1000000
   init-step                      = 0
   simulation-part                = 1
   mts                            = false
   mass-repartition-factor        = 1
   comm-mode                      = Linear
   nstcomm                        = 100
   bd-fric                        = 0
   ld-seed                        = -1611769490
   emtol                          = 10
   emstep                         = 0.01
   niter                          = 20
   fcstep                         = 0
   nstcgsteep                     = 1000
   nbfgscorr                      = 10
   rtpi                           = 0.05
   nstxout                        = 0
   nstvout                        = 0
   nstfout                        = 0
   nstlog                         = 500
   nstcalcenergy                  = 100
   nstenergy                      = 500
   nstxout-compressed             = 1000
   compressed-x-precision         = 1000
   cutoff-scheme                  = Verlet
   nstlist                        = 10
   pbc                            = xyz
   periodic-molecules             = false
   verlet-buffer-tolerance        = 0.005
   verlet-buffer-pressure-tolerance = 0.5
   rlist                          = 1.2
   coulombtype                    = Cut-off
   coulomb-modifier               = Potential-shift
   rcoulomb-switch                = 0
   rcoulomb                       = 1.2
   epsilon-r                      = 1
   epsilon-rf                     = inf
   vdw-type                       = Cut-off
   vdw-modifier                   = Potential-shift
   rvdw-switch                    = 0
   rvdw                           = 1.2
   DispCorr                       = EnerPres
   table-extension                = 1
   fourierspacing                 = 0.12
   fourier-nx                     = 0
   fourier-ny                     = 0
   fourier-nz                     = 0
   pme-order                      = 4
   ewald-rtol                     = 1e-05
   ewald-rtol-lj                  = 0.001
   lj-pme-comb-rule               = Geometric
   ewald-geometry                 = 3d
   epsilon-surface                = 0
   ensemble-temperature-setting   = constant
   ensemble-temperature           = 130
   tcoupl                         = V-rescale
   nsttcouple                     = 20
   nh-chain-length                = 0
   print-nose-hoover-chain-variables = false
   pcoupl                         = No
   refcoord-scaling               = No
   posres-com: not available
   posres-comB: not available
   QMMM                           = false
qm-opts:
   ngQM                           = 0
   constraint-algorithm           = Lincs
   continuation                   = true
   Shake-SOR                      = false
   shake-tol                      = 0.0001
   lincs-order                    = 4
   lincs-iter                     = 1
   lincs-warnangle                = 30
   nwall                          = 0
   wall-type                      = 9-3
   wall-r-linpot                  = -1
   wall-atomtype[0]               = -1
   wall-atomtype[1]               = -1
   wall-density[0]                = 0
   wall-density[1]                = 0
   wall-ewald-zfac                = 3
   pull                           = false
   awh                            = false
   rotation                       = false
   interactiveMD                  = false
   disre                          = No
   disre-weighting                = Conservative
   disre-mixed                    = false
   dr-fc                          = 1000
   dr-tau                         = 0
   nstdisreout                    = 100
   orire-fc                       = 0
   orire-tau                      = 0
   nstorireout                    = 100
   free-energy                    = no
   cos-acceleration               = 0
   deform (3x3):
      deform[    0]={ 0.00000e+00,  0.00000e+00,  0.00000e+00}
      deform[    1]={ 0.00000e+00,  0.00000e+00,  0.00000e+00}
      deform[    2]={ 0.00000e+00,  0.00000e+00,  0.00000e+00}
   simulated-tempering            = false
   swapcoords                     = no
   userint1                       = 0
   userint2                       = 0
   userint3                       = 0
   userint4                       = 0
   userreal1                      = 0
   userreal2                      = 0
   userreal3                      = 0
   userreal4                      = 0
   applied-forces:
     electric-field:
       x:
         E0                       = 0
         omega                    = 0
         t0                       = 0
         sigma                    = 0
       y:
         E0                       = 0
         omega                    = 0
         t0                       = 0
         sigma                    = 0
       z:
         E0                       = 0
         omega                    = 0
         t0                       = 0
         sigma                    = 0
     density-guided-simulation:
       active                     = false
       group                      = protein
       similarity-measure         = inner-product
       atom-spreading-weight      = unity
       force-constant             = 1e+09
       gaussian-transform-spreading-width = 0.2
       gaussian-transform-spreading-range-in-multiples-of-width = 4
       reference-density-filename = reference.mrc
       nst                        = 1
       normalize-densities        = true
       adaptive-force-scaling     = false
       adaptive-force-scaling-time-constant = 4
       shift-vector               = 
       transformation-matrix      = 
     qmmm-cp2k:
       active                     = false
       qmgroup                    = System
       qmmethod                   = PBE
       qmfilenames                = 
       qmcharge                   = 0
       qmmultiplicity             = 1
     colvars:
       active                     = false
       configfile                 = 
       seed                       = -1
     nnpot:
       active                     = false
       modelfile                  = model.pt
       input-group                = System
       link-type                  = H
       link-distance              = 0.1
       pair-cutoff                = 0
       embedding                  = mechanical
       nnp-charge                 = 0
       model-input1               = 
       model-input2               = 
       model-input3               = 
       model-input4               = 
       model-input5               = 
       model-input6               = 
       model-input7               = 
       model-input8               = 
       model-input9               = 
   fast-multipole-method:
     fmm:
       backend                    = inactive
       exafmm-order               = 6
       exafmm-direct-range        = 2
       exafmm-direct-provider     = GROMACS
       exafmm-tree-type           = uniform
       exafmm-tree-depth          = 0
       exafmm-max-particles-per-cell = 0
       fmsolvr-order              = 8
       fmsolvr-direct-range       = 1
       fmsolvr-direct-provider    = FMM
       fmsolvr-dipole-compensation = true
       fmsolvr-tree-depth         = 3
       fmsolvr-sparse             = false
grpopts:
   nrdf:        1497
   ref-t:         130
   tau-t:         0.2
annealing:          No
annealing-npoints:           0
   acc:	           0           0           0
   nfreeze:           N           N           N
   energygrp-flags[  0]: 0

Changing nstlist from 10 to 100, rlist from 1.2 to 1.244


When checking whether update groups are usable:
  Domain decomposition is not active, so there is no need for update groups
  No constraints or virtual sites are in use, so it is best not to use update groups

Local state does not use filler particles

Using 1 MPI thread
Using 4 OpenMP threads 

System total charge: 0.000
Potential shift: LJ r^-12: -1.122e-01 r^-6: -3.349e-01, Coulomb -8e-01
Long Range LJ corr.: <C6> 1.3255e-02


Using SIMD4xM 4x4 nonbonded short-range kernels

Using a dual 4x4 pair-list setup updated with dynamic pruning:
  outer list: updated every 100 steps, buffer 0.044 nm, rlist 1.244 nm
  inner list: updated every  34 steps, buffer 0.000 nm, rlist 1.200 nm
At tolerance 0.005 kJ/mol/ps per atom, equivalent classical 1x1 list would be:
  outer list: updated every 100 steps, buffer 0.085 nm, rlist 1.285 nm
  inner list: updated every  34 steps, buffer 0.051 nm, rlist 1.251 nm

The average pressure is off by at most 0.49 bar due to missing LJ interactions

Using Geometric Lennard-Jones combination rule

++++ PLEASE READ AND CITE THE FOLLOWING REFERENCE ++++
G. Bussi, D. Donadio, M. Parrinello
Canonical sampling through velocity rescaling
J. Chem. Phys. (2007)
https://doi.org/10.1063/1.2408420
-------- -------- --- Thank You --- -------- --------

There are: 500 Atoms
Center of mass motion removal mode is Linear
We have the following groups for center of mass motion removal:
  0:  rest

Started mdrun on rank 0 Tue Aug 25 17:22:35 2026

           Step           Time
              0        0.00000

   Energies (kJ/mol)
        LJ (SR)  Disper. corr.   Coulomb (SR)      Potential    Kinetic En.
   -2.17844e+03   -3.86262e+01    0.00000e+00   -2.21707e+03    7.97740e+02
   Total Energy  Conserved En.    Temperature Pres. DC (bar) Pressure (bar)
   -1.41933e+03   -1.41933e+03    1.28184e+02   -3.26391e+00    5.56553e+00

           Step           Time
            500        1.00000

   Energies (kJ/mol)
        LJ (SR)  Disper. corr.   Coulomb (SR)      Potential    Kinetic En.
   -2.13689e+03   -3.86262e+01    0.00000e+00   -2.17552e+03    8.33234e+02
   Total Energy  Conserved En.    Temperature Pres. DC (bar) Pressure (bar)
   -1.34229e+03   -1.41971e+03    1.33888e+02   -3.26391e+00    1.34294e+01

           Step           Time
           1000        2.00000

   Energies (kJ/mol)
        LJ (SR)  Disper. corr.   Coulomb (SR)      Potential    Kinetic En.
   -2.11198e+03   -3.86262e+01    0.00000e+00   -2.15061e+03    8.24695e+02
   Total Energy  Conserved En.    Temperature Pres. DC (bar) Pressure (bar)
   -1.32592e+03   -1.42007e+03    1.32516e+02   -3.26391e+00    1.44501e+01

           Step           Time
           1500        3.00000

   Energies (kJ/mol)
        LJ (SR)  Disper. corr.   Coulomb (SR)      Potential    Kinetic En.
   -2.07167e+03   -3.86262e+01    0.00000e+00   -2.11030e+03    7.90857e+02
   Total Energy  Conserved En.    Temperature Pres. DC (bar) Pressure (bar)
   -1.31944e+03   -1.42045e+03    1.27078e+02   -3.26391e+00   -4.34956e+00

           Step           Time
           2000        4.00000

   Energies (kJ/mol)
        LJ (SR)  Disper. corr.   Coulomb (SR)      Potential    Kinetic En.
   -2.06640e+03   -3.86262e+01    0.00000e+00   -2.10503e+03    8.27115e+02
   Total Energy  Conserved En.    Temperature Pres. DC (bar) Pressure (bar)
   -1.27792e+03   -1.42085e+03    1.32905e+02   -3.26391e+00   -1.20909e+01

           Step           Time
           2500        5.00000

   Energies (kJ/mol)
        LJ (SR)  Disper. corr.   Coulomb (SR)      Potential    Kinetic En.
   -2.08419e+03   -3.86262e+01    0.00000e+00   -2.12282e+03    8.02363e+02
   Total Energy  Conserved En.    Temperature Pres. DC (bar) Pressure (bar)
   -1.32045e+03   -1.42119e+03    1.28927e+02   -3.26391e+00   -6.08698e+00

           Step           Time
           3000        6.00000

   Energies (kJ/mol)
        LJ (SR)  Disper. corr.   Coulomb (SR)      Potential    Kinetic En.
   -2.17272e+03   -3.86262e+01    0.00000e+00   -2.21135e+03    8.16951e+02
   Total Energy  Conserved En.    Temperature Pres. DC (bar) Pressure (bar)
   -1.39440e+03   -1.42158e+03    1.31271e+02   -3.26391e+00   -2.03256e+01

           Step           Time
           3500        7.00000

   Energies (kJ/mol)
        LJ (SR)  Disper. corr.   Coulomb (SR)      Potential    Kinetic En.
   -2.18409e+03   -3.86262e+01    0.00000e+00   -2.22272e+03    8.27589e+02
   Total Energy  Conserved En.    Temperature Pres. DC (bar) Pressure (bar)
   -1.39513e+03   -1.42198e+03    1.32981e+02   -3.26391e+00    1.03403e+01

           Step           Time
           4000        8.00000

   Energies (kJ/mol)
        LJ (SR)  Disper. corr.   Coulomb (SR)      Potential    Kinetic En.
   -2.15572e+03   -3.86262e+01    0.00000e+00   -2.19435e+03    8.02069e+02
   Total Energy  Conserved En.    Temperature Pres. DC (bar) Pressure (bar)
   -1.39228e+03   -1.42232e+03    1.28880e+02   -3.26391e+00   -7.76004e+00

           Step           Time
           4500        9.00000

   Energies (kJ/mol)
        LJ (SR)  Disper. corr.   Coulomb (SR)      Potential    Kinetic En.
   -2.07620e+03   -3.86262e+01    0.00000e+00   -2.11482e+03    7.76367e+02
   Total Energy  Conserved En.    Temperature Pres. DC (bar) Pressure (bar)
   -1.33846e+03   -1.42259e+03    1.24750e+02   -3.26391e+00   -2.71839e+00

           Step           Time
           5000       10.00000

   Energies (kJ/mol)
        LJ (SR)  Disper. corr.   Coulomb (SR)      Potential    Kinetic En.
   -2.04903e+03   -3.86262e+01    0.00000e+00   -2.08766e+03    7.70807e+02
   Total Energy  Conserved En.    Temperature Pres. DC (bar) Pressure (bar)
   -1.31685e+03   -1.42291e+03    1.23857e+02   -3.26391e+00   -1.29103e+01

           Step           Time
           5500       11.00000

   Energies (kJ/mol)
        LJ (SR)  Disper. corr.   Coulomb (SR)      Potential    Kinetic En.
   -2.04885e+03   -3.86262e+01    0.00000e+00   -2.08747e+03    8.35303e+02
   Total Energy  Conserved En.    Temperature Pres. DC (bar) Pressure (bar)
   -1.25217e+03   -1.42329e+03    1.34220e+02   -3.26391e+00   -1.44849e+00

           Step           Time
           6000       12.00000

   Energies (kJ/mol)
        LJ (SR)  Disper. corr.   Coulomb (SR)      Potential    Kinetic En.
   -2.04821e+03   -3.86262e+01    0.00000e+00   -2.08684e+03    8.22379e+02
   Total Energy  Conserved En.    Temperature Pres. DC (bar) Pressure (bar)
   -1.26446e+03   -1.42370e+03    1.32144e+02   -3.26391e+00   -6.95230e+00

           Step           Time
           6500       13.00000

   Energies (kJ/mol)
        LJ (SR)  Disper. corr.   Coulomb (SR)      Potential    Kinetic En.
   -2.07981e+03   -3.86262e+01    0.00000e+00   -2.11844e+03    7.88104e+02
   Total Energy  Conserved En.    Temperature Pres. DC (bar) Pressure (bar)
   -1.33034e+03   -1.42408e+03    1.26636e+02   -3.26391e+00   -8.03400e+00

           Step           Time
           7000       14.00000

   Energies (kJ/mol)
        LJ (SR)  Disper. corr.   Coulomb (SR)      Potential    Kinetic En.
   -2.01125e+03   -3.86262e+01    0.00000e+00   -2.04988e+03    7.98949e+02
   Total Energy  Conserved En.    Temperature Pres. DC (bar) Pressure (bar)
   -1.25093e+03   -1.42444e+03    1.28379e+02   -3.26391e+00    2.01875e+00

           Step           Time
           7500       15.00000

   Energies (kJ/mol)
        LJ (SR)  Disper. corr.   Coulomb (SR)      Potential    Kinetic En.
   -2.05191e+03   -3.86262e+01    0.00000e+00   -2.09053e+03    8.29171e+02
   Total Energy  Conserved En.    Temperature Pres. DC (bar) Pressure (bar)
   -1.26136e+03   -1.42478e+03    1.33235e+02   -3.26391e+00    4.31936e+00

           Step           Time
           8000       16.00000

   Energies (kJ/mol)
        LJ (SR)  Disper. corr.   Coulomb (SR)      Potential    Kinetic En.
   -2.02855e+03   -3.86262e+01    0.00000e+00   -2.06718e+03    8.49136e+02
   Total Energy  Conserved En.    Temperature Pres. DC (bar) Pressure (bar)
   -1.21804e+03   -1.42516e+03    1.36443e+02   -3.26391e+00   -1.42699e+01

           Step           Time
           8500       17.00000

   Energies (kJ/mol)
        LJ (SR)  Disper. corr.   Coulomb (SR)      Potential    Kinetic En.
   -2.01232e+03   -3.86262e+01    0.00000e+00   -2.05094e+03    7.97284e+02
   Total Energy  Conserved En.    Temperature Pres. DC (bar) Pressure (bar)
   -1.25366e+03   -1.42553e+03    1.28111e+02   -3.26391e+00   -5.10146e+00

           Step           Time
           9000       18.00000

   Energies (kJ/mol)
        LJ (SR)  Disper. corr.   Coulomb (SR)      Potential    Kinetic En.
   -2.02386e+03   -3.86262e+01    0.00000e+00   -2.06249e+03    8.57909e+02
   Total Energy  Conserved En.    Temperature Pres. DC (bar) Pressure (bar)
   -1.20458e+03   -1.42589e+03    1.37853e+02   -3.26391e+00   -1.62640e+01

           Step           Time
           9500       19.00000

   Energies (kJ/mol)
        LJ (SR)  Disper. corr.   Coulomb (SR)      Potential    Kinetic En.
   -2.01215e+03   -3.86262e+01    0.00000e+00   -2.05077e+03    8.29770e+02
   Total Energy  Conserved En.    Temperature Pres. DC (bar) Pressure (bar)
   -1.22100e+03   -1.42626e+03    1.33331e+02   -3.26391e+00   -6.22897e+00

           Step           Time
          10000       20.00000

   Energies (kJ/mol)
        LJ (SR)  Disper. corr.   Coulomb (SR)      Potential    Kinetic En.
   -1.98282e+03   -3.86262e+01    0.00000e+00   -2.02145e+03    7.88017e+02
   Total Energy  Conserved En.    Temperature Pres. DC (bar) Pressure (bar)
   -1.23343e+03   -1.42661e+03    1.26622e+02   -3.26391e+00    4.47903e+00

           Step           Time
          10500       21.00000

   Energies (kJ/mol)
        LJ (SR)  Disper. corr.   Coulomb (SR)      Potential    Kinetic En.
   -2.07182e+03   -3.86262e+01    0.00000e+00   -2.11045e+03    8.00470e+02
   Total Energy  Conserved En.    Temperature Pres. DC (bar) Pressure (bar)
   -1.30998e+03   -1.42702e+03    1.28623e+02   -3.26391e+00   -9.21935e+00

           Step           Time
          11000       22.00000

   Energies (kJ/mol)
        LJ (SR)  Disper. corr.   Coulomb (SR)      Potential    Kinetic En.
   -2.07586e+03   -3.86262e+01    0.00000e+00   -2.11449e+03    8.11941e+02
   Total Energy  Conserved En.    Temperature Pres. DC (bar) Pressure (bar)
   -1.30255e+03   -1.42736e+03    1.30466e+02   -3.26391e+00   -3.76516e+00

           Step           Time
          11500       23.00000

   Energies (kJ/mol)
        LJ (SR)  Disper. corr.   Coulomb (SR)      Potential    Kinetic En.
   -2.05552e+03   -3.86262e+01    0.00000e+00   -2.09414e+03    8.58609e+02
   Total Energy  Conserved En.    Temperature Pres. DC (bar) Pressure (bar)
   -1.23553e+03   -1.42774e+03    1.37965e+02   -3.26391e+00    3.44583e+00

           Step           Time
          12000       24.00000

   Energies (kJ/mol)
        LJ (SR)  Disper. corr.   Coulomb (SR)      Potential    Kinetic En.
   -2.02094e+03   -3.86262e+01    0.00000e+00   -2.05956e+03    7.98376e+02
   Total Energy  Conserved En.    Temperature Pres. DC (bar) Pressure (bar)
   -1.26119e+03   -1.42807e+03    1.28287e+02   -3.26391e+00   -8.49921e+00

           Step           Time
          12500       25.00000

   Energies (kJ/mol)
        LJ (SR)  Disper. corr.   Coulomb (SR)      Potential    Kinetic En.
   -2.06237e+03   -3.86262e+01    0.00000e+00   -2.10100e+03    8.23010e+02
   Total Energy  Conserved En.    Temperature Pres. DC (bar) Pressure (bar)
   -1.27799e+03   -1.42847e+03    1.32245e+02   -3.26391e+00   -8.41814e+00

           Step           Time
          13000       26.00000

   Energies (kJ/mol)
        LJ (SR)  Disper. corr.   Coulomb (SR)      Potential    Kinetic En.
   -2.07701e+03   -3.86262e+01    0.00000e+00   -2.11564e+03    7.89489e+02
   Total Energy  Conserved En.    Temperature Pres. DC (bar) Pressure (bar)
   -1.32615e+03   -1.42884e+03    1.26859e+02   -3.26391e+00    7.11760e-01

           Step           Time
          13500       27.00000

   Energies (kJ/mol)
        LJ (SR)  Disper. corr.   Coulomb (SR)      Potential    Kinetic En.
   -2.03517e+03   -3.86262e+01    0.00000e+00   -2.07380e+03    7.81629e+02
   Total Energy  Conserved En.    Temperature Pres. DC (bar) Pressure (bar)
   -1.29217e+03   -1.42917e+03    1.25596e+02   -3.26391e+00   -3.43196e+00

           Step           Time
          14000       28.00000

   Energies (kJ/mol)
        LJ (SR)  Disper. corr.   Coulomb (SR)      Potential    Kinetic En.
   -2.02544e+03   -3.86262e+01    0.00000e+00   -2.06407e+03    8.02360e+02
   Total Energy  Conserved En.    Temperature Pres. DC (bar) Pressure (bar)
   -1.26171e+03   -1.42952e+03    1.28927e+02   -3.26391e+00   -2.16752e+01

           Step           Time
          14500       29.00000

   Energies (kJ/mol)
        LJ (SR)  Disper. corr.   Coulomb (SR)      Potential    Kinetic En.
   -1.97688e+03   -3.86262e+01    0.00000e+00   -2.01550e+03    7.88727e+02
   Total Energy  Conserved En.    Temperature Pres. DC (bar) Pressure (bar)
   -1.22678e+03   -1.42988e+03    1.26736e+02   -3.26391e+00    3.59344e+00

           Step           Time
          15000       30.00000

   Energies (kJ/mol)
        LJ (SR)  Disper. corr.   Coulomb (SR)      Potential    Kinetic En.
   -1.96944e+03   -3.86262e+01    0.00000e+00   -2.00807e+03    8.82538e+02
   Total Energy  Conserved En.    Temperature Pres. DC (bar) Pressure (bar)
   -1.12553e+03   -1.43026e+03    1.41810e+02   -3.26391e+00    2.01485e+01

           Step           Time
          15500       31.00000

   Energies (kJ/mol)
        LJ (SR)  Disper. corr.   Coulomb (SR)      Potential    Kinetic En.
   -2.01600e+03   -3.86262e+01    0.00000e+00   -2.05463e+03    8.51808e+02
   Total Energy  Conserved En.    Temperature Pres. DC (bar) Pressure (bar)
   -1.20282e+03   -1.43072e+03    1.36872e+02   -3.26391e+00    1.14441e-01

           Step           Time
          16000       32.00000

   Energies (kJ/mol)
        LJ (SR)  Disper. corr.   Coulomb (SR)      Potential    Kinetic En.
   -2.02730e+03   -3.86262e+01    0.00000e+00   -2.06593e+03    8.09264e+02
   Total Energy  Conserved En.    Temperature Pres. DC (bar) Pressure (bar)
   -1.25667e+03   -1.43110e+03    1.30036e+02   -3.26391e+00   -9.71447e+00

           Step           Time
          16500       33.00000

   Energies (kJ/mol)
        LJ (SR)  Disper. corr.   Coulomb (SR)      Potential    Kinetic En.
   -2.09870e+03   -3.86262e+01    0.00000e+00   -2.13733e+03    8.65358e+02
   Total Energy  Conserved En.    Temperature Pres. DC (bar) Pressure (bar)
   -1.27197e+03   -1.43147e+03    1.39050e+02   -3.26391e+00    2.55052e+00

           Step           Time
          17000       34.00000

   Energies (kJ/mol)
        LJ (SR)  Disper. corr.   Coulomb (SR)      Potential    Kinetic En.
   -2.06113e+03   -3.86262e+01    0.00000e+00   -2.09976e+03    7.25756e+02
   Total Energy  Conserved En.    Temperature Pres. DC (bar) Pressure (bar)
   -1.37400e+03   -1.43182e+03    1.16618e+02   -3.26391e+00    3.66540e+00

           Step           Time
          17500       35.00000

   Energies (kJ/mol)
        LJ (SR)  Disper. corr.   Coulomb (SR)      Potential    Kinetic En.
   -2.05509e+03   -3.86262e+01    0.00000e+00   -2.09371e+03    8.38864e+02
   Total Energy  Conserved En.    Temperature Pres. DC (bar) Pressure (bar)
   -1.25485e+03   -1.43222e+03    1.34792e+02   -3.26391e+00   -1.29105e+01

           Step           Time
          18000       36.00000

   Energies (kJ/mol)
        LJ (SR)  Disper. corr.   Coulomb (SR)      Potential    Kinetic En.
   -2.02866e+03   -3.86262e+01    0.00000e+00   -2.06729e+03    8.34281e+02
   Total Energy  Conserved En.    Temperature Pres. DC (bar) Pressure (bar)
   -1.23301e+03   -1.43254e+03    1.34056e+02   -3.26391e+00   -4.34876e+00

           Step           Time
          18500       37.00000

   Energies (kJ/mol)
        LJ (SR)  Disper. corr.   Coulomb (SR)      Potential    Kinetic En.
   -2.08249e+03   -3.86262e+01    0.00000e+00   -2.12112e+03    8.14974e+02
   Total Energy  Conserved En.    Temperature Pres. DC (bar) Pressure (bar)
   -1.30615e+03   -1.43287e+03    1.30954e+02   -3.26391e+00    1.32465e+01

           Step           Time
          19000       38.00000

   Energies (kJ/mol)
        LJ (SR)  Disper. corr.   Coulomb (SR)      Potential    Kinetic En.
   -2.08158e+03   -3.86262e+01    0.00000e+00   -2.12020e+03    8.23225e+02
   Total Energy  Conserved En.    Temperature Pres. DC (bar) Pressure (bar)
   -1.29698e+03   -1.43328e+03    1.32279e+02   -3.26391e+00    4.76028e+00

           Step           Time
          19500       39.00000

   Energies (kJ/mol)
        LJ (SR)  Disper. corr.   Coulomb (SR)      Potential    Kinetic En.
   -2.12660e+03   -3.86262e+01    0.00000e+00   -2.16523e+03    8.06146e+02
   Total Energy  Conserved En.    Temperature Pres. DC (bar) Pressure (bar)
   -1.35908e+03   -1.43372e+03    1.29535e+02   -3.26391e+00   -1.40395e+01

           Step           Time
          20000       40.00000

   Energies (kJ/mol)
        LJ (SR)  Disper. corr.   Coulomb (SR)      Potential    Kinetic En.
   -2.07053e+03   -3.86262e+01    0.00000e+00   -2.10916e+03    8.13992e+02
   Total Energy  Conserved En.    Temperature Pres. DC (bar) Pressure (bar)
   -1.29517e+03   -1.43400e+03    1.30796e+02   -3.26391e+00    1.18002e+00

           Step           Time
          20500       41.00000

   Energies (kJ/mol)
        LJ (SR)  Disper. corr.   Coulomb (SR)      Potential    Kinetic En.
   -2.02194e+03   -3.86262e+01    0.00000e+00   -2.06056e+03    8.12921e+02
   Total Energy  Conserved En.    Temperature Pres. DC (bar) Pressure (bar)
   -1.24764e+03   -1.43440e+03    1.30624e+02   -3.26391e+00    4.72644e+00

           Step           Time
          21000       42.00000

   Energies (kJ/mol)
        LJ (SR)  Disper. corr.   Coulomb (SR)      Potential    Kinetic En.
   -2.01350e+03   -3.86262e+01    0.00000e+00   -2.05213e+03    7.83699e+02
   Total Energy  Conserved En.    Temperature Pres. DC (bar) Pressure (bar)
   -1.26843e+03   -1.43468e+03    1.25928e+02   -3.26391e+00   -1.30523e+01

           Step           Time
          21500       43.00000

   Energies (kJ/mol)
        LJ (SR)  Disper. corr.   Coulomb (SR)      Potential    Kinetic En.
   -2.05949e+03   -3.86262e+01    0.00000e+00   -2.09811e+03    7.54515e+02
   Total Energy  Conserved En.    Temperature Pres. DC (bar) Pressure (bar)
   -1.34360e+03   -1.43503e+03    1.21239e+02   -3.26391e+00   -1.66103e+01

           Step           Time
          22000       44.00000

   Energies (kJ/mol)
        LJ (SR)  Disper. corr.   Coulomb (SR)      Potential    Kinetic En.
   -2.02194e+03   -3.86262e+01    0.00000e+00   -2.06057e+03    8.03609e+02
   Total Energy  Conserved En.    Temperature Pres. DC (bar) Pressure (bar)
   -1.25696e+03   -1.43538e+03    1.29128e+02   -3.26391e+00   -7.80828e-01

           Step           Time
          22500       45.00000

   Energies (kJ/mol)
        LJ (SR)  Disper. corr.   Coulomb (SR)      Potential    Kinetic En.
   -2.02472e+03   -3.86262e+01    0.00000e+00   -2.06334e+03    8.06122e+02
   Total Energy  Conserved En.    Temperature Pres. DC (bar) Pressure (bar)
   -1.25722e+03   -1.43572e+03    1.29531e+02   -3.26391e+00    3.71621e+00

           Step           Time
          23000       46.00000

   Energies (kJ/mol)
        LJ (SR)  Disper. corr.   Coulomb (SR)      Potential    Kinetic En.
   -2.10332e+03   -3.86262e+01    0.00000e+00   -2.14195e+03    8.08642e+02
   Total Energy  Conserved En.    Temperature Pres. DC (bar) Pressure (bar)
   -1.33331e+03   -1.43617e+03    1.29936e+02   -3.26391e+00   -1.58931e+01

           Step           Time
          23500       47.00000

   Energies (kJ/mol)
        LJ (SR)  Disper. corr.   Coulomb (SR)      Potential    Kinetic En.
   -2.14219e+03   -3.86262e+01    0.00000e+00   -2.18082e+03    7.93690e+02
   Total Energy  Conserved En.    Temperature Pres. DC (bar) Pressure (bar)
   -1.38713e+03   -1.43656e+03    1.27534e+02   -3.26391e+00   -2.51249e+00

           Step           Time
          24000       48.00000

   Energies (kJ/mol)
        LJ (SR)  Disper. corr.   Coulomb (SR)      Potential    Kinetic En.
   -2.09800e+03   -3.86262e+01    0.00000e+00   -2.13663e+03    7.72558e+02
   Total Energy  Conserved En.    Temperature Pres. DC (bar) Pressure (bar)
   -1.36407e+03   -1.43688e+03    1.24138e+02   -3.26391e+00    1.17934e+01

           Step           Time
          24500       49.00000

   Energies (kJ/mol)
        LJ (SR)  Disper. corr.   Coulomb (SR)      Potential    Kinetic En.
   -2.09671e+03   -3.86262e+01    0.00000e+00   -2.13533e+03    7.94078e+02
   Total Energy  Conserved En.    Temperature Pres. DC (bar) Pressure (bar)
   -1.34126e+03   -1.43726e+03    1.27596e+02   -3.26391e+00   -8.61146e+00

           Step           Time
          25000       50.00000

   Energies (kJ/mol)
        LJ (SR)  Disper. corr.   Coulomb (SR)      Potential    Kinetic En.
   -2.07805e+03   -3.86262e+01    0.00000e+00   -2.11667e+03    7.79456e+02
   Total Energy  Conserved En.    Temperature Pres. DC (bar) Pressure (bar)
   -1.33722e+03   -1.43763e+03    1.25247e+02   -3.26391e+00   -2.52642e+00

           Step           Time
          25500       51.00000

   Energies (kJ/mol)
        LJ (SR)  Disper. corr.   Coulomb (SR)      Potential    Kinetic En.
   -2.07747e+03   -3.86262e+01    0.00000e+00   -2.11609e+03    7.59259e+02
   Total Energy  Conserved En.    Temperature Pres. DC (bar) Pressure (bar)
   -1.35684e+03   -1.43799e+03    1.22001e+02   -3.26391e+00   -3.30421e+00

           Step           Time
          26000       52.00000

   Energies (kJ/mol)
        LJ (SR)  Disper. corr.   Coulomb (SR)      Potential    Kinetic En.
   -2.08469e+03   -3.86262e+01    0.00000e+00   -2.12332e+03    8.21280e+02
   Total Energy  Conserved En.    Temperature Pres. DC (bar) Pressure (bar)
   -1.30204e+03   -1.43839e+03    1.31967e+02   -3.26391e+00   -2.47304e+01

           Step           Time
          26500       53.00000

   Energies (kJ/mol)
        LJ (SR)  Disper. corr.   Coulomb (SR)      Potential    Kinetic En.
   -2.09257e+03   -3.86262e+01    0.00000e+00   -2.13119e+03    7.95809e+02
   Total Energy  Conserved En.    Temperature Pres. DC (bar) Pressure (bar)
   -1.33538e+03   -1.43873e+03    1.27874e+02   -3.26391e+00   -6.13357e+00

           Step           Time
          27000       54.00000

   Energies (kJ/mol)
        LJ (SR)  Disper. corr.   Coulomb (SR)      Potential    Kinetic En.
   -2.13433e+03   -3.86262e+01    0.00000e+00   -2.17296e+03    8.08573e+02
   Total Energy  Conserved En.    Temperature Pres. DC (bar) Pressure (bar)
   -1.36438e+03   -1.43908e+03    1.29925e+02   -3.26391e+00   -5.22264e+00

           Step           Time
          27500       55.00000

   Energies (kJ/mol)
        LJ (SR)  Disper. corr.   Coulomb (SR)      Potential    Kinetic En.
   -2.13861e+03   -3.86262e+01    0.00000e+00   -2.17724e+03    7.93765e+02
   Total Energy  Conserved En.    Temperature Pres. DC (bar) Pressure (bar)
   -1.38347e+03   -1.43941e+03    1.27546e+02   -3.26391e+00    4.69012e+00

           Step           Time
          28000       56.00000

   Energies (kJ/mol)
        LJ (SR)  Disper. corr.   Coulomb (SR)      Potential    Kinetic En.
   -2.13133e+03   -3.86262e+01    0.00000e+00   -2.16996e+03    7.94783e+02
   Total Energy  Conserved En.    Temperature Pres. DC (bar) Pressure (bar)
   -1.37517e+03   -1.43975e+03    1.27709e+02   -3.26391e+00    5.89331e-01

           Step           Time
          28500       57.00000

   Energies (kJ/mol)
        LJ (SR)  Disper. corr.   Coulomb (SR)      Potential    Kinetic En.
   -2.16484e+03   -3.86262e+01    0.00000e+00   -2.20347e+03    7.83242e+02
   Total Energy  Conserved En.    Temperature Pres. DC (bar) Pressure (bar)
   -1.42023e+03   -1.44016e+03    1.25855e+02   -3.26391e+00   -1.54621e+01

           Step           Time
          29000       58.00000

   Energies (kJ/mol)
        LJ (SR)  Disper. corr.   Coulomb (SR)      Potential    Kinetic En.
   -2.09303e+03   -3.86262e+01    0.00000e+00   -2.13166e+03    8.13124e+02
   Total Energy  Conserved En.    Temperature Pres. DC (bar) Pressure (bar)
   -1.31853e+03   -1.44048e+03    1.30656e+02   -3.26391e+00    4.19937e+00

           Step           Time
          29500       59.00000

   Energies (kJ/mol)
        LJ (SR)  Disper. corr.   Coulomb (SR)      Potential    Kinetic En.
   -2.08580e+03   -3.86262e+01    0.00000e+00   -2.12443e+03    8.39865e+02
   Total Energy  Conserved En.    Temperature Pres. DC (bar) Pressure (bar)
   -1.28456e+03   -1.44086e+03    1.34953e+02   -3.26391e+00   -1.68402e+00

           Step           Time
          30000       60.00000

   Energies (kJ/mol)
        LJ (SR)  Disper. corr.   Coulomb (SR)      Potential    Kinetic En.
   -2.02079e+03   -3.86262e+01    0.00000e+00   -2.05941e+03    8.14026e+02
   Total Energy  Conserved En.    Temperature Pres. DC (bar) Pressure (bar)
   -1.24539e+03   -1.44130e+03    1.30801e+02   -3.26391e+00    2.89006e+00

           Step           Time
          30500       61.00000

   Energies (kJ/mol)
        LJ (SR)  Disper. corr.   Coulomb (SR)      Potential    Kinetic En.
   -2.03617e+03   -3.86262e+01    0.00000e+00   -2.07479e+03    8.18498e+02
   Total Energy  Conserved En.    Temperature Pres. DC (bar) Pressure (bar)
   -1.25629e+03   -1.44162e+03    1.31520e+02   -3.26391e+00   -2.60652e+01

           Step           Time
          31000       62.00000

   Energies (kJ/mol)
        LJ (SR)  Disper. corr.   Coulomb (SR)      Potential    Kinetic En.
   -1.99883e+03   -3.86262e+01    0.00000e+00   -2.03745e+03    8.26576e+02
   Total Energy  Conserved En.    Temperature Pres. DC (bar) Pressure (bar)
   -1.21088e+03   -1.44195e+03    1.32818e+02   -3.26391e+00    2.97571e+00

           Step           Time
          31500       63.00000

   Energies (kJ/mol)
        LJ (SR)  Disper. corr.   Coulomb (SR)      Potential    Kinetic En.
   -2.03097e+03   -3.86262e+01    0.00000e+00   -2.06960e+03    7.83562e+02
   Total Energy  Conserved En.    Temperature Pres. DC (bar) Pressure (bar)
   -1.28604e+03   -1.44230e+03    1.25906e+02   -3.26391e+00   -2.23625e+01

           Step           Time
          32000       64.00000

   Energies (kJ/mol)
        LJ (SR)  Disper. corr.   Coulomb (SR)      Potential    Kinetic En.
   -2.00191e+03   -3.86262e+01    0.00000e+00   -2.04053e+03    8.20042e+02
   Total Energy  Conserved En.    Temperature Pres. DC (bar) Pressure (bar)
   -1.22049e+03   -1.44267e+03    1.31768e+02   -3.26391e+00    8.96249e-01

           Step           Time
          32500       65.00000

   Energies (kJ/mol)
        LJ (SR)  Disper. corr.   Coulomb (SR)      Potential    Kinetic En.
   -2.02535e+03   -3.86262e+01    0.00000e+00   -2.06397e+03    7.98734e+02
   Total Energy  Conserved En.    Temperature Pres. DC (bar) Pressure (bar)
   -1.26524e+03   -1.44305e+03    1.28344e+02   -3.26391e+00   -1.26098e+01

           Step           Time
          33000       66.00000

   Energies (kJ/mol)
        LJ (SR)  Disper. corr.   Coulomb (SR)      Potential    Kinetic En.
   -2.05566e+03   -3.86262e+01    0.00000e+00   -2.09428e+03    7.97578e+02
   Total Energy  Conserved En.    Temperature Pres. DC (bar) Pressure (bar)
   -1.29671e+03   -1.44341e+03    1.28158e+02   -3.26391e+00   -1.82463e+01

           Step           Time
          33500       67.00000

   Energies (kJ/mol)
        LJ (SR)  Disper. corr.   Coulomb (SR)      Potential    Kinetic En.
   -2.04968e+03   -3.86262e+01    0.00000e+00   -2.08831e+03    8.04050e+02
   Total Energy  Conserved En.    Temperature Pres. DC (bar) Pressure (bar)
   -1.28426e+03   -1.44375e+03    1.29198e+02   -3.26391e+00   -1.88770e+01

           Step           Time
          34000       68.00000

   Energies (kJ/mol)
        LJ (SR)  Disper. corr.   Coulomb (SR)      Potential    Kinetic En.
   -2.05674e+03   -3.86262e+01    0.00000e+00   -2.09537e+03    8.88330e+02
   Total Energy  Conserved En.    Temperature Pres. DC (bar) Pressure (bar)
   -1.20704e+03   -1.44416e+03    1.42741e+02   -3.26391e+00    8.05105e+00

           Step           Time
          34500       69.00000

   Energies (kJ/mol)
        LJ (SR)  Disper. corr.   Coulomb (SR)      Potential    Kinetic En.
   -1.98582e+03   -3.86262e+01    0.00000e+00   -2.02445e+03    7.35252e+02
   Total Energy  Conserved En.    Temperature Pres. DC (bar) Pressure (bar)
   -1.28920e+03   -1.44444e+03    1.18144e+02   -3.26391e+00   -2.31268e+01

           Step           Time
          35000       70.00000

   Energies (kJ/mol)
        LJ (SR)  Disper. corr.   Coulomb (SR)      Potential    Kinetic En.
   -1.97760e+03   -3.86262e+01    0.00000e+00   -2.01622e+03    8.59609e+02
   Total Energy  Conserved En.    Temperature Pres. DC (bar) Pressure (bar)
   -1.15661e+03   -1.44477e+03    1.38126e+02   -3.26391e+00    1.00240e+01

           Step           Time
          35500       71.00000

   Energies (kJ/mol)
        LJ (SR)  Disper. corr.   Coulomb (SR)      Potential    Kinetic En.
   -1.98818e+03   -3.86262e+01    0.00000e+00   -2.02681e+03    8.01089e+02
   Total Energy  Conserved En.    Temperature Pres. DC (bar) Pressure (bar)
   -1.22572e+03   -1.44508e+03    1.28723e+02   -3.26391e+00    6.05931e+00

           Step           Time
          36000       72.00000

   Energies (kJ/mol)
        LJ (SR)  Disper. corr.   Coulomb (SR)      Potential    Kinetic En.
   -1.99824e+03   -3.86262e+01    0.00000e+00   -2.03687e+03    8.14979e+02
   Total Energy  Conserved En.    Temperature Pres. DC (bar) Pressure (bar)
   -1.22189e+03   -1.44544e+03    1.30955e+02   -3.26391e+00   -2.49973e+01

           Step           Time
          36500       73.00000

   Energies (kJ/mol)
        LJ (SR)  Disper. corr.   Coulomb (SR)      Potential    Kinetic En.
   -1.97773e+03   -3.86262e+01    0.00000e+00   -2.01636e+03    8.10775e+02
   Total Energy  Conserved En.    Temperature Pres. DC (bar) Pressure (bar)
   -1.20558e+03   -1.44579e+03    1.30279e+02   -3.26391e+00   -1.17172e+01

           Step           Time
          37000       74.00000

   Energies (kJ/mol)
        LJ (SR)  Disper. corr.   Coulomb (SR)      Potential    Kinetic En.
   -1.95965e+03   -3.86262e+01    0.00000e+00   -1.99827e+03    8.00465e+02
   Total Energy  Conserved En.    Temperature Pres. DC (bar) Pressure (bar)
   -1.19781e+03   -1.44609e+03    1.28622e+02   -3.26391e+00   -7.96629e+00

           Step           Time
          37500       75.00000

   Energies (kJ/mol)
        LJ (SR)  Disper. corr.   Coulomb (SR)      Potential    Kinetic En.
   -1.94942e+03   -3.86262e+01    0.00000e+00   -1.98805e+03    8.26629e+02
   Total Energy  Conserved En.    Temperature Pres. DC (bar) Pressure (bar)
   -1.16142e+03   -1.44643e+03    1.32826e+02   -3.26391e+00   -1.06507e-01

           Step           Time
          38000       76.00000

   Energies (kJ/mol)
        LJ (SR)  Disper. corr.   Coulomb (SR)      Potential    Kinetic En.
   -1.99317e+03   -3.86262e+01    0.00000e+00   -2.03180e+03    8.32530e+02
   Total Energy  Conserved En.    Temperature Pres. DC (bar) Pressure (bar)
   -1.19927e+03   -1.44679e+03    1.33775e+02   -3.26391e+00   -6.84326e+00

           Step           Time
          38500       77.00000

   Energies (kJ/mol)
        LJ (SR)  Disper. corr.   Coulomb (SR)      Potential    Kinetic En.
   -1.99724e+03   -3.86262e+01    0.00000e+00   -2.03587e+03    8.14717e+02
   Total Energy  Conserved En.    Temperature Pres. DC (bar) Pressure (bar)
   -1.22115e+03   -1.44709e+03    1.30912e+02   -3.26391e+00   -3.06643e+01

           Step           Time
          39000       78.00000

   Energies (kJ/mol)
        LJ (SR)  Disper. corr.   Coulomb (SR)      Potential    Kinetic En.
   -1.99245e+03   -3.86262e+01    0.00000e+00   -2.03108e+03    8.13835e+02
   Total Energy  Conserved En.    Temperature Pres. DC (bar) Pressure (bar)
   -1.21724e+03   -1.44739e+03    1.30771e+02   -3.26391e+00   -7.47504e+00

           Step           Time
          39500       79.00000

   Energies (kJ/mol)
        LJ (SR)  Disper. corr.   Coulomb (SR)      Potential    Kinetic En.
   -2.04463e+03   -3.86262e+01    0.00000e+00   -2.08325e+03    8.49991e+02
   Total Energy  Conserved En.    Temperature Pres. DC (bar) Pressure (bar)
   -1.23326e+03   -1.44774e+03    1.36580e+02   -3.26391e+00   -9.04787e+00

           Step           Time
          40000       80.00000

   Energies (kJ/mol)
        LJ (SR)  Disper. corr.   Coulomb (SR)      Potential    Kinetic En.
   -2.01637e+03   -3.86262e+01    0.00000e+00   -2.05500e+03    7.97540e+02
   Total Energy  Conserved En.    Temperature Pres. DC (bar) Pressure (bar)
   -1.25746e+03   -1.44810e+03    1.28152e+02   -3.26391e+00   -7.24157e+00

           Step           Time
          40500       81.00000

   Energies (kJ/mol)
        LJ (SR)  Disper. corr.   Coulomb (SR)      Potential    Kinetic En.
   -1.99499e+03   -3.86262e+01    0.00000e+00   -2.03361e+03    7.69237e+02
   Total Energy  Conserved En.    Temperature Pres. DC (bar) Pressure (bar)
   -1.26438e+03   -1.44839e+03    1.23604e+02   -3.26391e+00   -1.00495e+01

           Step           Time
          41000       82.00000

   Energies (kJ/mol)
        LJ (SR)  Disper. corr.   Coulomb (SR)      Potential    Kinetic En.
   -2.01354e+03   -3.86262e+01    0.00000e+00   -2.05216e+03    8.41558e+02
   Total Energy  Conserved En.    Temperature Pres. DC (bar) Pressure (bar)
   -1.21060e+03   -1.44875e+03    1.35225e+02   -3.26391e+00   -6.92159e+00

           Step           Time
          41500       83.00000

   Energies (kJ/mol)
        LJ (SR)  Disper. corr.   Coulomb (SR)      Potential    Kinetic En.
   -2.00362e+03   -3.86262e+01    0.00000e+00   -2.04225e+03    7.77779e+02
   Total Energy  Conserved En.    Temperature Pres. DC (bar) Pressure (bar)
   -1.26447e+03   -1.44913e+03    1.24977e+02   -3.26391e+00    4.89380e+00

           Step           Time
          42000       84.00000

   Energies (kJ/mol)
        LJ (SR)  Disper. corr.   Coulomb (SR)      Potential    Kinetic En.
   -2.00172e+03   -3.86262e+01    0.00000e+00   -2.04034e+03    7.87354e+02
   Total Energy  Conserved En.    Temperature Pres. DC (bar) Pressure (bar)
   -1.25299e+03   -1.44944e+03    1.26516e+02   -3.26391e+00    2.94428e+00

           Step           Time
          42500       85.00000

   Energies (kJ/mol)
        LJ (SR)  Disper. corr.   Coulomb (SR)      Potential    Kinetic En.
   -2.03899e+03   -3.86262e+01    0.00000e+00   -2.07762e+03    8.46087e+02
   Total Energy  Conserved En.    Temperature Pres. DC (bar) Pressure (bar)
   -1.23153e+03   -1.44979e+03    1.35953e+02   -3.26391e+00   -1.82437e+01

           Step           Time
          43000       86.00000

   Energies (kJ/mol)
        LJ (SR)  Disper. corr.   Coulomb (SR)      Potential    Kinetic En.
   -2.01682e+03   -3.86262e+01    0.00000e+00   -2.05544e+03    8.28290e+02
   Total Energy  Conserved En.    Temperature Pres. DC (bar) Pressure (bar)
   -1.22715e+03   -1.45017e+03    1.33093e+02   -3.26391e+00    1.57202e+01

           Step           Time
          43500       87.00000

   Energies (kJ/mol)
        LJ (SR)  Disper. corr.   Coulomb (SR)      Potential    Kinetic En.
   -2.05646e+03   -3.86262e+01    0.00000e+00   -2.09508e+03    7.82698e+02
   Total Energy  Conserved En.    Temperature Pres. DC (bar) Pressure (bar)
   -1.31239e+03   -1.45051e+03    1.25767e+02   -3.26391e+00   -7.23756e+00

           Step           Time
          44000       88.00000

   Energies (kJ/mol)
        LJ (SR)  Disper. corr.   Coulomb (SR)      Potential    Kinetic En.
   -2.06607e+03   -3.86262e+01    0.00000e+00   -2.10470e+03    7.84822e+02
   Total Energy  Conserved En.    Temperature Pres. DC (bar) Pressure (bar)
   -1.31987e+03   -1.45088e+03    1.26109e+02   -3.26391e+00    8.32514e+00

           Step           Time
          44500       89.00000

   Energies (kJ/mol)
        LJ (SR)  Disper. corr.   Coulomb (SR)      Potential    Kinetic En.
   -2.04311e+03   -3.86262e+01    0.00000e+00   -2.08174e+03    7.85369e+02
   Total Energy  Conserved En.    Temperature Pres. DC (bar) Pressure (bar)
   -1.29637e+03   -1.45119e+03    1.26197e+02   -3.26391e+00    8.58970e+00

           Step           Time
          45000       90.00000

   Energies (kJ/mol)
        LJ (SR)  Disper. corr.   Coulomb (SR)      Potential    Kinetic En.
   -2.04132e+03   -3.86262e+01    0.00000e+00   -2.07994e+03    7.77589e+02
   Total Energy  Conserved En.    Temperature Pres. DC (bar) Pressure (bar)
   -1.30235e+03   -1.45153e+03    1.24946e+02   -3.26391e+00   -1.95399e+01

           Step           Time
          45500       91.00000

   Energies (kJ/mol)
        LJ (SR)  Disper. corr.   Coulomb (SR)      Potential    Kinetic En.
   -2.03890e+03   -3.86262e+01    0.00000e+00   -2.07753e+03    7.92700e+02
   Total Energy  Conserved En.    Temperature Pres. DC (bar) Pressure (bar)
   -1.28483e+03   -1.45184e+03    1.27375e+02   -3.26391e+00    1.25636e+00

           Step           Time
          46000       92.00000

   Energies (kJ/mol)
        LJ (SR)  Disper. corr.   Coulomb (SR)      Potential    Kinetic En.
   -1.96343e+03   -3.86262e+01    0.00000e+00   -2.00205e+03    8.18315e+02
   Total Energy  Conserved En.    Temperature Pres. DC (bar) Pressure (bar)
   -1.18374e+03   -1.45225e+03    1.31491e+02   -3.26391e+00   -4.30868e-01

           Step           Time
          46500       93.00000

   Energies (kJ/mol)
        LJ (SR)  Disper. corr.   Coulomb (SR)      Potential    Kinetic En.
   -1.92064e+03   -3.86262e+01    0.00000e+00   -1.95927e+03    7.74304e+02
   Total Energy  Conserved En.    Temperature Pres. DC (bar) Pressure (bar)
   -1.18497e+03   -1.45257e+03    1.24419e+02   -3.26391e+00   -1.23619e+01

           Step           Time
          47000       94.00000

   Energies (kJ/mol)
        LJ (SR)  Disper. corr.   Coulomb (SR)      Potential    Kinetic En.
   -1.96000e+03   -3.86262e+01    0.00000e+00   -1.99862e+03    7.95891e+02
   Total Energy  Conserved En.    Temperature Pres. DC (bar) Pressure (bar)
   -1.20273e+03   -1.45289e+03    1.27887e+02   -3.26391e+00   -5.03531e-02

           Step           Time
          47500       95.00000

   Energies (kJ/mol)
        LJ (SR)  Disper. corr.   Coulomb (SR)      Potential    Kinetic En.
   -2.05393e+03   -3.86262e+01    0.00000e+00   -2.09256e+03    8.65276e+02
   Total Energy  Conserved En.    Temperature Pres. DC (bar) Pressure (bar)
   -1.22728e+03   -1.45330e+03    1.39036e+02   -3.26391e+00    5.55358e+00

           Step           Time
          48000       96.00000

   Energies (kJ/mol)
        LJ (SR)  Disper. corr.   Coulomb (SR)      Potential    Kinetic En.
   -2.07962e+03   -3.86262e+01    0.00000e+00   -2.11825e+03    7.83529e+02
   Total Energy  Conserved En.    Temperature Pres. DC (bar) Pressure (bar)
   -1.33472e+03   -1.45366e+03    1.25901e+02   -3.26391e+00   -6.73587e+00

           Step           Time
          48500       97.00000

   Energies (kJ/mol)
        LJ (SR)  Disper. corr.   Coulomb (SR)      Potential    Kinetic En.
   -2.09199e+03   -3.86262e+01    0.00000e+00   -2.13061e+03    8.18170e+02
   Total Energy  Conserved En.    Temperature Pres. DC (bar) Pressure (bar)
   -1.31244e+03   -1.45406e+03    1.31467e+02   -3.26391e+00    5.96585e+00

           Step           Time
          49000       98.00000

   Energies (kJ/mol)
        LJ (SR)  Disper. corr.   Coulomb (SR)      Potential    Kinetic En.
   -2.10281e+03   -3.86262e+01    0.00000e+00   -2.14143e+03    8.36930e+02
   Total Energy  Conserved En.    Temperature Pres. DC (bar) Pressure (bar)
   -1.30450e+03   -1.45439e+03    1.34482e+02   -3.26391e+00   -1.05546e+01

           Step           Time
          49500       99.00000

   Energies (kJ/mol)
        LJ (SR)  Disper. corr.   Coulomb (SR)      Potential    Kinetic En.
   -2.09153e+03   -3.86262e+01    0.00000e+00   -2.13015e+03    7.69111e+02
   Total Energy  Conserved En.    Temperature Pres. DC (bar) Pressure (bar)
   -1.36104e+03   -1.45474e+03    1.23584e+02   -3.26391e+00   -1.56833e+01

           Step           Time
          50000      100.00000

   Energies (kJ/mol)
        LJ (SR)  Disper. corr.   Coulomb (SR)      Potential    Kinetic En.
   -2.08616e+03   -3.86262e+01    0.00000e+00   -2.12479e+03    8.56022e+02
   Total Energy  Conserved En.    Temperature Pres. DC (bar) Pressure (bar)
   -1.26877e+03   -1.45510e+03    1.37550e+02   -3.26391e+00    2.66499e+00

           Step           Time
          50500      101.00000

   Energies (kJ/mol)
        LJ (SR)  Disper. corr.   Coulomb (SR)      Potential    Kinetic En.
   -2.07833e+03   -3.86262e+01    0.00000e+00   -2.11696e+03    8.38720e+02
   Total Energy  Conserved En.    Temperature Pres. DC (bar) Pressure (bar)
   -1.27824e+03   -1.45545e+03    1.34769e+02   -3.26391e+00    7.52855e+00

           Step           Time
          51000      102.00000

   Energies (kJ/mol)
        LJ (SR)  Disper. corr.   Coulomb (SR)      Potential    Kinetic En.
   -1.98354e+03   -3.86262e+01    0.00000e+00   -2.02217e+03    8.27546e+02
   Total Energy  Conserved En.    Temperature Pres. DC (bar) Pressure (bar)
   -1.19462e+03   -1.45581e+03    1.32974e+02   -3.26391e+00    6.98992e+00

           Step           Time
          51500      103.00000

   Energies (kJ/mol)
        LJ (SR)  Disper. corr.   Coulomb (SR)      Potential    Kinetic En.
   -2.01700e+03   -3.86262e+01    0.00000e+00   -2.05563e+03    8.38676e+02
   Total Energy  Conserved En.    Temperature Pres. DC (bar) Pressure (bar)
   -1.21695e+03   -1.45619e+03    1.34762e+02   -3.26391e+00   -8.12656e+00

           Step           Time
          52000      104.00000

   Energies (kJ/mol)
        LJ (SR)  Disper. corr.   Coulomb (SR)      Potential    Kinetic En.
   -1.97079e+03   -3.86262e+01    0.00000e+00   -2.00942e+03    8.38845e+02
   Total Energy  Conserved En.    Temperature Pres. DC (bar) Pressure (bar)
   -1.17058e+03   -1.45654e+03    1.34789e+02   -3.26391e+00    4.69143e+00

           Step           Time
          52500      105.00000

   Energies (kJ/mol)
        LJ (SR)  Disper. corr.   Coulomb (SR)      Potential    Kinetic En.
   -2.00845e+03   -3.86262e+01    0.00000e+00   -2.04707e+03    7.67841e+02
   Total Energy  Conserved En.    Temperature Pres. DC (bar) Pressure (bar)
   -1.27923e+03   -1.45690e+03    1.23380e+02   -3.26391e+00   -7.26707e+00

           Step           Time
          53000      106.00000

   Energies (kJ/mol)
        LJ (SR)  Disper. corr.   Coulomb (SR)      Potential    Kinetic En.
   -2.05346e+03   -3.86262e+01    0.00000e+00   -2.09208e+03    7.88940e+02
   Total Energy  Conserved En.    Temperature Pres. DC (bar) Pressure (bar)
   -1.30314e+03   -1.45731e+03    1.26771e+02   -3.26391e+00   -1.32672e+01

           Step           Time
          53500      107.00000

   Energies (kJ/mol)
        LJ (SR)  Disper. corr.   Coulomb (SR)      Potential    Kinetic En.
   -2.06831e+03   -3.86262e+01    0.00000e+00   -2.10694e+03    7.77648e+02
   Total Energy  Conserved En.    Temperature Pres. DC (bar) Pressure (bar)
   -1.32929e+03   -1.45766e+03    1.24956e+02   -3.26391e+00   -1.21858e+01

           Step           Time
          54000      108.00000

   Energies (kJ/mol)
        LJ (SR)  Disper. corr.   Coulomb (SR)      Potential    Kinetic En.
   -2.05558e+03   -3.86262e+01    0.00000e+00   -2.09421e+03    7.94930e+02
   Total Energy  Conserved En.    Temperature Pres. DC (bar) Pressure (bar)
   -1.29928e+03   -1.45801e+03    1.27733e+02   -3.26391e+00   -1.29049e+01

           Step           Time
          54500      109.00000

   Energies (kJ/mol)
        LJ (SR)  Disper. corr.   Coulomb (SR)      Potential    Kinetic En.
   -1.99166e+03   -3.86262e+01    0.00000e+00   -2.03029e+03    8.35374e+02
   Total Energy  Conserved En.    Temperature Pres. DC (bar) Pressure (bar)
   -1.19491e+03   -1.45833e+03    1.34232e+02   -3.26391e+00    8.43386e+00

           Step           Time
          55000      110.00000

   Energies (kJ/mol)
        LJ (SR)  Disper. corr.   Coulomb (SR)      Potential    Kinetic En.
   -1.96824e+03   -3.86262e+01    0.00000e+00   -2.00687e+03    7.99820e+02
   Total Energy  Conserved En.    Temperature Pres. DC (bar) Pressure (bar)
   -1.20705e+03   -1.45865e+03    1.28519e+02   -3.26391e+00   -2.07795e+00

           Step           Time
          55500      111.00000

   Energies (kJ/mol)
        LJ (SR)  Disper. corr.   Coulomb (SR)      Potential    Kinetic En.
   -2.01782e+03   -3.86262e+01    0.00000e+00   -2.05645e+03    8.15425e+02
   Total Energy  Conserved En.    Temperature Pres. DC (bar) Pressure (bar)
   -1.24102e+03   -1.45906e+03    1.31026e+02   -3.26391e+00   -3.51361e+00

           Step           Time
          56000      112.00000

   Energies (kJ/mol)
        LJ (SR)  Disper. corr.   Coulomb (SR)      Potential    Kinetic En.
   -2.01293e+03   -3.86262e+01    0.00000e+00   -2.05156e+03    8.22309e+02
   Total Energy  Conserved En.    Temperature Pres. DC (bar) Pressure (bar)
   -1.22925e+03   -1.45935e+03    1.32132e+02   -3.26391e+00   -2.90523e+01

           Step           Time
          56500      113.00000

   Energies (kJ/mol)
        LJ (SR)  Disper. corr.   Coulomb (SR)      Potential    Kinetic En.
   -1.99179e+03   -3.86262e+01    0.00000e+00   -2.03041e+03    8.31934e+02
   Total Energy  Conserved En.    Temperature Pres. DC (bar) Pressure (bar)
   -1.19848e+03   -1.45967e+03    1.33679e+02   -3.26391e+00    4.95324e+00

           Step           Time
          57000      114.00000

   Energies (kJ/mol)
        LJ (SR)  Disper. corr.   Coulomb (SR)      Potential    Kinetic En.
   -2.01159e+03   -3.86262e+01    0.00000e+00   -2.05022e+03    7.96553e+02
   Total Energy  Conserved En.    Temperature Pres. DC (bar) Pressure (bar)
   -1.25366e+03   -1.45997e+03    1.27994e+02   -3.26391e+00    5.65678e+00

           Step           Time
          57500      115.00000

   Energies (kJ/mol)
        LJ (SR)  Disper. corr.   Coulomb (SR)      Potential    Kinetic En.
   -2.10182e+03   -3.86262e+01    0.00000e+00   -2.14045e+03    7.73878e+02
   Total Energy  Conserved En.    Temperature Pres. DC (bar) Pressure (bar)
   -1.36657e+03   -1.46043e+03    1.24350e+02   -3.26391e+00   -1.57977e+01

           Step           Time
          58000      116.00000

   Energies (kJ/mol)
        LJ (SR)  Disper. corr.   Coulomb (SR)      Potential    Kinetic En.
   -2.09617e+03   -3.86262e+01    0.00000e+00   -2.13480e+03    7.90146e+02
   Total Energy  Conserved En.    Temperature Pres. DC (bar) Pressure (bar)
   -1.34466e+03   -1.46080e+03    1.26964e+02   -3.26391e+00   -6.40341e+00

           Step           Time
          58500      117.00000

   Energies (kJ/mol)
        LJ (SR)  Disper. corr.   Coulomb (SR)      Potential    Kinetic En.
   -2.10475e+03   -3.86262e+01    0.00000e+00   -2.14338e+03    8.10364e+02
   Total Energy  Conserved En.    Temperature Pres. DC (bar) Pressure (bar)
   -1.33301e+03   -1.46110e+03    1.30213e+02   -3.26391e+00   -2.69865e+00

           Step           Time
          59000      118.00000

   Energies (kJ/mol)
        LJ (SR)  Disper. corr.   Coulomb (SR)      Potential    Kinetic En.
   -2.04491e+03   -3.86262e+01    0.00000e+00   -2.08353e+03    7.96665e+02
   Total Energy  Conserved En.    Temperature Pres. DC (bar) Pressure (bar)
   -1.28687e+03   -1.46147e+03    1.28012e+02   -3.26391e+00   -1.11167e+01

           Step           Time
          59500      119.00000

   Energies (kJ/mol)
        LJ (SR)  Disper. corr.   Coulomb (SR)      Potential    Kinetic En.
   -2.01554e+03   -3.86262e+01    0.00000e+00   -2.05416e+03    8.57774e+02
   Total Energy  Conserved En.    Temperature Pres. DC (bar) Pressure (bar)
   -1.19639e+03   -1.46179e+03    1.37831e+02   -3.26391e+00   -4.10594e+00

           Step           Time
          60000      120.00000

   Energies (kJ/mol)
        LJ (SR)  Disper. corr.   Coulomb (SR)      Potential    Kinetic En.
   -2.04654e+03   -3.86262e+01    0.00000e+00   -2.08516e+03    8.33402e+02
   Total Energy  Conserved En.    Temperature Pres. DC (bar) Pressure (bar)
   -1.25176e+03   -1.46215e+03    1.33915e+02   -3.26391e+00   -1.38328e+01

           Step           Time
          60500      121.00000

   Energies (kJ/mol)
        LJ (SR)  Disper. corr.   Coulomb (SR)      Potential    Kinetic En.
   -2.06000e+03   -3.86262e+01    0.00000e+00   -2.09863e+03    8.00510e+02
   Total Energy  Conserved En.    Temperature Pres. DC (bar) Pressure (bar)
   -1.29812e+03   -1.46244e+03    1.28630e+02   -3.26391e+00   -4.57979e+00

           Step           Time
          61000      122.00000

   Energies (kJ/mol)
        LJ (SR)  Disper. corr.   Coulomb (SR)      Potential    Kinetic En.
   -2.07636e+03   -3.86262e+01    0.00000e+00   -2.11499e+03    8.41442e+02
   Total Energy  Conserved En.    Temperature Pres. DC (bar) Pressure (bar)
   -1.27355e+03   -1.46280e+03    1.35207e+02   -3.26391e+00    1.25090e+01

           Step           Time
          61500      123.00000

   Energies (kJ/mol)
        LJ (SR)  Disper. corr.   Coulomb (SR)      Potential    Kinetic En.
   -2.06734e+03   -3.86262e+01    0.00000e+00   -2.10596e+03    8.23315e+02
   Total Energy  Conserved En.    Temperature Pres. DC (bar) Pressure (bar)
   -1.28265e+03   -1.46312e+03    1.32294e+02   -3.26391e+00    8.87583e+00

           Step           Time
          62000      124.00000

   Energies (kJ/mol)
        LJ (SR)  Disper. corr.   Coulomb (SR)      Potential    Kinetic En.
   -2.02712e+03   -3.86262e+01    0.00000e+00   -2.06575e+03    7.45013e+02
   Total Energy  Conserved En.    Temperature Pres. DC (bar) Pressure (bar)
   -1.32073e+03   -1.46342e+03    1.19712e+02   -3.26391e+00   -8.18994e+00

           Step           Time
          62500      125.00000

   Energies (kJ/mol)
        LJ (SR)  Disper. corr.   Coulomb (SR)      Potential    Kinetic En.
   -2.07404e+03   -3.86262e+01    0.00000e+00   -2.11266e+03    8.27003e+02
   Total Energy  Conserved En.    Temperature Pres. DC (bar) Pressure (bar)
   -1.28566e+03   -1.46377e+03    1.32887e+02   -3.26391e+00   -1.17696e+01

           Step           Time
          63000      126.00000

   Energies (kJ/mol)
        LJ (SR)  Disper. corr.   Coulomb (SR)      Potential    Kinetic En.
   -2.08570e+03   -3.86262e+01    0.00000e+00   -2.12433e+03    8.91685e+02
   Total Energy  Conserved En.    Temperature Pres. DC (bar) Pressure (bar)
   -1.23264e+03   -1.46420e+03    1.43280e+02   -3.26391e+00    1.35038e+01

           Step           Time
          63500      127.00000

   Energies (kJ/mol)
        LJ (SR)  Disper. corr.   Coulomb (SR)      Potential    Kinetic En.
   -2.10954e+03   -3.86262e+01    0.00000e+00   -2.14817e+03    7.61482e+02
   Total Energy  Conserved En.    Temperature Pres. DC (bar) Pressure (bar)
   -1.38669e+03   -1.46460e+03    1.22358e+02   -3.26391e+00   -2.00565e-01

           Step           Time
          64000      128.00000

   Energies (kJ/mol)
        LJ (SR)  Disper. corr.   Coulomb (SR)      Potential    Kinetic En.
   -2.08372e+03   -3.86262e+01    0.00000e+00   -2.12235e+03    8.03136e+02
   Total Energy  Conserved En.    Temperature Pres. DC (bar) Pressure (bar)
   -1.31921e+03   -1.46492e+03    1.29052e+02   -3.26391e+00   -1.02551e+01

           Step           Time
          64500      129.00000

   Energies (kJ/mol)
        LJ (SR)  Disper. corr.   Coulomb (SR)      Potential    Kinetic En.
   -2.05162e+03   -3.86262e+01    0.00000e+00   -2.09025e+03    8.50640e+02
   Total Energy  Conserved En.    Temperature Pres. DC (bar) Pressure (bar)
   -1.23961e+03   -1.46524e+03    1.36685e+02   -3.26391e+00   -4.24446e+00

           Step           Time
          65000      130.00000

   Energies (kJ/mol)
        LJ (SR)  Disper. corr.   Coulomb (SR)      Potential    Kinetic En.
   -2.04671e+03   -3.86262e+01    0.00000e+00   -2.08533e+03    7.94613e+02
   Total Energy  Conserved En.    Temperature Pres. DC (bar) Pressure (bar)
   -1.29072e+03   -1.46561e+03    1.27682e+02   -3.26391e+00   -7.92845e-01

           Step           Time
          65500      131.00000

   Energies (kJ/mol)
        LJ (SR)  Disper. corr.   Coulomb (SR)      Potential    Kinetic En.
   -2.00458e+03   -3.86262e+01    0.00000e+00   -2.04321e+03    7.31281e+02
   Total Energy  Conserved En.    Temperature Pres. DC (bar) Pressure (bar)
   -1.31193e+03   -1.46597e+03    1.17506e+02   -3.26391e+00    6.67321e+00

           Step           Time
          66000      132.00000

   Energies (kJ/mol)
        LJ (SR)  Disper. corr.   Coulomb (SR)      Potential    Kinetic En.
   -2.04846e+03   -3.86262e+01    0.00000e+00   -2.08708e+03    8.00397e+02
   Total Energy  Conserved En.    Temperature Pres. DC (bar) Pressure (bar)
   -1.28669e+03   -1.46638e+03    1.28611e+02   -3.26391e+00   -1.12875e+00

           Step           Time
          66500      133.00000

   Energies (kJ/mol)
        LJ (SR)  Disper. corr.   Coulomb (SR)      Potential    Kinetic En.
   -2.07400e+03   -3.86262e+01    0.00000e+00   -2.11262e+03    7.88751e+02
   Total Energy  Conserved En.    Temperature Pres. DC (bar) Pressure (bar)
   -1.32387e+03   -1.46676e+03    1.26740e+02   -3.26391e+00   -4.40343e+00

           Step           Time
          67000      134.00000

   Energies (kJ/mol)
        LJ (SR)  Disper. corr.   Coulomb (SR)      Potential    Kinetic En.
   -2.07422e+03   -3.86262e+01    0.00000e+00   -2.11284e+03    8.22666e+02
   Total Energy  Conserved En.    Temperature Pres. DC (bar) Pressure (bar)
   -1.29018e+03   -1.46713e+03    1.32190e+02   -3.26391e+00   -1.41607e+00

           Step           Time
          67500      135.00000

   Energies (kJ/mol)
        LJ (SR)  Disper. corr.   Coulomb (SR)      Potential    Kinetic En.
   -2.06356e+03   -3.86262e+01    0.00000e+00   -2.10219e+03    8.16295e+02
   Total Energy  Conserved En.    Temperature Pres. DC (bar) Pressure (bar)
   -1.28589e+03   -1.46742e+03    1.31166e+02   -3.26391e+00    7.39630e+00

           Step           Time
          68000      136.00000

   Energies (kJ/mol)
        LJ (SR)  Disper. corr.   Coulomb (SR)      Potential    Kinetic En.
   -2.10506e+03   -3.86262e+01    0.00000e+00   -2.14369e+03    8.09976e+02
   Total Energy  Conserved En.    Temperature Pres. DC (bar) Pressure (bar)
   -1.33372e+03   -1.46779e+03    1.30151e+02   -3.26391e+00   -1.15932e+01

           Step           Time
          68500      137.00000

   Energies (kJ/mol)
        LJ (SR)  Disper. corr.   Coulomb (SR)      Potential    Kinetic En.
   -2.14912e+03   -3.86262e+01    0.00000e+00   -2.18775e+03    8.49461e+02
   Total Energy  Conserved En.    Temperature Pres. DC (bar) Pressure (bar)
   -1.33829e+03   -1.46821e+03    1.36495e+02   -3.26391e+00    1.78801e+00

           Step           Time
          69000      138.00000

   Energies (kJ/mol)
        LJ (SR)  Disper. corr.   Coulomb (SR)      Potential    Kinetic En.
   -2.13637e+03   -3.86262e+01    0.00000e+00   -2.17500e+03    7.77548e+02
   Total Energy  Conserved En.    Temperature Pres. DC (bar) Pressure (bar)
   -1.39745e+03   -1.46853e+03    1.24940e+02   -3.26391e+00   -7.52735e+00

           Step           Time
          69500      139.00000

   Energies (kJ/mol)
        LJ (SR)  Disper. corr.   Coulomb (SR)      Potential    Kinetic En.
   -2.06477e+03   -3.86262e+01    0.00000e+00   -2.10339e+03    7.93407e+02
   Total Energy  Conserved En.    Temperature Pres. DC (bar) Pressure (bar)
   -1.30999e+03   -1.46887e+03    1.27488e+02   -3.26391e+00   -1.27843e+01

           Step           Time
          70000      140.00000

   Energies (kJ/mol)
        LJ (SR)  Disper. corr.   Coulomb (SR)      Potential    Kinetic En.
   -2.04240e+03   -3.86262e+01    0.00000e+00   -2.08103e+03    8.35498e+02
   Total Energy  Conserved En.    Temperature Pres. DC (bar) Pressure (bar)
   -1.24553e+03   -1.46919e+03    1.34252e+02   -3.26391e+00   -1.01444e+01

           Step           Time
          70500      141.00000

   Energies (kJ/mol)
        LJ (SR)  Disper. corr.   Coulomb (SR)      Potential    Kinetic En.
   -2.03594e+03   -3.86262e+01    0.00000e+00   -2.07457e+03    7.67172e+02
   Total Energy  Conserved En.    Temperature Pres. DC (bar) Pressure (bar)
   -1.30740e+03   -1.46952e+03    1.23273e+02   -3.26391e+00   -3.57342e+00

           Step           Time
          71000      142.00000

   Energies (kJ/mol)
        LJ (SR)  Disper. corr.   Coulomb (SR)      Potential    Kinetic En.
   -2.10025e+03   -3.86262e+01    0.00000e+00   -2.13887e+03    8.03559e+02
   Total Energy  Conserved En.    Temperature Pres. DC (bar) Pressure (bar)
   -1.33531e+03   -1.46990e+03    1.29120e+02   -3.26391e+00    1.25556e+01

           Step           Time
          71500      143.00000

   Energies (kJ/mol)
        LJ (SR)  Disper. corr.   Coulomb (SR)      Potential    Kinetic En.
   -2.08415e+03   -3.86262e+01    0.00000e+00   -2.12277e+03    8.56122e+02
   Total Energy  Conserved En.    Temperature Pres. DC (bar) Pressure (bar)
   -1.26665e+03   -1.47032e+03    1.37565e+02   -3.26391e+00    6.07465e+00

           Step           Time
          72000      144.00000

   Energies (kJ/mol)
        LJ (SR)  Disper. corr.   Coulomb (SR)      Potential    Kinetic En.
   -2.06000e+03   -3.86262e+01    0.00000e+00   -2.09863e+03    7.55177e+02
   Total Energy  Conserved En.    Temperature Pres. DC (bar) Pressure (bar)
   -1.34345e+03   -1.47069e+03    1.21345e+02   -3.26391e+00    8.11393e-01

           Step           Time
          72500      145.00000

   Energies (kJ/mol)
        LJ (SR)  Disper. corr.   Coulomb (SR)      Potential    Kinetic En.
   -2.09029e+03   -3.86262e+01    0.00000e+00   -2.12892e+03    8.03699e+02
   Total Energy  Conserved En.    Temperature Pres. DC (bar) Pressure (bar)
   -1.32522e+03   -1.47100e+03    1.29142e+02   -3.26391e+00   -9.26882e+00

           Step           Time
          73000      146.00000

   Energies (kJ/mol)
        LJ (SR)  Disper. corr.   Coulomb (SR)      Potential    Kinetic En.
   -2.07569e+03   -3.86262e+01    0.00000e+00   -2.11432e+03    7.90828e+02
   Total Energy  Conserved En.    Temperature Pres. DC (bar) Pressure (bar)
   -1.32349e+03   -1.47138e+03    1.27074e+02   -3.26391e+00    4.12326e+00

           Step           Time
          73500      147.00000

   Energies (kJ/mol)
        LJ (SR)  Disper. corr.   Coulomb (SR)      Potential    Kinetic En.
   -2.11588e+03   -3.86262e+01    0.00000e+00   -2.15450e+03    8.47231e+02
   Total Energy  Conserved En.    Temperature Pres. DC (bar) Pressure (bar)
   -1.30727e+03   -1.47177e+03    1.36137e+02   -3.26391e+00    1.30053e+01

           Step           Time
          74000      148.00000

   Energies (kJ/mol)
        LJ (SR)  Disper. corr.   Coulomb (SR)      Potential    Kinetic En.
   -2.12810e+03   -3.86262e+01    0.00000e+00   -2.16672e+03    8.09166e+02
   Total Energy  Conserved En.    Temperature Pres. DC (bar) Pressure (bar)
   -1.35756e+03   -1.47217e+03    1.30020e+02   -3.26391e+00   -1.26106e+01

           Step           Time
          74500      149.00000

   Energies (kJ/mol)
        LJ (SR)  Disper. corr.   Coulomb (SR)      Potential    Kinetic En.
   -2.10481e+03   -3.86262e+01    0.00000e+00   -2.14343e+03    8.08285e+02
   Total Energy  Conserved En.    Temperature Pres. DC (bar) Pressure (bar)
   -1.33515e+03   -1.47250e+03    1.29879e+02   -3.26391e+00   -3.31001e-01

           Step           Time
          75000      150.00000

   Energies (kJ/mol)
        LJ (SR)  Disper. corr.   Coulomb (SR)      Potential    Kinetic En.
   -2.11373e+03   -3.86262e+01    0.00000e+00   -2.15235e+03    7.36887e+02
   Total Energy  Conserved En.    Temperature Pres. DC (bar) Pressure (bar)
   -1.41546e+03   -1.47291e+03    1.18406e+02   -3.26391e+00    3.64580e+00

           Step           Time
          75500      151.00000

   Energies (kJ/mol)
        LJ (SR)  Disper. corr.   Coulomb (SR)      Potential    Kinetic En.
   -2.13909e+03   -3.86262e+01    0.00000e+00   -2.17772e+03    7.35458e+02
   Total Energy  Conserved En.    Temperature Pres. DC (bar) Pressure (bar)
   -1.44226e+03   -1.47322e+03    1.18177e+02   -3.26391e+00   -1.69188e+01

           Step           Time
          76000      152.00000

   Energies (kJ/mol)
        LJ (SR)  Disper. corr.   Coulomb (SR)      Potential    Kinetic En.
   -2.13876e+03   -3.86262e+01    0.00000e+00   -2.17739e+03    7.74410e+02
   Total Energy  Conserved En.    Temperature Pres. DC (bar) Pressure (bar)
   -1.40298e+03   -1.47363e+03    1.24436e+02   -3.26391e+00    2.04927e+00

           Step           Time
          76500      153.00000

   Energies (kJ/mol)
        LJ (SR)  Disper. corr.   Coulomb (SR)      Potential    Kinetic En.
   -2.14660e+03   -3.86262e+01    0.00000e+00   -2.18523e+03    7.84271e+02
   Total Energy  Conserved En.    Temperature Pres. DC (bar) Pressure (bar)
   -1.40096e+03   -1.47401e+03    1.26020e+02   -3.26391e+00   -8.11876e+00

           Step           Time
          77000      154.00000

   Energies (kJ/mol)
        LJ (SR)  Disper. corr.   Coulomb (SR)      Potential    Kinetic En.
   -2.12567e+03   -3.86262e+01    0.00000e+00   -2.16430e+03    7.61989e+02
   Total Energy  Conserved En.    Temperature Pres. DC (bar) Pressure (bar)
   -1.40231e+03   -1.47433e+03    1.22440e+02   -3.26391e+00   -1.58091e+01

           Step           Time
          77500      155.00000

   Energies (kJ/mol)
        LJ (SR)  Disper. corr.   Coulomb (SR)      Potential    Kinetic En.
   -2.06754e+03   -3.86262e+01    0.00000e+00   -2.10616e+03    8.24563e+02
   Total Energy  Conserved En.    Temperature Pres. DC (bar) Pressure (bar)
   -1.28160e+03   -1.47473e+03    1.32494e+02   -3.26391e+00   -1.23908e+01

           Step           Time
          78000      156.00000

   Energies (kJ/mol)
        LJ (SR)  Disper. corr.   Coulomb (SR)      Potential    Kinetic En.
   -2.07055e+03   -3.86262e+01    0.00000e+00   -2.10918e+03    8.33014e+02
   Total Energy  Conserved En.    Temperature Pres. DC (bar) Pressure (bar)
   -1.27616e+03   -1.47507e+03    1.33852e+02   -3.26391e+00   -9.46006e+00

           Step           Time
          78500      157.00000

   Energies (kJ/mol)
        LJ (SR)  Disper. corr.   Coulomb (SR)      Potential    Kinetic En.
   -2.03922e+03   -3.86262e+01    0.00000e+00   -2.07785e+03    7.96321e+02
   Total Energy  Conserved En.    Temperature Pres. DC (bar) Pressure (bar)
   -1.28153e+03   -1.47551e+03    1.27956e+02   -3.26391e+00   -9.06866e+00

           Step           Time
          79000      158.00000

   Energies (kJ/mol)
        LJ (SR)  Disper. corr.   Coulomb (SR)      Potential    Kinetic En.
   -2.01645e+03   -3.86262e+01    0.00000e+00   -2.05508e+03    8.11409e+02
   Total Energy  Conserved En.    Temperature Pres. DC (bar) Pressure (bar)
   -1.24367e+03   -1.47588e+03    1.30381e+02   -3.26391e+00   -6.24380e+00

           Step           Time
          79500      159.00000

   Energies (kJ/mol)
        LJ (SR)  Disper. corr.   Coulomb (SR)      Potential    Kinetic En.
   -2.01619e+03   -3.86262e+01    0.00000e+00   -2.05482e+03    8.38532e+02
   Total Energy  Conserved En.    Temperature Pres. DC (bar) Pressure (bar)
   -1.21629e+03   -1.47621e+03    1.34739e+02   -3.26391e+00    3.51994e+00

           Step           Time
          80000      160.00000

   Energies (kJ/mol)
        LJ (SR)  Disper. corr.   Coulomb (SR)      Potential    Kinetic En.
   -2.02918e+03   -3.86262e+01    0.00000e+00   -2.06781e+03    8.59481e+02
   Total Energy  Conserved En.    Temperature Pres. DC (bar) Pressure (bar)
   -1.20833e+03   -1.47662e+03    1.38105e+02   -3.26391e+00   -8.23507e+00

           Step           Time
          80500      161.00000

   Energies (kJ/mol)
        LJ (SR)  Disper. corr.   Coulomb (SR)      Potential    Kinetic En.
   -2.06072e+03   -3.86262e+01    0.00000e+00   -2.09935e+03    8.48696e+02
   Total Energy  Conserved En.    Temperature Pres. DC (bar) Pressure (bar)
   -1.25065e+03   -1.47699e+03    1.36372e+02   -3.26391e+00   -1.35043e+01

           Step           Time
          81000      162.00000

   Energies (kJ/mol)
        LJ (SR)  Disper. corr.   Coulomb (SR)      Potential    Kinetic En.
   -2.06253e+03   -3.86262e+01    0.00000e+00   -2.10116e+03    8.52635e+02
   Total Energy  Conserved En.    Temperature Pres. DC (bar) Pressure (bar)
   -1.24852e+03   -1.47733e+03    1.37005e+02   -3.26391e+00    6.65871e+00

           Step           Time
          81500      163.00000

   Energies (kJ/mol)
        LJ (SR)  Disper. corr.   Coulomb (SR)      Potential    Kinetic En.
   -2.07200e+03   -3.86262e+01    0.00000e+00   -2.11063e+03    8.33829e+02
   Total Energy  Conserved En.    Temperature Pres. DC (bar) Pressure (bar)
   -1.27680e+03   -1.47768e+03    1.33983e+02   -3.26391e+00   -1.49600e+01

           Step           Time
          82000      164.00000

   Energies (kJ/mol)
        LJ (SR)  Disper. corr.   Coulomb (SR)      Potential    Kinetic En.
   -2.04522e+03   -3.86262e+01    0.00000e+00   -2.08384e+03    7.83301e+02
   Total Energy  Conserved En.    Temperature Pres. DC (bar) Pressure (bar)
   -1.30054e+03   -1.47801e+03    1.25864e+02   -3.26391e+00   -1.45955e+01

           Step           Time
          82500      165.00000

   Energies (kJ/mol)
        LJ (SR)  Disper. corr.   Coulomb (SR)      Potential    Kinetic En.
   -2.07845e+03   -3.86262e+01    0.00000e+00   -2.11707e+03    8.39428e+02
   Total Energy  Conserved En.    Temperature Pres. DC (bar) Pressure (bar)
   -1.27765e+03   -1.47841e+03    1.34883e+02   -3.26391e+00   -1.02304e+00

           Step           Time
          83000      166.00000

   Energies (kJ/mol)
        LJ (SR)  Disper. corr.   Coulomb (SR)      Potential    Kinetic En.
   -2.08500e+03   -3.86262e+01    0.00000e+00   -2.12363e+03    8.34510e+02
   Total Energy  Conserved En.    Temperature Pres. DC (bar) Pressure (bar)
   -1.28912e+03   -1.47878e+03    1.34093e+02   -3.26391e+00    2.29057e+01

           Step           Time
          83500      167.00000

   Energies (kJ/mol)
        LJ (SR)  Disper. corr.   Coulomb (SR)      Potential    Kinetic En.
   -2.09673e+03   -3.86262e+01    0.00000e+00   -2.13536e+03    8.17030e+02
   Total Energy  Conserved En.    Temperature Pres. DC (bar) Pressure (bar)
   -1.31833e+03   -1.47912e+03    1.31284e+02   -3.26391e+00    8.02830e+00

           Step           Time
          84000      168.00000

   Energies (kJ/mol)
        LJ (SR)  Disper. corr.   Coulomb (SR)      Potential    Kinetic En.
   -2.13005e+03   -3.86262e+01    0.00000e+00   -2.16867e+03    7.43070e+02
   Total Energy  Conserved En.    Temperature Pres. DC (bar) Pressure (bar)
   -1.42561e+03   -1.47947e+03    1.19400e+02   -3.26391e+00   -1.19738e+01

           Step           Time
          84500      169.00000

   Energies (kJ/mol)
        LJ (SR)  Disper. corr.   Coulomb (SR)      Potential    Kinetic En.
   -2.15193e+03   -3.86262e+01    0.00000e+00   -2.19056e+03    8.38966e+02
   Total Energy  Conserved En.    Temperature Pres. DC (bar) Pressure (bar)
   -1.35159e+03   -1.47984e+03    1.34809e+02   -3.26391e+00   -8.74639e-01

           Step           Time
          85000      170.00000

   Energies (kJ/mol)
        LJ (SR)  Disper. corr.   Coulomb (SR)      Potential    Kinetic En.
   -2.15416e+03   -3.86262e+01    0.00000e+00   -2.19279e+03    8.37449e+02
   Total Energy  Conserved En.    Temperature Pres. DC (bar) Pressure (bar)
   -1.35534e+03   -1.48024e+03    1.34565e+02   -3.26391e+00   -3.52413e+00

           Step           Time
          85500      171.00000

   Energies (kJ/mol)
        LJ (SR)  Disper. corr.   Coulomb (SR)      Potential    Kinetic En.
   -2.11994e+03   -3.86262e+01    0.00000e+00   -2.15856e+03    8.15886e+02
   Total Energy  Conserved En.    Temperature Pres. DC (bar) Pressure (bar)
   -1.34268e+03   -1.48060e+03    1.31100e+02   -3.26391e+00    4.83609e+00

           Step           Time
          86000      172.00000

   Energies (kJ/mol)
        LJ (SR)  Disper. corr.   Coulomb (SR)      Potential    Kinetic En.
   -2.09383e+03   -3.86262e+01    0.00000e+00   -2.13246e+03    8.05373e+02
   Total Energy  Conserved En.    Temperature Pres. DC (bar) Pressure (bar)
   -1.32708e+03   -1.48091e+03    1.29411e+02   -3.26391e+00   -3.69611e+00

           Step           Time
          86500      173.00000

   Energies (kJ/mol)
        LJ (SR)  Disper. corr.   Coulomb (SR)      Potential    Kinetic En.
   -2.07080e+03   -3.86262e+01    0.00000e+00   -2.10943e+03    8.79409e+02
   Total Energy  Conserved En.    Temperature Pres. DC (bar) Pressure (bar)
   -1.23002e+03   -1.48129e+03    1.41307e+02   -3.26391e+00    6.25408e-01

           Step           Time
          87000      174.00000

   Energies (kJ/mol)
        LJ (SR)  Disper. corr.   Coulomb (SR)      Potential    Kinetic En.
   -2.04139e+03   -3.86262e+01    0.00000e+00   -2.08001e+03    8.19805e+02
   Total Energy  Conserved En.    Temperature Pres. DC (bar) Pressure (bar)
   -1.26021e+03   -1.48169e+03    1.31730e+02   -3.26391e+00   -3.49421e+00

           Step           Time
          87500      175.00000

   Energies (kJ/mol)
        LJ (SR)  Disper. corr.   Coulomb (SR)      Potential    Kinetic En.
   -2.09086e+03   -3.86262e+01    0.00000e+00   -2.12948e+03    7.86066e+02
   Total Energy  Conserved En.    Temperature Pres. DC (bar) Pressure (bar)
   -1.34342e+03   -1.48205e+03    1.26309e+02   -3.26391e+00   -6.76084e+00

           Step           Time
          88000      176.00000

   Energies (kJ/mol)
        LJ (SR)  Disper. corr.   Coulomb (SR)      Potential    Kinetic En.
   -2.10446e+03   -3.86262e+01    0.00000e+00   -2.14309e+03    8.47023e+02
   Total Energy  Conserved En.    Temperature Pres. DC (bar) Pressure (bar)
   -1.29606e+03   -1.48241e+03    1.36103e+02   -3.26391e+00    1.95975e+01

           Step           Time
          88500      177.00000

   Energies (kJ/mol)
        LJ (SR)  Disper. corr.   Coulomb (SR)      Potential    Kinetic En.
   -2.09462e+03   -3.86262e+01    0.00000e+00   -2.13325e+03    8.12491e+02
   Total Energy  Conserved En.    Temperature Pres. DC (bar) Pressure (bar)
   -1.32076e+03   -1.48273e+03    1.30555e+02   -3.26391e+00   -1.74734e+01

           Step           Time
          89000      178.00000

   Energies (kJ/mol)
        LJ (SR)  Disper. corr.   Coulomb (SR)      Potential    Kinetic En.
   -2.02060e+03   -3.86262e+01    0.00000e+00   -2.05923e+03    8.47983e+02
   Total Energy  Conserved En.    Temperature Pres. DC (bar) Pressure (bar)
   -1.21125e+03   -1.48307e+03    1.36258e+02   -3.26391e+00    7.01647e+00

           Step           Time
          89500      179.00000

   Energies (kJ/mol)
        LJ (SR)  Disper. corr.   Coulomb (SR)      Potential    Kinetic En.
   -2.05125e+03   -3.86262e+01    0.00000e+00   -2.08988e+03    8.28566e+02
   Total Energy  Conserved En.    Temperature Pres. DC (bar) Pressure (bar)
   -1.26131e+03   -1.48345e+03    1.33138e+02   -3.26391e+00   -4.76332e+00

           Step           Time
          90000      180.00000

   Energies (kJ/mol)
        LJ (SR)  Disper. corr.   Coulomb (SR)      Potential    Kinetic En.
   -2.06575e+03   -3.86262e+01    0.00000e+00   -2.10438e+03    7.93783e+02
   Total Energy  Conserved En.    Temperature Pres. DC (bar) Pressure (bar)
   -1.31060e+03   -1.48371e+03    1.27549e+02   -3.26391e+00   -4.62775e+00

           Step           Time
          90500      181.00000

   Energies (kJ/mol)
        LJ (SR)  Disper. corr.   Coulomb (SR)      Potential    Kinetic En.
   -2.09651e+03   -3.86262e+01    0.00000e+00   -2.13514e+03    8.13089e+02
   Total Energy  Conserved En.    Temperature Pres. DC (bar) Pressure (bar)
   -1.32205e+03   -1.48409e+03    1.30651e+02   -3.26391e+00    1.05798e+01

           Step           Time
          91000      182.00000

   Energies (kJ/mol)
        LJ (SR)  Disper. corr.   Coulomb (SR)      Potential    Kinetic En.
   -2.14663e+03   -3.86262e+01    0.00000e+00   -2.18525e+03    8.07770e+02
   Total Energy  Conserved En.    Temperature Pres. DC (bar) Pressure (bar)
   -1.37748e+03   -1.48442e+03    1.29796e+02   -3.26391e+00   -1.70065e+01

           Step           Time
          91500      183.00000

   Energies (kJ/mol)
        LJ (SR)  Disper. corr.   Coulomb (SR)      Potential    Kinetic En.
   -2.14919e+03   -3.86262e+01    0.00000e+00   -2.18781e+03    7.70413e+02
   Total Energy  Conserved En.    Temperature Pres. DC (bar) Pressure (bar)
   -1.41740e+03   -1.48478e+03    1.23793e+02   -3.26391e+00   -6.27863e+00

           Step           Time
          92000      184.00000

   Energies (kJ/mol)
        LJ (SR)  Disper. corr.   Coulomb (SR)      Potential    Kinetic En.
   -2.18085e+03   -3.86262e+01    0.00000e+00   -2.21947e+03    7.71062e+02
   Total Energy  Conserved En.    Temperature Pres. DC (bar) Pressure (bar)
   -1.44841e+03   -1.48513e+03    1.23898e+02   -3.26391e+00   -7.63494e+00

           Step           Time
          92500      185.00000

   Energies (kJ/mol)
        LJ (SR)  Disper. corr.   Coulomb (SR)      Potential    Kinetic En.
   -2.18592e+03   -3.86262e+01    0.00000e+00   -2.22455e+03    8.40470e+02
   Total Energy  Conserved En.    Temperature Pres. DC (bar) Pressure (bar)
   -1.38408e+03   -1.48547e+03    1.35051e+02   -3.26391e+00    1.06094e+01

           Step           Time
          93000      186.00000

   Energies (kJ/mol)
        LJ (SR)  Disper. corr.   Coulomb (SR)      Potential    Kinetic En.
   -2.16812e+03   -3.86262e+01    0.00000e+00   -2.20674e+03    8.20299e+02
   Total Energy  Conserved En.    Temperature Pres. DC (bar) Pressure (bar)
   -1.38644e+03   -1.48583e+03    1.31809e+02   -3.26391e+00    2.04192e+01

           Step           Time
          93500      187.00000

   Energies (kJ/mol)
        LJ (SR)  Disper. corr.   Coulomb (SR)      Potential    Kinetic En.
   -2.13010e+03   -3.86262e+01    0.00000e+00   -2.16873e+03    8.44180e+02
   Total Energy  Conserved En.    Temperature Pres. DC (bar) Pressure (bar)
   -1.32455e+03   -1.48619e+03    1.35647e+02   -3.26391e+00    5.78955e+00

           Step           Time
          94000      188.00000

   Energies (kJ/mol)
        LJ (SR)  Disper. corr.   Coulomb (SR)      Potential    Kinetic En.
   -2.10220e+03   -3.86262e+01    0.00000e+00   -2.14082e+03    7.95910e+02
   Total Energy  Conserved En.    Temperature Pres. DC (bar) Pressure (bar)
   -1.34491e+03   -1.48652e+03    1.27890e+02   -3.26391e+00   -3.47361e+00

           Step           Time
          94500      189.00000

   Energies (kJ/mol)
        LJ (SR)  Disper. corr.   Coulomb (SR)      Potential    Kinetic En.
   -2.10255e+03   -3.86262e+01    0.00000e+00   -2.14118e+03    8.19679e+02
   Total Energy  Conserved En.    Temperature Pres. DC (bar) Pressure (bar)
   -1.32150e+03   -1.48689e+03    1.31710e+02   -3.26391e+00   -1.89955e+01

           Step           Time
          95000      190.00000

   Energies (kJ/mol)
        LJ (SR)  Disper. corr.   Coulomb (SR)      Potential    Kinetic En.
   -2.09941e+03   -3.86262e+01    0.00000e+00   -2.13804e+03    8.34576e+02
   Total Energy  Conserved En.    Temperature Pres. DC (bar) Pressure (bar)
   -1.30346e+03   -1.48731e+03    1.34103e+02   -3.26391e+00   -9.44908e+00

           Step           Time
          95500      191.00000

   Energies (kJ/mol)
        LJ (SR)  Disper. corr.   Coulomb (SR)      Potential    Kinetic En.
   -2.08864e+03   -3.86262e+01    0.00000e+00   -2.12726e+03    8.73732e+02
   Total Energy  Conserved En.    Temperature Pres. DC (bar) Pressure (bar)
   -1.25353e+03   -1.48768e+03    1.40395e+02   -3.26391e+00   -1.69607e+01

           Step           Time
          96000      192.00000

   Energies (kJ/mol)
        LJ (SR)  Disper. corr.   Coulomb (SR)      Potential    Kinetic En.
   -2.05528e+03   -3.86262e+01    0.00000e+00   -2.09391e+03    8.39258e+02
   Total Energy  Conserved En.    Temperature Pres. DC (bar) Pressure (bar)
   -1.25465e+03   -1.48807e+03    1.34856e+02   -3.26391e+00    7.71196e+00

           Step           Time
          96500      193.00000

   Energies (kJ/mol)
        LJ (SR)  Disper. corr.   Coulomb (SR)      Potential    Kinetic En.
   -2.07348e+03   -3.86262e+01    0.00000e+00   -2.11211e+03    7.89052e+02
   Total Energy  Conserved En.    Temperature Pres. DC (bar) Pressure (bar)
   -1.32306e+03   -1.48845e+03    1.26788e+02   -3.26391e+00   -3.09248e+01

           Step           Time
          97000      194.00000

   Energies (kJ/mol)
        LJ (SR)  Disper. corr.   Coulomb (SR)      Potential    Kinetic En.
   -2.11279e+03   -3.86262e+01    0.00000e+00   -2.15142e+03    7.92872e+02
   Total Energy  Conserved En.    Temperature Pres. DC (bar) Pressure (bar)
   -1.35855e+03   -1.48889e+03    1.27402e+02   -3.26391e+00   -4.11839e+00

           Step           Time
          97500      195.00000

   Energies (kJ/mol)
        LJ (SR)  Disper. corr.   Coulomb (SR)      Potential    Kinetic En.
   -2.15081e+03   -3.86262e+01    0.00000e+00   -2.18943e+03    8.12809e+02
   Total Energy  Conserved En.    Temperature Pres. DC (bar) Pressure (bar)
   -1.37662e+03   -1.48926e+03    1.30606e+02   -3.26391e+00    4.88514e+00

           Step           Time
          98000      196.00000

   Energies (kJ/mol)
        LJ (SR)  Disper. corr.   Coulomb (SR)      Potential    Kinetic En.
   -2.13479e+03   -3.86262e+01    0.00000e+00   -2.17342e+03    8.37409e+02
   Total Energy  Conserved En.    Temperature Pres. DC (bar) Pressure (bar)
   -1.33601e+03   -1.48961e+03    1.34559e+02   -3.26391e+00    9.84976e+00

           Step           Time
          98500      197.00000

   Energies (kJ/mol)
        LJ (SR)  Disper. corr.   Coulomb (SR)      Potential    Kinetic En.
   -2.17363e+03   -3.86262e+01    0.00000e+00   -2.21226e+03    8.03597e+02
   Total Energy  Conserved En.    Temperature Pres. DC (bar) Pressure (bar)
   -1.40866e+03   -1.49000e+03    1.29126e+02   -3.26391e+00   -9.02362e+00

           Step           Time
          99000      198.00000

   Energies (kJ/mol)
        LJ (SR)  Disper. corr.   Coulomb (SR)      Potential    Kinetic En.
   -2.14660e+03   -3.86262e+01    0.00000e+00   -2.18522e+03    8.74065e+02
   Total Energy  Conserved En.    Temperature Pres. DC (bar) Pressure (bar)
   -1.31116e+03   -1.49047e+03    1.40449e+02   -3.26391e+00    2.56630e+01

           Step           Time
          99500      199.00000

   Energies (kJ/mol)
        LJ (SR)  Disper. corr.   Coulomb (SR)      Potential    Kinetic En.
   -2.13173e+03   -3.86262e+01    0.00000e+00   -2.17036e+03    8.60506e+02
   Total Energy  Conserved En.    Temperature Pres. DC (bar) Pressure (bar)
   -1.30985e+03   -1.49082e+03    1.38270e+02   -3.26391e+00   -1.01542e+01

           Step           Time
         100000      200.00000

   Energies (kJ/mol)
        LJ (SR)  Disper. corr.   Coulomb (SR)      Potential    Kinetic En.
   -2.14332e+03   -3.86262e+01    0.00000e+00   -2.18194e+03    8.04529e+02
   Total Energy  Conserved En.    Temperature Pres. DC (bar) Pressure (bar)
   -1.37741e+03   -1.49119e+03    1.29275e+02   -3.26391e+00   -2.49847e+01

           Step           Time
         100500      201.00000

   Energies (kJ/mol)
        LJ (SR)  Disper. corr.   Coulomb (SR)      Potential    Kinetic En.
   -2.12229e+03   -3.86262e+01    0.00000e+00   -2.16092e+03    8.05824e+02
   Total Energy  Conserved En.    Temperature Pres. DC (bar) Pressure (bar)
   -1.35509e+03   -1.49154e+03    1.29483e+02   -3.26391e+00    1.64135e+01

           Step           Time
         101000      202.00000

   Energies (kJ/mol)
        LJ (SR)  Disper. corr.   Coulomb (SR)      Potential    Kinetic En.
   -2.17802e+03   -3.86262e+01    0.00000e+00   -2.21665e+03    7.96481e+02
   Total Energy  Conserved En.    Temperature Pres. DC (bar) Pressure (bar)
   -1.42017e+03   -1.49190e+03    1.27982e+02   -3.26391e+00    1.28720e+01

           Step           Time
         101500      203.00000

   Energies (kJ/mol)
        LJ (SR)  Disper. corr.   Coulomb (SR)      Potential    Kinetic En.
   -2.14591e+03   -3.86262e+01    0.00000e+00   -2.18454e+03    7.96639e+02
   Total Energy  Conserved En.    Temperature Pres. DC (bar) Pressure (bar)
   -1.38790e+03   -1.49226e+03    1.28007e+02   -3.26391e+00    4.51295e-02

           Step           Time
         102000      204.00000

   Energies (kJ/mol)
        LJ (SR)  Disper. corr.   Coulomb (SR)      Potential    Kinetic En.
   -2.12955e+03   -3.86262e+01    0.00000e+00   -2.16817e+03    8.44515e+02
   Total Energy  Conserved En.    Temperature Pres. DC (bar) Pressure (bar)
   -1.32366e+03   -1.49263e+03    1.35700e+02   -3.26391e+00   -2.56830e+01

           Step           Time
         102500      205.00000

   Energies (kJ/mol)
        LJ (SR)  Disper. corr.   Coulomb (SR)      Potential    Kinetic En.
   -2.08479e+03   -3.86262e+01    0.00000e+00   -2.12342e+03    8.45419e+02
   Total Energy  Conserved En.    Temperature Pres. DC (bar) Pressure (bar)
   -1.27800e+03   -1.49298e+03    1.35846e+02   -3.26391e+00   -2.02414e+01

           Step           Time
         103000      206.00000

   Energies (kJ/mol)
        LJ (SR)  Disper. corr.   Coulomb (SR)      Potential    Kinetic En.
   -2.10020e+03   -3.86262e+01    0.00000e+00   -2.13882e+03    8.24646e+02
   Total Energy  Conserved En.    Temperature Pres. DC (bar) Pressure (bar)
   -1.31418e+03   -1.49340e+03    1.32508e+02   -3.26391e+00   -1.36961e+01

           Step           Time
         103500      207.00000

   Energies (kJ/mol)
        LJ (SR)  Disper. corr.   Coulomb (SR)      Potential    Kinetic En.
   -2.08141e+03   -3.86262e+01    0.00000e+00   -2.12003e+03    8.04190e+02
   Total Energy  Conserved En.    Temperature Pres. DC (bar) Pressure (bar)
   -1.31584e+03   -1.49374e+03    1.29221e+02   -3.26391e+00    1.37370e+01

           Step           Time
         104000      208.00000

   Energies (kJ/mol)
        LJ (SR)  Disper. corr.   Coulomb (SR)      Potential    Kinetic En.
   -2.13527e+03   -3.86262e+01    0.00000e+00   -2.17389e+03    7.83247e+02
   Total Energy  Conserved En.    Temperature Pres. DC (bar) Pressure (bar)
   -1.39065e+03   -1.49411e+03    1.25856e+02   -3.26391e+00   -4.05895e+00

           Step           Time
         104500      209.00000

   Energies (kJ/mol)
        LJ (SR)  Disper. corr.   Coulomb (SR)      Potential    Kinetic En.
   -2.17152e+03   -3.86262e+01    0.00000e+00   -2.21014e+03    8.15410e+02
   Total Energy  Conserved En.    Temperature Pres. DC (bar) Pressure (bar)
   -1.39473e+03   -1.49448e+03    1.31024e+02   -3.26391e+00   -1.82174e+00

           Step           Time
         105000      210.00000

   Energies (kJ/mol)
        LJ (SR)  Disper. corr.   Coulomb (SR)      Potential    Kinetic En.
   -2.13402e+03   -3.86262e+01    0.00000e+00   -2.17265e+03    7.83241e+02
   Total Energy  Conserved En.    Temperature Pres. DC (bar) Pressure (bar)
   -1.38941e+03   -1.49485e+03    1.25855e+02   -3.26391e+00   -2.86162e+00

           Step           Time
         105500      211.00000

   Energies (kJ/mol)
        LJ (SR)  Disper. corr.   Coulomb (SR)      Potential    Kinetic En.
   -2.12154e+03   -3.86262e+01    0.00000e+00   -2.16017e+03    8.17891e+02
   Total Energy  Conserved En.    Temperature Pres. DC (bar) Pressure (bar)
   -1.34228e+03   -1.49517e+03    1.31422e+02   -3.26391e+00   -1.21985e+01

           Step           Time
         106000      212.00000

   Energies (kJ/mol)
        LJ (SR)  Disper. corr.   Coulomb (SR)      Potential    Kinetic En.
   -2.12390e+03   -3.86262e+01    0.00000e+00   -2.16252e+03    7.94030e+02
   Total Energy  Conserved En.    Temperature Pres. DC (bar) Pressure (bar)
   -1.36849e+03   -1.49555e+03    1.27588e+02   -3.26391e+00   -1.83516e+01

           Step           Time
         106500      213.00000

   Energies (kJ/mol)
        LJ (SR)  Disper. corr.   Coulomb (SR)      Potential    Kinetic En.
   -2.09755e+03   -3.86262e+01    0.00000e+00   -2.13617e+03    8.39272e+02
   Total Energy  Conserved En.    Temperature Pres. DC (bar) Pressure (bar)
   -1.29690e+03   -1.49595e+03    1.34858e+02   -3.26391e+00   -8.84101e+00

           Step           Time
         107000      214.00000

   Energies (kJ/mol)
        LJ (SR)  Disper. corr.   Coulomb (SR)      Potential    Kinetic En.
   -2.14264e+03   -3.86262e+01    0.00000e+00   -2.18127e+03    7.69774e+02
   Total Energy  Conserved En.    Temperature Pres. DC (bar) Pressure (bar)
   -1.41149e+03   -1.49636e+03    1.23691e+02   -3.26391e+00   -8.94063e+00

           Step           Time
         107500      215.00000

   Energies (kJ/mol)
        LJ (SR)  Disper. corr.   Coulomb (SR)      Potential    Kinetic En.
   -2.20185e+03   -3.86262e+01    0.00000e+00   -2.24047e+03    8.16144e+02
   Total Energy  Conserved En.    Temperature Pres. DC (bar) Pressure (bar)
   -1.42433e+03   -1.49677e+03    1.31142e+02   -3.26391e+00   -1.01301e+01

           Step           Time
         108000      216.00000

   Energies (kJ/mol)
        LJ (SR)  Disper. corr.   Coulomb (SR)      Potential    Kinetic En.
   -2.17313e+03   -3.86262e+01    0.00000e+00   -2.21175e+03    7.90493e+02
   Total Energy  Conserved En.    Temperature Pres. DC (bar) Pressure (bar)
   -1.42126e+03   -1.49717e+03    1.27020e+02   -3.26391e+00   -1.13122e+00

           Step           Time
         108500      217.00000

   Energies (kJ/mol)
        LJ (SR)  Disper. corr.   Coulomb (SR)      Potential    Kinetic En.
   -2.15785e+03   -3.86262e+01    0.00000e+00   -2.19647e+03    7.98642e+02
   Total Energy  Conserved En.    Temperature Pres. DC (bar) Pressure (bar)
   -1.39783e+03   -1.49751e+03    1.28329e+02   -3.26391e+00   -1.55557e+01

           Step           Time
         109000      218.00000

   Energies (kJ/mol)
        LJ (SR)  Disper. corr.   Coulomb (SR)      Potential    Kinetic En.
   -2.10973e+03   -3.86262e+01    0.00000e+00   -2.14835e+03    8.17279e+02
   Total Energy  Conserved En.    Temperature Pres. DC (bar) Pressure (bar)
   -1.33107e+03   -1.49785e+03    1.31324e+02   -3.26391e+00    1.09517e+01

           Step           Time
         109500      219.00000

   Energies (kJ/mol)
        LJ (SR)  Disper. corr.   Coulomb (SR)      Potential    Kinetic En.
   -2.17513e+03   -3.86262e+01    0.00000e+00   -2.21376e+03    8.90465e+02
   Total Energy  Conserved En.    Temperature Pres. DC (bar) Pressure (bar)
   -1.32329e+03   -1.49824e+03    1.43084e+02   -3.26391e+00    1.19165e+01

           Step           Time
         110000      220.00000

   Energies (kJ/mol)
        LJ (SR)  Disper. corr.   Coulomb (SR)      Potential    Kinetic En.
   -2.15881e+03   -3.86262e+01    0.00000e+00   -2.19744e+03    8.16065e+02
   Total Energy  Conserved En.    Temperature Pres. DC (bar) Pressure (bar)
   -1.38138e+03   -1.49856e+03    1.31129e+02   -3.26391e+00   -2.02203e+01

           Step           Time
         110500      221.00000

   Energies (kJ/mol)
        LJ (SR)  Disper. corr.   Coulomb (SR)      Potential    Kinetic En.
   -2.15967e+03   -3.86262e+01    0.00000e+00   -2.19830e+03    7.54211e+02
   Total Energy  Conserved En.    Temperature Pres. DC (bar) Pressure (bar)
   -1.44409e+03   -1.49893e+03    1.21190e+02   -3.26391e+00   -8.77711e+00

           Step           Time
         111000      222.00000

   Energies (kJ/mol)
        LJ (SR)  Disper. corr.   Coulomb (SR)      Potential    Kinetic En.
   -2.21017e+03   -3.86262e+01    0.00000e+00   -2.24880e+03    8.44735e+02
   Total Energy  Conserved En.    Temperature Pres. DC (bar) Pressure (bar)
   -1.40407e+03   -1.49933e+03    1.35736e+02   -3.26391e+00    7.68459e+00

           Step           Time
         111500      223.00000

   Energies (kJ/mol)
        LJ (SR)  Disper. corr.   Coulomb (SR)      Potential    Kinetic En.
   -2.21392e+03   -3.86262e+01    0.00000e+00   -2.25255e+03    7.78039e+02
   Total Energy  Conserved En.    Temperature Pres. DC (bar) Pressure (bar)
   -1.47451e+03   -1.49970e+03    1.25019e+02   -3.26391e+00   -5.19010e+00

           Step           Time
         112000      224.00000

   Energies (kJ/mol)
        LJ (SR)  Disper. corr.   Coulomb (SR)      Potential    Kinetic En.
   -2.17544e+03   -3.86262e+01    0.00000e+00   -2.21406e+03    7.56141e+02
   Total Energy  Conserved En.    Temperature Pres. DC (bar) Pressure (bar)
   -1.45792e+03   -1.50004e+03    1.21500e+02   -3.26391e+00   -1.05731e+01

           Step           Time
         112500      225.00000

   Energies (kJ/mol)
        LJ (SR)  Disper. corr.   Coulomb (SR)      Potential    Kinetic En.
   -2.17123e+03   -3.86262e+01    0.00000e+00   -2.20986e+03    7.75372e+02
   Total Energy  Conserved En.    Temperature Pres. DC (bar) Pressure (bar)
   -1.43449e+03   -1.50039e+03    1.24590e+02   -3.26391e+00    1.41113e+01

           Step           Time
         113000      226.00000

   Energies (kJ/mol)
        LJ (SR)  Disper. corr.   Coulomb (SR)      Potential    Kinetic En.
   -2.15940e+03   -3.86262e+01    0.00000e+00   -2.19802e+03    8.09788e+02
   Total Energy  Conserved En.    Temperature Pres. DC (bar) Pressure (bar)
   -1.38823e+03   -1.50077e+03    1.30120e+02   -3.26391e+00    1.75625e+01

           Step           Time
         113500      227.00000

   Energies (kJ/mol)
        LJ (SR)  Disper. corr.   Coulomb (SR)      Potential    Kinetic En.
   -2.28264e+03   -3.86262e+01    0.00000e+00   -2.32126e+03    8.36184e+02
   Total Energy  Conserved En.    Temperature Pres. DC (bar) Pressure (bar)
   -1.48508e+03   -1.50117e+03    1.34362e+02   -3.26391e+00   -1.00802e+01

           Step           Time
         114000      228.00000

   Energies (kJ/mol)
        LJ (SR)  Disper. corr.   Coulomb (SR)      Potential    Kinetic En.
   -2.23912e+03   -3.86262e+01    0.00000e+00   -2.27775e+03    8.07220e+02
   Total Energy  Conserved En.    Temperature Pres. DC (bar) Pressure (bar)
   -1.47053e+03   -1.50149e+03    1.29708e+02   -3.26391e+00   -1.33137e-01

           Step           Time
         114500      229.00000

   Energies (kJ/mol)
        LJ (SR)  Disper. corr.   Coulomb (SR)      Potential    Kinetic En.
   -2.17735e+03   -3.86262e+01    0.00000e+00   -2.21598e+03    7.84010e+02
   Total Energy  Conserved En.    Temperature Pres. DC (bar) Pressure (bar)
   -1.43197e+03   -1.50185e+03    1.25978e+02   -3.26391e+00   -1.94367e+01

           Step           Time
         115000      230.00000

   Energies (kJ/mol)
        LJ (SR)  Disper. corr.   Coulomb (SR)      Potential    Kinetic En.
   -2.15490e+03   -3.86262e+01    0.00000e+00   -2.19353e+03    8.11128e+02
   Total Energy  Conserved En.    Temperature Pres. DC (bar) Pressure (bar)
   -1.38240e+03   -1.50222e+03    1.30336e+02   -3.26391e+00   -1.94904e+00

           Step           Time
         115500      231.00000

   Energies (kJ/mol)
        LJ (SR)  Disper. corr.   Coulomb (SR)      Potential    Kinetic En.
   -2.14664e+03   -3.86262e+01    0.00000e+00   -2.18527e+03    7.99438e+02
   Total Energy  Conserved En.    Temperature Pres. DC (bar) Pressure (bar)
   -1.38583e+03   -1.50263e+03    1.28457e+02   -3.26391e+00    1.29350e+01

           Step           Time
         116000      232.00000

   Energies (kJ/mol)
        LJ (SR)  Disper. corr.   Coulomb (SR)      Potential    Kinetic En.
   -2.18427e+03   -3.86262e+01    0.00000e+00   -2.22289e+03    8.09530e+02
   Total Energy  Conserved En.    Temperature Pres. DC (bar) Pressure (bar)
   -1.41336e+03   -1.50303e+03    1.30079e+02   -3.26391e+00   -1.85269e+01

           Step           Time
         116500      233.00000

   Energies (kJ/mol)
        LJ (SR)  Disper. corr.   Coulomb (SR)      Potential    Kinetic En.
   -2.17972e+03   -3.86262e+01    0.00000e+00   -2.21835e+03    8.24492e+02
   Total Energy  Conserved En.    Temperature Pres. DC (bar) Pressure (bar)
   -1.39386e+03   -1.50340e+03    1.32483e+02   -3.26391e+00   -1.39366e+01

           Step           Time
         117000      234.00000

   Energies (kJ/mol)
        LJ (SR)  Disper. corr.   Coulomb (SR)      Potential    Kinetic En.
   -2.19431e+03   -3.86262e+01    0.00000e+00   -2.23294e+03    8.02177e+02
   Total Energy  Conserved En.    Temperature Pres. DC (bar) Pressure (bar)
   -1.43076e+03   -1.50375e+03    1.28897e+02   -3.26391e+00    1.28442e+01

           Step           Time
         117500      235.00000

   Energies (kJ/mol)
        LJ (SR)  Disper. corr.   Coulomb (SR)      Potential    Kinetic En.
   -2.21934e+03   -3.86262e+01    0.00000e+00   -2.25797e+03    7.80281e+02
   Total Energy  Conserved En.    Temperature Pres. DC (bar) Pressure (bar)
   -1.47769e+03   -1.50413e+03    1.25379e+02   -3.26391e+00   -2.72840e+00

           Step           Time
         118000      236.00000

   Energies (kJ/mol)
        LJ (SR)  Disper. corr.   Coulomb (SR)      Potential    Kinetic En.
   -2.15591e+03   -3.86262e+01    0.00000e+00   -2.19454e+03    7.99103e+02
   Total Energy  Conserved En.    Temperature Pres. DC (bar) Pressure (bar)
   -1.39543e+03   -1.50447e+03    1.28403e+02   -3.26391e+00   -4.54320e+00

           Step           Time
         118500      237.00000

   Energies (kJ/mol)
        LJ (SR)  Disper. corr.   Coulomb (SR)      Potential    Kinetic En.
   -2.17696e+03   -3.86262e+01    0.00000e+00   -2.21558e+03    8.16226e+02
   Total Energy  Conserved En.    Temperature Pres. DC (bar) Pressure (bar)
   -1.39936e+03   -1.50483e+03    1.31155e+02   -3.26391e+00   -1.34334e+01

           Step           Time
         119000      238.00000

   Energies (kJ/mol)
        LJ (SR)  Disper. corr.   Coulomb (SR)      Potential    Kinetic En.
   -2.12521e+03   -3.86262e+01    0.00000e+00   -2.16383e+03    7.82689e+02
   Total Energy  Conserved En.    Temperature Pres. DC (bar) Pressure (bar)
   -1.38115e+03   -1.50520e+03    1.25766e+02   -3.26391e+00   -3.49707e+00

           Step           Time
         119500      239.00000

   Energies (kJ/mol)
        LJ (SR)  Disper. corr.   Coulomb (SR)      Potential    Kinetic En.
   -2.16034e+03   -3.86262e+01    0.00000e+00   -2.19897e+03    8.20170e+02
   Total Energy  Conserved En.    Temperature Pres. DC (bar) Pressure (bar)
   -1.37880e+03   -1.50561e+03    1.31789e+02   -3.26391e+00   -2.27556e+00

           Step           Time
         120000      240.00000

   Energies (kJ/mol)
        LJ (SR)  Disper. corr.   Coulomb (SR)      Potential    Kinetic En.
   -2.16528e+03   -3.86262e+01    0.00000e+00   -2.20390e+03    8.81742e+02
   Total Energy  Conserved En.    Temperature Pres. DC (bar) Pressure (bar)
   -1.32216e+03   -1.50598e+03    1.41682e+02   -3.26391e+00    3.85216e+00

           Step           Time
         120500      241.00000

   Energies (kJ/mol)
        LJ (SR)  Disper. corr.   Coulomb (SR)      Potential    Kinetic En.
   -2.18389e+03   -3.86262e+01    0.00000e+00   -2.22251e+03    7.98398e+02
   Total Energy  Conserved En.    Temperature Pres. DC (bar) Pressure (bar)
   -1.42412e+03   -1.50639e+03    1.28290e+02   -3.26391e+00   -1.64037e+01

           Step           Time
         121000      242.00000

   Energies (kJ/mol)
        LJ (SR)  Disper. corr.   Coulomb (SR)      Potential    Kinetic En.
   -2.12593e+03   -3.86262e+01    0.00000e+00   -2.16456e+03    8.36359e+02
   Total Energy  Conserved En.    Temperature Pres. DC (bar) Pressure (bar)
   -1.32820e+03   -1.50671e+03    1.34390e+02   -3.26391e+00   -2.24858e+00

           Step           Time
         121500      243.00000

   Energies (kJ/mol)
        LJ (SR)  Disper. corr.   Coulomb (SR)      Potential    Kinetic En.
   -2.13193e+03   -3.86262e+01    0.00000e+00   -2.17056e+03    8.14029e+02
   Total Energy  Conserved En.    Temperature Pres. DC (bar) Pressure (bar)
   -1.35653e+03   -1.50711e+03    1.30802e+02   -3.26391e+00   -1.36811e+01

           Step           Time
         122000      244.00000

   Energies (kJ/mol)
        LJ (SR)  Disper. corr.   Coulomb (SR)      Potential    Kinetic En.
   -2.11910e+03   -3.86262e+01    0.00000e+00   -2.15773e+03    8.85458e+02
   Total Energy  Conserved En.    Temperature Pres. DC (bar) Pressure (bar)
   -1.27227e+03   -1.50754e+03    1.42279e+02   -3.26391e+00   -2.01837e+01

           Step           Time
         122500      245.00000

   Energies (kJ/mol)
        LJ (SR)  Disper. corr.   Coulomb (SR)      Potential    Kinetic En.
   -2.13192e+03   -3.86262e+01    0.00000e+00   -2.17055e+03    8.35788e+02
   Total Energy  Conserved En.    Temperature Pres. DC (bar) Pressure (bar)
   -1.33476e+03   -1.50796e+03    1.34298e+02   -3.26391e+00   -1.91837e+01

           Step           Time
         123000      246.00000

   Energies (kJ/mol)
        LJ (SR)  Disper. corr.   Coulomb (SR)      Potential    Kinetic En.
   -2.09950e+03   -3.86262e+01    0.00000e+00   -2.13813e+03    8.22824e+02
   Total Energy  Conserved En.    Temperature Pres. DC (bar) Pressure (bar)
   -1.31530e+03   -1.50828e+03    1.32215e+02   -3.26391e+00    9.28383e+00

           Step           Time
         123500      247.00000

   Energies (kJ/mol)
        LJ (SR)  Disper. corr.   Coulomb (SR)      Potential    Kinetic En.
   -2.12265e+03   -3.86262e+01    0.00000e+00   -2.16128e+03    8.40833e+02
   Total Energy  Conserved En.    Temperature Pres. DC (bar) Pressure (bar)
   -1.32045e+03   -1.50872e+03    1.35109e+02   -3.26391e+00   -9.61249e+00

           Step           Time
         124000      248.00000

   Energies (kJ/mol)
        LJ (SR)  Disper. corr.   Coulomb (SR)      Potential    Kinetic En.
   -2.17532e+03   -3.86262e+01    0.00000e+00   -2.21394e+03    7.91237e+02
   Total Energy  Conserved En.    Temperature Pres. DC (bar) Pressure (bar)
   -1.42271e+03   -1.50904e+03    1.27140e+02   -3.26391e+00   -1.41944e+01

           Step           Time
         124500      249.00000

   Energies (kJ/mol)
        LJ (SR)  Disper. corr.   Coulomb (SR)      Potential    Kinetic En.
   -2.18121e+03   -3.86262e+01    0.00000e+00   -2.21983e+03    8.06824e+02
   Total Energy  Conserved En.    Temperature Pres. DC (bar) Pressure (bar)
   -1.41301e+03   -1.50940e+03    1.29644e+02   -3.26391e+00   -3.41337e+00

           Step           Time
         125000      250.00000

   Energies (kJ/mol)
        LJ (SR)  Disper. corr.   Coulomb (SR)      Potential    Kinetic En.
   -2.15530e+03   -3.86262e+01    0.00000e+00   -2.19392e+03    8.34743e+02
   Total Energy  Conserved En.    Temperature Pres. DC (bar) Pressure (bar)
   -1.35918e+03   -1.50984e+03    1.34130e+02   -3.26391e+00    1.39753e+01

           Step           Time
         125500      251.00000

   Energies (kJ/mol)
        LJ (SR)  Disper. corr.   Coulomb (SR)      Potential    Kinetic En.
   -2.18837e+03   -3.86262e+01    0.00000e+00   -2.22700e+03    8.19553e+02
   Total Energy  Conserved En.    Temperature Pres. DC (bar) Pressure (bar)
   -1.40744e+03   -1.51023e+03    1.31690e+02   -3.26391e+00   -5.20742e+00

           Step           Time
         126000      252.00000

   Energies (kJ/mol)
        LJ (SR)  Disper. corr.   Coulomb (SR)      Potential    Kinetic En.
   -2.23045e+03   -3.86262e+01    0.00000e+00   -2.26907e+03    8.09015e+02
   Total Energy  Conserved En.    Temperature Pres. DC (bar) Pressure (bar)
   -1.46006e+03   -1.51067e+03    1.29996e+02   -3.26391e+00   -2.00968e+00

           Step           Time
         126500      253.00000

   Energies (kJ/mol)
        LJ (SR)  Disper. corr.   Coulomb (SR)      Potential    Kinetic En.
   -2.20354e+03   -3.86262e+01    0.00000e+00   -2.24217e+03    7.57780e+02
   Total Energy  Conserved En.    Temperature Pres. DC (bar) Pressure (bar)
   -1.48439e+03   -1.51103e+03    1.21763e+02   -3.26391e+00    2.34271e+00

           Step           Time
         127000      254.00000

   Energies (kJ/mol)
        LJ (SR)  Disper. corr.   Coulomb (SR)      Potential    Kinetic En.
   -2.20993e+03   -3.86262e+01    0.00000e+00   -2.24855e+03    7.88272e+02
   Total Energy  Conserved En.    Temperature Pres. DC (bar) Pressure (bar)
   -1.46028e+03   -1.51142e+03    1.26663e+02   -3.26391e+00   -9.46626e+00

           Step           Time
         127500      255.00000

   Energies (kJ/mol)
        LJ (SR)  Disper. corr.   Coulomb (SR)      Potential    Kinetic En.
   -2.24223e+03   -3.86262e+01    0.00000e+00   -2.28085e+03    7.87825e+02
   Total Energy  Conserved En.    Temperature Pres. DC (bar) Pressure (bar)
   -1.49303e+03   -1.51182e+03    1.26591e+02   -3.26391e+00   -1.46547e+01

           Step           Time
         128000      256.00000

   Energies (kJ/mol)
        LJ (SR)  Disper. corr.   Coulomb (SR)      Potential    Kinetic En.
   -2.25879e+03   -3.86262e+01    0.00000e+00   -2.29742e+03    7.83555e+02
   Total Energy  Conserved En.    Temperature Pres. DC (bar) Pressure (bar)
   -1.51386e+03   -1.51222e+03    1.25905e+02   -3.26391e+00   -1.02326e+00

           Step           Time
         128500      257.00000

   Energies (kJ/mol)
        LJ (SR)  Disper. corr.   Coulomb (SR)      Potential    Kinetic En.
   -2.25543e+03   -3.86262e+01    0.00000e+00   -2.29406e+03    7.91020e+02
   Total Energy  Conserved En.    Temperature Pres. DC (bar) Pressure (bar)
   -1.50304e+03   -1.51259e+03    1.27105e+02   -3.26391e+00   -9.95128e+00

           Step           Time
         129000      258.00000

   Energies (kJ/mol)
        LJ (SR)  Disper. corr.   Coulomb (SR)      Potential    Kinetic En.
   -2.16029e+03   -3.86262e+01    0.00000e+00   -2.19892e+03    7.73596e+02
   Total Energy  Conserved En.    Temperature Pres. DC (bar) Pressure (bar)
   -1.42532e+03   -1.51296e+03    1.24305e+02   -3.26391e+00   -2.67479e+00

           Step           Time
         129500      259.00000

   Energies (kJ/mol)
        LJ (SR)  Disper. corr.   Coulomb (SR)      Potential    Kinetic En.
   -2.15736e+03   -3.86262e+01    0.00000e+00   -2.19598e+03    7.69365e+02
   Total Energy  Conserved En.    Temperature Pres. DC (bar) Pressure (bar)
   -1.42662e+03   -1.51328e+03    1.23625e+02   -3.26391e+00   -8.22949e+00

           Step           Time
         130000      260.00000

   Energies (kJ/mol)
        LJ (SR)  Disper. corr.   Coulomb (SR)      Potential    Kinetic En.
   -2.16483e+03   -3.86262e+01    0.00000e+00   -2.20345e+03    8.40634e+02
   Total Energy  Conserved En.    Temperature Pres. DC (bar) Pressure (bar)
   -1.36282e+03   -1.51367e+03    1.35077e+02   -3.26391e+00   -2.55321e+01

           Step           Time
         130500      261.00000

   Energies (kJ/mol)
        LJ (SR)  Disper. corr.   Coulomb (SR)      Potential    Kinetic En.
   -2.10945e+03   -3.86262e+01    0.00000e+00   -2.14808e+03    7.93401e+02
   Total Energy  Conserved En.    Temperature Pres. DC (bar) Pressure (bar)
   -1.35468e+03   -1.51399e+03    1.27487e+02   -3.26391e+00   -5.67390e+00

           Step           Time
         131000      262.00000

   Energies (kJ/mol)
        LJ (SR)  Disper. corr.   Coulomb (SR)      Potential    Kinetic En.
   -2.16919e+03   -3.86262e+01    0.00000e+00   -2.20782e+03    8.10898e+02
   Total Energy  Conserved En.    Temperature Pres. DC (bar) Pressure (bar)
   -1.39692e+03   -1.51437e+03    1.30299e+02   -3.26391e+00   -7.12226e-01

           Step           Time
         131500      263.00000

   Energies (kJ/mol)
        LJ (SR)  Disper. corr.   Coulomb (SR)      Potential    Kinetic En.
   -2.13809e+03   -3.86262e+01    0.00000e+00   -2.17672e+03    7.82514e+02
   Total Energy  Conserved En.    Temperature Pres. DC (bar) Pressure (bar)
   -1.39420e+03   -1.51471e+03    1.25738e+02   -3.26391e+00   -8.73254e+00

           Step           Time
         132000      264.00000

   Energies (kJ/mol)
        LJ (SR)  Disper. corr.   Coulomb (SR)      Potential    Kinetic En.
   -2.12419e+03   -3.86262e+01    0.00000e+00   -2.16281e+03    7.64901e+02
   Total Energy  Conserved En.    Temperature Pres. DC (bar) Pressure (bar)
   -1.39791e+03   -1.51508e+03    1.22908e+02   -3.26391e+00   -1.32914e+01

           Step           Time
         132500      265.00000

   Energies (kJ/mol)
        LJ (SR)  Disper. corr.   Coulomb (SR)      Potential    Kinetic En.
   -2.10063e+03   -3.86262e+01    0.00000e+00   -2.13926e+03    8.18304e+02
   Total Energy  Conserved En.    Temperature Pres. DC (bar) Pressure (bar)
   -1.32095e+03   -1.51549e+03    1.31489e+02   -3.26391e+00   -5.89890e+00

           Step           Time
         133000      266.00000

   Energies (kJ/mol)
        LJ (SR)  Disper. corr.   Coulomb (SR)      Potential    Kinetic En.
   -2.17591e+03   -3.86262e+01    0.00000e+00   -2.21453e+03    7.89029e+02
   Total Energy  Conserved En.    Temperature Pres. DC (bar) Pressure (bar)
   -1.42550e+03   -1.51592e+03    1.26785e+02   -3.26391e+00   -2.06621e+01

           Step           Time
         133500      267.00000

   Energies (kJ/mol)
        LJ (SR)  Disper. corr.   Coulomb (SR)      Potential    Kinetic En.
   -2.16982e+03   -3.86262e+01    0.00000e+00   -2.20844e+03    8.37327e+02
   Total Energy  Conserved En.    Temperature Pres. DC (bar) Pressure (bar)
   -1.37112e+03   -1.51627e+03    1.34545e+02   -3.26391e+00   -5.54281e+00

           Step           Time
         134000      268.00000

   Energies (kJ/mol)
        LJ (SR)  Disper. corr.   Coulomb (SR)      Potential    Kinetic En.
   -2.15377e+03   -3.86262e+01    0.00000e+00   -2.19239e+03    7.69003e+02
   Total Energy  Conserved En.    Temperature Pres. DC (bar) Pressure (bar)
   -1.42339e+03   -1.51664e+03    1.23567e+02   -3.26391e+00    4.41336e+00

           Step           Time
         134500      269.00000

   Energies (kJ/mol)
        LJ (SR)  Disper. corr.   Coulomb (SR)      Potential    Kinetic En.
   -2.14480e+03   -3.86262e+01    0.00000e+00   -2.18342e+03    8.00875e+02
   Total Energy  Conserved En.    Temperature Pres. DC (bar) Pressure (bar)
   -1.38255e+03   -1.51707e+03    1.28688e+02   -3.26391e+00    1.54521e+01

           Step           Time
         135000      270.00000

   Energies (kJ/mol)
        LJ (SR)  Disper. corr.   Coulomb (SR)      Potential    Kinetic En.
   -2.20491e+03   -3.86262e+01    0.00000e+00   -2.24354e+03    7.73580e+02
   Total Energy  Conserved En.    Temperature Pres. DC (bar) Pressure (bar)
   -1.46996e+03   -1.51742e+03    1.24302e+02   -3.26391e+00   -1.04936e+01

           Step           Time
         135500      271.00000

   Energies (kJ/mol)
        LJ (SR)  Disper. corr.   Coulomb (SR)      Potential    Kinetic En.
   -2.19945e+03   -3.86262e+01    0.00000e+00   -2.23808e+03    8.02123e+02
   Total Energy  Conserved En.    Temperature Pres. DC (bar) Pressure (bar)
   -1.43595e+03   -1.51779e+03    1.28889e+02   -3.26391e+00   -1.49563e+01

           Step           Time
         136000      272.00000

   Energies (kJ/mol)
        LJ (SR)  Disper. corr.   Coulomb (SR)      Potential    Kinetic En.
   -2.19749e+03   -3.86262e+01    0.00000e+00   -2.23612e+03    8.09466e+02
   Total Energy  Conserved En.    Temperature Pres. DC (bar) Pressure (bar)
   -1.42665e+03   -1.51812e+03    1.30069e+02   -3.26391e+00    3.40872e+00

           Step           Time
         136500      273.00000

   Energies (kJ/mol)
        LJ (SR)  Disper. corr.   Coulomb (SR)      Potential    Kinetic En.
   -2.13099e+03   -3.86262e+01    0.00000e+00   -2.16962e+03    8.71380e+02
   Total Energy  Conserved En.    Temperature Pres. DC (bar) Pressure (bar)
   -1.29824e+03   -1.51844e+03    1.40017e+02   -3.26391e+00   -6.13665e+00

           Step           Time
         137000      274.00000

   Energies (kJ/mol)
        LJ (SR)  Disper. corr.   Coulomb (SR)      Potential    Kinetic En.
   -2.09484e+03   -3.86262e+01    0.00000e+00   -2.13347e+03    7.79767e+02
   Total Energy  Conserved En.    Temperature Pres. DC (bar) Pressure (bar)
   -1.35370e+03   -1.51881e+03    1.25296e+02   -3.26391e+00   -1.89842e+01

           Step           Time
         137500      275.00000

   Energies (kJ/mol)
        LJ (SR)  Disper. corr.   Coulomb (SR)      Potential    Kinetic En.
   -2.03582e+03   -3.86262e+01    0.00000e+00   -2.07445e+03    8.03617e+02
   Total Energy  Conserved En.    Temperature Pres. DC (bar) Pressure (bar)
   -1.27083e+03   -1.51917e+03    1.29129e+02   -3.26391e+00    4.95205e+00

           Step           Time
         138000      276.00000

   Energies (kJ/mol)
        LJ (SR)  Disper. corr.   Coulomb (SR)      Potential    Kinetic En.
   -2.09608e+03   -3.86262e+01    0.00000e+00   -2.13471e+03    8.18386e+02
   Total Energy  Conserved En.    Temperature Pres. DC (bar) Pressure (bar)
   -1.31632e+03   -1.51957e+03    1.31502e+02   -3.26391e+00   -1.62908e+01

           Step           Time
         138500      277.00000

   Energies (kJ/mol)
        LJ (SR)  Disper. corr.   Coulomb (SR)      Potential    Kinetic En.
   -2.11987e+03   -3.86262e+01    0.00000e+00   -2.15850e+03    8.09242e+02
   Total Energy  Conserved En.    Temperature Pres. DC (bar) Pressure (bar)
   -1.34925e+03   -1.51989e+03    1.30033e+02   -3.26391e+00   -6.11522e+00

           Step           Time
         139000      278.00000

   Energies (kJ/mol)
        LJ (SR)  Disper. corr.   Coulomb (SR)      Potential    Kinetic En.
   -2.13458e+03   -3.86262e+01    0.00000e+00   -2.17321e+03    8.14070e+02
   Total Energy  Conserved En.    Temperature Pres. DC (bar) Pressure (bar)
   -1.35914e+03   -1.52028e+03    1.30808e+02   -3.26391e+00   -5.37231e-01

           Step           Time
         139500      279.00000

   Energies (kJ/mol)
        LJ (SR)  Disper. corr.   Coulomb (SR)      Potential    Kinetic En.
   -2.10816e+03   -3.86262e+01    0.00000e+00   -2.14678e+03    8.11499e+02
   Total Energy  Conserved En.    Temperature Pres. DC (bar) Pressure (bar)
   -1.33528e+03   -1.52064e+03    1.30395e+02   -3.26391e+00   -1.01521e+01

           Step           Time
         140000      280.00000

   Energies (kJ/mol)
        LJ (SR)  Disper. corr.   Coulomb (SR)      Potential    Kinetic En.
   -2.11378e+03   -3.86262e+01    0.00000e+00   -2.15241e+03    8.24790e+02
   Total Energy  Conserved En.    Temperature Pres. DC (bar) Pressure (bar)
   -1.32762e+03   -1.52102e+03    1.32531e+02   -3.26391e+00   -5.39269e-01

           Step           Time
         140500      281.00000

   Energies (kJ/mol)
        LJ (SR)  Disper. corr.   Coulomb (SR)      Potential    Kinetic En.
   -2.11008e+03   -3.86262e+01    0.00000e+00   -2.14871e+03    8.06510e+02
   Total Energy  Conserved En.    Temperature Pres. DC (bar) Pressure (bar)
   -1.34220e+03   -1.52133e+03    1.29594e+02   -3.26391e+00    5.92860e+00

           Step           Time
         141000      282.00000

   Energies (kJ/mol)
        LJ (SR)  Disper. corr.   Coulomb (SR)      Potential    Kinetic En.
   -2.11776e+03   -3.86262e+01    0.00000e+00   -2.15639e+03    8.26183e+02
   Total Energy  Conserved En.    Temperature Pres. DC (bar) Pressure (bar)
   -1.33020e+03   -1.52170e+03    1.32755e+02   -3.26391e+00   -1.00544e+01

           Step           Time
         141500      283.00000

   Energies (kJ/mol)
        LJ (SR)  Disper. corr.   Coulomb (SR)      Potential    Kinetic En.
   -2.12649e+03   -3.86262e+01    0.00000e+00   -2.16511e+03    7.77187e+02
   Total Energy  Conserved En.    Temperature Pres. DC (bar) Pressure (bar)
   -1.38793e+03   -1.52206e+03    1.24882e+02   -3.26391e+00   -8.20249e+00

           Step           Time
         142000      284.00000

   Energies (kJ/mol)
        LJ (SR)  Disper. corr.   Coulomb (SR)      Potential    Kinetic En.
   -2.16441e+03   -3.86262e+01    0.00000e+00   -2.20304e+03    7.88486e+02
   Total Energy  Conserved En.    Temperature Pres. DC (bar) Pressure (bar)
   -1.41455e+03   -1.52241e+03    1.26697e+02   -3.26391e+00   -1.86829e+01

           Step           Time
         142500      285.00000

   Energies (kJ/mol)
        LJ (SR)  Disper. corr.   Coulomb (SR)      Potential    Kinetic En.
   -2.14812e+03   -3.86262e+01    0.00000e+00   -2.18675e+03    8.54980e+02
   Total Energy  Conserved En.    Temperature Pres. DC (bar) Pressure (bar)
   -1.33177e+03   -1.52280e+03    1.37382e+02   -3.26391e+00   -1.53585e+01

           Step           Time
         143000      286.00000

   Energies (kJ/mol)
        LJ (SR)  Disper. corr.   Coulomb (SR)      Potential    Kinetic En.
   -2.09979e+03   -3.86262e+01    0.00000e+00   -2.13842e+03    7.89780e+02
   Total Energy  Conserved En.    Temperature Pres. DC (bar) Pressure (bar)
   -1.34864e+03   -1.52313e+03    1.26905e+02   -3.26391e+00   -5.67955e+00

           Step           Time
         143500      287.00000

   Energies (kJ/mol)
        LJ (SR)  Disper. corr.   Coulomb (SR)      Potential    Kinetic En.
   -2.08125e+03   -3.86262e+01    0.00000e+00   -2.11988e+03    8.50547e+02
   Total Energy  Conserved En.    Temperature Pres. DC (bar) Pressure (bar)
   -1.26933e+03   -1.52344e+03    1.36670e+02   -3.26391e+00   -1.17946e+01

           Step           Time
         144000      288.00000

   Energies (kJ/mol)
        LJ (SR)  Disper. corr.   Coulomb (SR)      Potential    Kinetic En.
   -2.09811e+03   -3.86262e+01    0.00000e+00   -2.13674e+03    8.46839e+02
   Total Energy  Conserved En.    Temperature Pres. DC (bar) Pressure (bar)
   -1.28990e+03   -1.52383e+03    1.36074e+02   -3.26391e+00   -8.76736e-01

           Step           Time
         144500      289.00000

   Energies (kJ/mol)
        LJ (SR)  Disper. corr.   Coulomb (SR)      Potential    Kinetic En.
   -2.07311e+03   -3.86262e+01    0.00000e+00   -2.11173e+03    7.92082e+02
   Total Energy  Conserved En.    Temperature Pres. DC (bar) Pressure (bar)
   -1.31965e+03   -1.52427e+03    1.27275e+02   -3.26391e+00   -8.78712e+00

           Step           Time
         145000      290.00000

   Energies (kJ/mol)
        LJ (SR)  Disper. corr.   Coulomb (SR)      Potential    Kinetic En.
   -2.05258e+03   -3.86262e+01    0.00000e+00   -2.09120e+03    8.51026e+02
   Total Energy  Conserved En.    Temperature Pres. DC (bar) Pressure (bar)
   -1.24018e+03   -1.52467e+03    1.36747e+02   -3.26391e+00    1.05720e+01

           Step           Time
         145500      291.00000

   Energies (kJ/mol)
        LJ (SR)  Disper. corr.   Coulomb (SR)      Potential    Kinetic En.
   -2.07749e+03   -3.86262e+01    0.00000e+00   -2.11612e+03    8.37997e+02
   Total Energy  Conserved En.    Temperature Pres. DC (bar) Pressure (bar)
   -1.27812e+03   -1.52508e+03    1.34653e+02   -3.26391e+00   -8.24718e+00

           Step           Time
         146000      292.00000

   Energies (kJ/mol)
        LJ (SR)  Disper. corr.   Coulomb (SR)      Potential    Kinetic En.
   -2.12120e+03   -3.86262e+01    0.00000e+00   -2.15982e+03    8.11869e+02
   Total Energy  Conserved En.    Temperature Pres. DC (bar) Pressure (bar)
   -1.34795e+03   -1.52544e+03    1.30455e+02   -3.26391e+00   -1.65167e+01

           Step           Time
         146500      293.00000

   Energies (kJ/mol)
        LJ (SR)  Disper. corr.   Coulomb (SR)      Potential    Kinetic En.
   -2.14223e+03   -3.86262e+01    0.00000e+00   -2.18085e+03    8.42869e+02
   Total Energy  Conserved En.    Temperature Pres. DC (bar) Pressure (bar)
   -1.33798e+03   -1.52581e+03    1.35436e+02   -3.26391e+00    8.39149e+00

           Step           Time
         147000      294.00000

   Energies (kJ/mol)
        LJ (SR)  Disper. corr.   Coulomb (SR)      Potential    Kinetic En.
   -2.16783e+03   -3.86262e+01    0.00000e+00   -2.20646e+03    7.98519e+02
   Total Energy  Conserved En.    Temperature Pres. DC (bar) Pressure (bar)
   -1.40794e+03   -1.52625e+03    1.28310e+02   -3.26391e+00   -9.90616e+00

           Step           Time
         147500      295.00000

   Energies (kJ/mol)
        LJ (SR)  Disper. corr.   Coulomb (SR)      Potential    Kinetic En.
   -2.12658e+03   -3.86262e+01    0.00000e+00   -2.16520e+03    7.97216e+02
   Total Energy  Conserved En.    Temperature Pres. DC (bar) Pressure (bar)
   -1.36799e+03   -1.52661e+03    1.28100e+02   -3.26391e+00    2.05357e+00

           Step           Time
         148000      296.00000

   Energies (kJ/mol)
        LJ (SR)  Disper. corr.   Coulomb (SR)      Potential    Kinetic En.
   -2.16088e+03   -3.86262e+01    0.00000e+00   -2.19950e+03    7.44231e+02
   Total Energy  Conserved En.    Temperature Pres. DC (bar) Pressure (bar)
   -1.45527e+03   -1.52692e+03    1.19586e+02   -3.26391e+00   -2.32368e+01

           Step           Time
         148500      297.00000

   Energies (kJ/mol)
        LJ (SR)  Disper. corr.   Coulomb (SR)      Potential    Kinetic En.
   -2.09027e+03   -3.86262e+01    0.00000e+00   -2.12890e+03    7.96155e+02
   Total Energy  Conserved En.    Temperature Pres. DC (bar) Pressure (bar)
   -1.33274e+03   -1.52728e+03    1.27930e+02   -3.26391e+00    1.80196e-01

           Step           Time
         149000      298.00000

   Energies (kJ/mol)
        LJ (SR)  Disper. corr.   Coulomb (SR)      Potential    Kinetic En.
   -2.15428e+03   -3.86262e+01    0.00000e+00   -2.19291e+03    8.03495e+02
   Total Energy  Conserved En.    Temperature Pres. DC (bar) Pressure (bar)
   -1.38941e+03   -1.52768e+03    1.29109e+02   -3.26391e+00   -1.33839e+01

           Step           Time
         149500      299.00000

   Energies (kJ/mol)
        LJ (SR)  Disper. corr.   Coulomb (SR)      Potential    Kinetic En.
   -2.15987e+03   -3.86262e+01    0.00000e+00   -2.19849e+03    7.96777e+02
   Total Energy  Conserved En.    Temperature Pres. DC (bar) Pressure (bar)
   -1.40172e+03   -1.52806e+03    1.28030e+02   -3.26391e+00    4.45841e+00

           Step           Time
         150000      300.00000

   Energies (kJ/mol)
        LJ (SR)  Disper. corr.   Coulomb (SR)      Potential    Kinetic En.
   -2.15065e+03   -3.86262e+01    0.00000e+00   -2.18928e+03    7.69378e+02
   Total Energy  Conserved En.    Temperature Pres. DC (bar) Pressure (bar)
   -1.41990e+03   -1.52841e+03    1.23627e+02   -3.26391e+00   -1.68199e+01

           Step           Time
         150500      301.00000

   Energies (kJ/mol)
        LJ (SR)  Disper. corr.   Coulomb (SR)      Potential    Kinetic En.
   -2.12266e+03   -3.86262e+01    0.00000e+00   -2.16129e+03    8.31650e+02
   Total Energy  Conserved En.    Temperature Pres. DC (bar) Pressure (bar)
   -1.32964e+03   -1.52874e+03    1.33633e+02   -3.26391e+00   -1.24905e+01

           Step           Time
         151000      302.00000

   Energies (kJ/mol)
        LJ (SR)  Disper. corr.   Coulomb (SR)      Potential    Kinetic En.
   -2.07946e+03   -3.86262e+01    0.00000e+00   -2.11809e+03    7.82025e+02
   Total Energy  Conserved En.    Temperature Pres. DC (bar) Pressure (bar)
   -1.33606e+03   -1.52910e+03    1.25659e+02   -3.26391e+00   -6.44887e+00

           Step           Time
         151500      303.00000

   Energies (kJ/mol)
        LJ (SR)  Disper. corr.   Coulomb (SR)      Potential    Kinetic En.
   -2.08192e+03   -3.86262e+01    0.00000e+00   -2.12055e+03    8.21609e+02
   Total Energy  Conserved En.    Temperature Pres. DC (bar) Pressure (bar)
   -1.29894e+03   -1.52946e+03    1.32020e+02   -3.26391e+00   -1.24522e+01

           Step           Time
         152000      304.00000

   Energies (kJ/mol)
        LJ (SR)  Disper. corr.   Coulomb (SR)      Potential    Kinetic En.
   -2.06229e+03   -3.86262e+01    0.00000e+00   -2.10092e+03    8.43642e+02
   Total Energy  Conserved En.    Temperature Pres. DC (bar) Pressure (bar)
   -1.25727e+03   -1.52989e+03    1.35560e+02   -3.26391e+00   -8.95320e+00

           Step           Time
         152500      305.00000

   Energies (kJ/mol)
        LJ (SR)  Disper. corr.   Coulomb (SR)      Potential    Kinetic En.
   -2.06391e+03   -3.86262e+01    0.00000e+00   -2.10254e+03    8.12182e+02
   Total Energy  Conserved En.    Temperature Pres. DC (bar) Pressure (bar)
   -1.29036e+03   -1.53028e+03    1.30505e+02   -3.26391e+00    4.51874e+00

           Step           Time
         153000      306.00000

   Energies (kJ/mol)
        LJ (SR)  Disper. corr.   Coulomb (SR)      Potential    Kinetic En.
   -2.11619e+03   -3.86262e+01    0.00000e+00   -2.15482e+03    8.18831e+02
   Total Energy  Conserved En.    Temperature Pres. DC (bar) Pressure (bar)
   -1.33599e+03   -1.53068e+03    1.31573e+02   -3.26391e+00   -3.43228e+00

           Step           Time
         153500      307.00000

   Energies (kJ/mol)
        LJ (SR)  Disper. corr.   Coulomb (SR)      Potential    Kinetic En.
   -2.13244e+03   -3.86262e+01    0.00000e+00   -2.17107e+03    8.00475e+02
   Total Energy  Conserved En.    Temperature Pres. DC (bar) Pressure (bar)
   -1.37059e+03   -1.53113e+03    1.28624e+02   -3.26391e+00   -1.98874e+01

           Step           Time
         154000      308.00000

   Energies (kJ/mol)
        LJ (SR)  Disper. corr.   Coulomb (SR)      Potential    Kinetic En.
   -2.19510e+03   -3.86262e+01    0.00000e+00   -2.23372e+03    7.37437e+02
   Total Energy  Conserved En.    Temperature Pres. DC (bar) Pressure (bar)
   -1.49628e+03   -1.53146e+03    1.18495e+02   -3.26391e+00   -9.71505e+00

           Step           Time
         154500      309.00000

   Energies (kJ/mol)
        LJ (SR)  Disper. corr.   Coulomb (SR)      Potential    Kinetic En.
   -2.19996e+03   -3.86262e+01    0.00000e+00   -2.23859e+03    7.71489e+02
   Total Energy  Conserved En.    Temperature Pres. DC (bar) Pressure (bar)
   -1.46710e+03   -1.53182e+03    1.23966e+02   -3.26391e+00   -1.12905e+01

           Step           Time
         155000      310.00000

   Energies (kJ/mol)
        LJ (SR)  Disper. corr.   Coulomb (SR)      Potential    Kinetic En.
   -2.17979e+03   -3.86262e+01    0.00000e+00   -2.21841e+03    7.77245e+02
   Total Energy  Conserved En.    Temperature Pres. DC (bar) Pressure (bar)
   -1.44117e+03   -1.53225e+03    1.24891e+02   -3.26391e+00    6.77033e+00

           Step           Time
         155500      311.00000

   Energies (kJ/mol)
        LJ (SR)  Disper. corr.   Coulomb (SR)      Potential    Kinetic En.
   -2.19947e+03   -3.86262e+01    0.00000e+00   -2.23810e+03    7.87664e+02
   Total Energy  Conserved En.    Temperature Pres. DC (bar) Pressure (bar)
   -1.45043e+03   -1.53260e+03    1.26565e+02   -3.26391e+00   -4.48489e+00

           Step           Time
         156000      312.00000

   Energies (kJ/mol)
        LJ (SR)  Disper. corr.   Coulomb (SR)      Potential    Kinetic En.
   -2.20591e+03   -3.86262e+01    0.00000e+00   -2.24453e+03    8.39777e+02
   Total Energy  Conserved En.    Temperature Pres. DC (bar) Pressure (bar)
   -1.40476e+03   -1.53302e+03    1.34939e+02   -3.26391e+00    1.12875e+01

           Step           Time
         156500      313.00000

   Energies (kJ/mol)
        LJ (SR)  Disper. corr.   Coulomb (SR)      Potential    Kinetic En.
   -2.23282e+03   -3.86262e+01    0.00000e+00   -2.27145e+03    8.37317e+02
   Total Energy  Conserved En.    Temperature Pres. DC (bar) Pressure (bar)
   -1.43413e+03   -1.53343e+03    1.34544e+02   -3.26391e+00   -1.05322e+01

           Step           Time
         157000      314.00000

   Energies (kJ/mol)
        LJ (SR)  Disper. corr.   Coulomb (SR)      Potential    Kinetic En.
   -2.22391e+03   -3.86262e+01    0.00000e+00   -2.26254e+03    8.55592e+02
   Total Energy  Conserved En.    Temperature Pres. DC (bar) Pressure (bar)
   -1.40695e+03   -1.53379e+03    1.37480e+02   -3.26391e+00   -6.23853e+00

           Step           Time
         157500      315.00000

   Energies (kJ/mol)
        LJ (SR)  Disper. corr.   Coulomb (SR)      Potential    Kinetic En.
   -2.16024e+03   -3.86262e+01    0.00000e+00   -2.19886e+03    7.57263e+02
   Total Energy  Conserved En.    Temperature Pres. DC (bar) Pressure (bar)
   -1.44160e+03   -1.53413e+03    1.21680e+02   -3.26391e+00   -1.49439e+01

           Step           Time
         158000      316.00000

   Energies (kJ/mol)
        LJ (SR)  Disper. corr.   Coulomb (SR)      Potential    Kinetic En.
   -2.15104e+03   -3.86262e+01    0.00000e+00   -2.18967e+03    8.05936e+02
   Total Energy  Conserved En.    Temperature Pres. DC (bar) Pressure (bar)
   -1.38373e+03   -1.53448e+03    1.29501e+02   -3.26391e+00   -8.78316e+00

           Step           Time
         158500      317.00000

   Energies (kJ/mol)
        LJ (SR)  Disper. corr.   Coulomb (SR)      Potential    Kinetic En.
   -2.18665e+03   -3.86262e+01    0.00000e+00   -2.22528e+03    8.08995e+02
   Total Energy  Conserved En.    Temperature Pres. DC (bar) Pressure (bar)
   -1.41628e+03   -1.53491e+03    1.29993e+02   -3.26391e+00    2.31364e+00

           Step           Time
         159000      318.00000

   Energies (kJ/mol)
        LJ (SR)  Disper. corr.   Coulomb (SR)      Potential    Kinetic En.
   -2.17965e+03   -3.86262e+01    0.00000e+00   -2.21828e+03    7.73746e+02
   Total Energy  Conserved En.    Temperature Pres. DC (bar) Pressure (bar)
   -1.44453e+03   -1.53528e+03    1.24329e+02   -3.26391e+00    4.36119e+00

           Step           Time
         159500      319.00000

   Energies (kJ/mol)
        LJ (SR)  Disper. corr.   Coulomb (SR)      Potential    Kinetic En.
   -2.20400e+03   -3.86262e+01    0.00000e+00   -2.24263e+03    8.27961e+02
   Total Energy  Conserved En.    Temperature Pres. DC (bar) Pressure (bar)
   -1.41467e+03   -1.53560e+03    1.33040e+02   -3.26391e+00   -3.29637e+00

           Step           Time
         160000      320.00000

   Energies (kJ/mol)
        LJ (SR)  Disper. corr.   Coulomb (SR)      Potential    Kinetic En.
   -2.22887e+03   -3.86262e+01    0.00000e+00   -2.26749e+03    7.99571e+02
   Total Energy  Conserved En.    Temperature Pres. DC (bar) Pressure (bar)
   -1.46792e+03   -1.53600e+03    1.28479e+02   -3.26391e+00   -8.36263e+00

           Step           Time
         160500      321.00000

   Energies (kJ/mol)
        LJ (SR)  Disper. corr.   Coulomb (SR)      Potential    Kinetic En.
   -2.20479e+03   -3.86262e+01    0.00000e+00   -2.24342e+03    8.11094e+02
   Total Energy  Conserved En.    Temperature Pres. DC (bar) Pressure (bar)
   -1.43233e+03   -1.53638e+03    1.30330e+02   -3.26391e+00   -8.30845e-01

           Step           Time
         161000      322.00000

   Energies (kJ/mol)
        LJ (SR)  Disper. corr.   Coulomb (SR)      Potential    Kinetic En.
   -2.20836e+03   -3.86262e+01    0.00000e+00   -2.24699e+03    7.50043e+02
   Total Energy  Conserved En.    Temperature Pres. DC (bar) Pressure (bar)
   -1.49694e+03   -1.53675e+03    1.20520e+02   -3.26391e+00   -6.03264e+00

           Step           Time
         161500      323.00000

   Energies (kJ/mol)
        LJ (SR)  Disper. corr.   Coulomb (SR)      Potential    Kinetic En.
   -2.19766e+03   -3.86262e+01    0.00000e+00   -2.23629e+03    7.34348e+02
   Total Energy  Conserved En.    Temperature Pres. DC (bar) Pressure (bar)
   -1.50194e+03   -1.53715e+03    1.17998e+02   -3.26391e+00   -1.16133e+01

           Step           Time
         162000      324.00000

   Energies (kJ/mol)
        LJ (SR)  Disper. corr.   Coulomb (SR)      Potential    Kinetic En.
   -2.15319e+03   -3.86262e+01    0.00000e+00   -2.19182e+03    8.52311e+02
   Total Energy  Conserved En.    Temperature Pres. DC (bar) Pressure (bar)
   -1.33951e+03   -1.53748e+03    1.36953e+02   -3.26391e+00    2.00707e+00

           Step           Time
         162500      325.00000

   Energies (kJ/mol)
        LJ (SR)  Disper. corr.   Coulomb (SR)      Potential    Kinetic En.
   -2.13672e+03   -3.86262e+01    0.00000e+00   -2.17535e+03    8.15757e+02
   Total Energy  Conserved En.    Temperature Pres. DC (bar) Pressure (bar)
   -1.35959e+03   -1.53786e+03    1.31080e+02   -3.26391e+00   -1.02446e+00

           Step           Time
         163000      326.00000

   Energies (kJ/mol)
        LJ (SR)  Disper. corr.   Coulomb (SR)      Potential    Kinetic En.
   -2.11967e+03   -3.86262e+01    0.00000e+00   -2.15829e+03    8.03899e+02
   Total Energy  Conserved En.    Temperature Pres. DC (bar) Pressure (bar)
   -1.35439e+03   -1.53821e+03    1.29174e+02   -3.26391e+00    3.07703e+00

           Step           Time
         163500      327.00000

   Energies (kJ/mol)
        LJ (SR)  Disper. corr.   Coulomb (SR)      Potential    Kinetic En.
   -2.12059e+03   -3.86262e+01    0.00000e+00   -2.15922e+03    7.81280e+02
   Total Energy  Conserved En.    Temperature Pres. DC (bar) Pressure (bar)
   -1.37794e+03   -1.53854e+03    1.25540e+02   -3.26391e+00    1.13961e+01

           Step           Time
         164000      328.00000

   Energies (kJ/mol)
        LJ (SR)  Disper. corr.   Coulomb (SR)      Potential    Kinetic En.
   -2.12532e+03   -3.86262e+01    0.00000e+00   -2.16394e+03    8.05016e+02
   Total Energy  Conserved En.    Temperature Pres. DC (bar) Pressure (bar)
   -1.35893e+03   -1.53891e+03    1.29354e+02   -3.26391e+00   -9.99902e+00

           Step           Time
         164500      329.00000

   Energies (kJ/mol)
        LJ (SR)  Disper. corr.   Coulomb (SR)      Potential    Kinetic En.
   -2.09250e+03   -3.86262e+01    0.00000e+00   -2.13113e+03    8.50199e+02
   Total Energy  Conserved En.    Temperature Pres. DC (bar) Pressure (bar)
   -1.28093e+03   -1.53927e+03    1.36614e+02   -3.26391e+00    1.59340e+01

           Step           Time
         165000      330.00000

   Energies (kJ/mol)
        LJ (SR)  Disper. corr.   Coulomb (SR)      Potential    Kinetic En.
   -2.10062e+03   -3.86262e+01    0.00000e+00   -2.13925e+03    7.94602e+02
   Total Energy  Conserved En.    Temperature Pres. DC (bar) Pressure (bar)
   -1.34464e+03   -1.53968e+03    1.27680e+02   -3.26391e+00    5.15530e+00

           Step           Time
         165500      331.00000

   Energies (kJ/mol)
        LJ (SR)  Disper. corr.   Coulomb (SR)      Potential    Kinetic En.
   -2.06176e+03   -3.86262e+01    0.00000e+00   -2.10039e+03    8.12451e+02
   Total Energy  Conserved En.    Temperature Pres. DC (bar) Pressure (bar)
   -1.28794e+03   -1.54002e+03    1.30548e+02   -3.26391e+00   -7.12465e+00

           Step           Time
         166000      332.00000

   Energies (kJ/mol)
        LJ (SR)  Disper. corr.   Coulomb (SR)      Potential    Kinetic En.
   -2.07986e+03   -3.86262e+01    0.00000e+00   -2.11848e+03    7.96288e+02
   Total Energy  Conserved En.    Temperature Pres. DC (bar) Pressure (bar)
   -1.32220e+03   -1.54035e+03    1.27951e+02   -3.26391e+00   -1.48429e+01

           Step           Time
         166500      333.00000

   Energies (kJ/mol)
        LJ (SR)  Disper. corr.   Coulomb (SR)      Potential    Kinetic En.
   -2.12940e+03   -3.86262e+01    0.00000e+00   -2.16803e+03    8.43494e+02
   Total Energy  Conserved En.    Temperature Pres. DC (bar) Pressure (bar)
   -1.32453e+03   -1.54077e+03    1.35536e+02   -3.26391e+00   -9.06488e-01

           Step           Time
         167000      334.00000

   Energies (kJ/mol)
        LJ (SR)  Disper. corr.   Coulomb (SR)      Potential    Kinetic En.
   -2.13424e+03   -3.86262e+01    0.00000e+00   -2.17286e+03    8.11030e+02
   Total Energy  Conserved En.    Temperature Pres. DC (bar) Pressure (bar)
   -1.36184e+03   -1.54112e+03    1.30320e+02   -3.26391e+00   -2.29799e+00

           Step           Time
         167500      335.00000

   Energies (kJ/mol)
        LJ (SR)  Disper. corr.   Coulomb (SR)      Potential    Kinetic En.
   -2.12748e+03   -3.86262e+01    0.00000e+00   -2.16611e+03    8.27156e+02
   Total Energy  Conserved En.    Temperature Pres. DC (bar) Pressure (bar)
   -1.33895e+03   -1.54141e+03    1.32911e+02   -3.26391e+00   -1.38343e+01

           Step           Time
         168000      336.00000

   Energies (kJ/mol)
        LJ (SR)  Disper. corr.   Coulomb (SR)      Potential    Kinetic En.
   -2.12048e+03   -3.86262e+01    0.00000e+00   -2.15911e+03    8.07819e+02
   Total Energy  Conserved En.    Temperature Pres. DC (bar) Pressure (bar)
   -1.35129e+03   -1.54175e+03    1.29804e+02   -3.26391e+00   -7.84645e+00

           Step           Time
         168500      337.00000

   Energies (kJ/mol)
        LJ (SR)  Disper. corr.   Coulomb (SR)      Potential    Kinetic En.
   -2.06587e+03   -3.86262e+01    0.00000e+00   -2.10450e+03    8.23503e+02
   Total Energy  Conserved En.    Temperature Pres. DC (bar) Pressure (bar)
   -1.28099e+03   -1.54204e+03    1.32324e+02   -3.26391e+00    5.32213e+00

           Step           Time
         169000      338.00000

   Energies (kJ/mol)
        LJ (SR)  Disper. corr.   Coulomb (SR)      Potential    Kinetic En.
   -2.06913e+03   -3.86262e+01    0.00000e+00   -2.10776e+03    8.49230e+02
   Total Energy  Conserved En.    Temperature Pres. DC (bar) Pressure (bar)
   -1.25853e+03   -1.54240e+03    1.36458e+02   -3.26391e+00    1.73566e+00

           Step           Time
         169500      339.00000

   Energies (kJ/mol)
        LJ (SR)  Disper. corr.   Coulomb (SR)      Potential    Kinetic En.
   -2.04087e+03   -3.86262e+01    0.00000e+00   -2.07950e+03    8.49250e+02
   Total Energy  Conserved En.    Temperature Pres. DC (bar) Pressure (bar)
   -1.23025e+03   -1.54278e+03    1.36461e+02   -3.26391e+00   -2.73144e+01

           Step           Time
         170000      340.00000

   Energies (kJ/mol)
        LJ (SR)  Disper. corr.   Coulomb (SR)      Potential    Kinetic En.
   -1.97617e+03   -3.86262e+01    0.00000e+00   -2.01480e+03    8.07998e+02
   Total Energy  Conserved En.    Temperature Pres. DC (bar) Pressure (bar)
   -1.20680e+03   -1.54309e+03    1.29833e+02   -3.26391e+00   -1.11358e+01

           Step           Time
         170500      341.00000

   Energies (kJ/mol)
        LJ (SR)  Disper. corr.   Coulomb (SR)      Potential    Kinetic En.
   -2.00792e+03   -3.86262e+01    0.00000e+00   -2.04654e+03    8.15729e+02
   Total Energy  Conserved En.    Temperature Pres. DC (bar) Pressure (bar)
   -1.23081e+03   -1.54345e+03    1.31075e+02   -3.26391e+00    3.36427e+00

           Step           Time
         171000      342.00000

   Energies (kJ/mol)
        LJ (SR)  Disper. corr.   Coulomb (SR)      Potential    Kinetic En.
   -2.01045e+03   -3.86262e+01    0.00000e+00   -2.04908e+03    8.18458e+02
   Total Energy  Conserved En.    Temperature Pres. DC (bar) Pressure (bar)
   -1.23062e+03   -1.54380e+03    1.31514e+02   -3.26391e+00   -3.54323e-01

           Step           Time
         171500      343.00000

   Energies (kJ/mol)
        LJ (SR)  Disper. corr.   Coulomb (SR)      Potential    Kinetic En.
   -2.03521e+03   -3.86262e+01    0.00000e+00   -2.07383e+03    8.33216e+02
   Total Energy  Conserved En.    Temperature Pres. DC (bar) Pressure (bar)
   -1.24062e+03   -1.54418e+03    1.33885e+02   -3.26391e+00    2.65807e-01

           Step           Time
         172000      344.00000

   Energies (kJ/mol)
        LJ (SR)  Disper. corr.   Coulomb (SR)      Potential    Kinetic En.
   -2.08238e+03   -3.86262e+01    0.00000e+00   -2.12101e+03    8.14998e+02
   Total Energy  Conserved En.    Temperature Pres. DC (bar) Pressure (bar)
   -1.30601e+03   -1.54455e+03    1.30958e+02   -3.26391e+00   -1.92438e+00

           Step           Time
         172500      345.00000

   Energies (kJ/mol)
        LJ (SR)  Disper. corr.   Coulomb (SR)      Potential    Kinetic En.
   -2.10456e+03   -3.86262e+01    0.00000e+00   -2.14319e+03    8.24035e+02
   Total Energy  Conserved En.    Temperature Pres. DC (bar) Pressure (bar)
   -1.31915e+03   -1.54493e+03    1.32410e+02   -3.26391e+00    2.42565e+01

           Step           Time
         173000      346.00000

   Energies (kJ/mol)
        LJ (SR)  Disper. corr.   Coulomb (SR)      Potential    Kinetic En.
   -2.05246e+03   -3.86262e+01    0.00000e+00   -2.09109e+03    7.89943e+02
   Total Energy  Conserved En.    Temperature Pres. DC (bar) Pressure (bar)
   -1.30115e+03   -1.54529e+03    1.26932e+02   -3.26391e+00   -4.99962e+00

           Step           Time
         173500      347.00000

   Energies (kJ/mol)
        LJ (SR)  Disper. corr.   Coulomb (SR)      Potential    Kinetic En.
   -2.06122e+03   -3.86262e+01    0.00000e+00   -2.09985e+03    7.97881e+02
   Total Energy  Conserved En.    Temperature Pres. DC (bar) Pressure (bar)
   -1.30197e+03   -1.54564e+03    1.28207e+02   -3.26391e+00    1.04760e+01

           Step           Time
         174000      348.00000

   Energies (kJ/mol)
        LJ (SR)  Disper. corr.   Coulomb (SR)      Potential    Kinetic En.
   -2.09441e+03   -3.86262e+01    0.00000e+00   -2.13304e+03    8.01421e+02
   Total Energy  Conserved En.    Temperature Pres. DC (bar) Pressure (bar)
   -1.33162e+03   -1.54602e+03    1.28776e+02   -3.26391e+00    7.80826e+00

           Step           Time
         174500      349.00000

   Energies (kJ/mol)
        LJ (SR)  Disper. corr.   Coulomb (SR)      Potential    Kinetic En.
   -2.11171e+03   -3.86262e+01    0.00000e+00   -2.15033e+03    8.77165e+02
   Total Energy  Conserved En.    Temperature Pres. DC (bar) Pressure (bar)
   -1.27317e+03   -1.54646e+03    1.40947e+02   -3.26391e+00   -6.00655e+00

           Step           Time
         175000      350.00000

   Energies (kJ/mol)
        LJ (SR)  Disper. corr.   Coulomb (SR)      Potential    Kinetic En.
   -2.12862e+03   -3.86262e+01    0.00000e+00   -2.16725e+03    8.16858e+02
   Total Energy  Conserved En.    Temperature Pres. DC (bar) Pressure (bar)
   -1.35039e+03   -1.54674e+03    1.31256e+02   -3.26391e+00    2.86339e+00

           Step           Time
         175500      351.00000

   Energies (kJ/mol)
        LJ (SR)  Disper. corr.   Coulomb (SR)      Potential    Kinetic En.
   -2.05496e+03   -3.86262e+01    0.00000e+00   -2.09359e+03    7.47265e+02
   Total Energy  Conserved En.    Temperature Pres. DC (bar) Pressure (bar)
   -1.34632e+03   -1.54701e+03    1.20074e+02   -3.26391e+00    2.80594e+00

           Step           Time
         176000      352.00000

   Energies (kJ/mol)
        LJ (SR)  Disper. corr.   Coulomb (SR)      Potential    Kinetic En.
   -2.07364e+03   -3.86262e+01    0.00000e+00   -2.11226e+03    8.67549e+02
   Total Energy  Conserved En.    Temperature Pres. DC (bar) Pressure (bar)
   -1.24471e+03   -1.54738e+03    1.39402e+02   -3.26391e+00   -1.08264e+01

           Step           Time
         176500      353.00000

   Energies (kJ/mol)
        LJ (SR)  Disper. corr.   Coulomb (SR)      Potential    Kinetic En.
   -2.04624e+03   -3.86262e+01    0.00000e+00   -2.08486e+03    8.37187e+02
   Total Energy  Conserved En.    Temperature Pres. DC (bar) Pressure (bar)
   -1.24768e+03   -1.54770e+03    1.34523e+02   -3.26391e+00   -1.42640e+01

           Step           Time
         177000      354.00000

   Energies (kJ/mol)
        LJ (SR)  Disper. corr.   Coulomb (SR)      Potential    Kinetic En.
   -2.06599e+03   -3.86262e+01    0.00000e+00   -2.10462e+03    7.75896e+02
   Total Energy  Conserved En.    Temperature Pres. DC (bar) Pressure (bar)
   -1.32872e+03   -1.54809e+03    1.24674e+02   -3.26391e+00   -1.04505e+01

           Step           Time
         177500      355.00000

   Energies (kJ/mol)
        LJ (SR)  Disper. corr.   Coulomb (SR)      Potential    Kinetic En.
   -2.10400e+03   -3.86262e+01    0.00000e+00   -2.14263e+03    8.54726e+02
   Total Energy  Conserved En.    Temperature Pres. DC (bar) Pressure (bar)
   -1.28790e+03   -1.54842e+03    1.37341e+02   -3.26391e+00   -1.57463e+01

           Step           Time
         178000      356.00000

   Energies (kJ/mol)
        LJ (SR)  Disper. corr.   Coulomb (SR)      Potential    Kinetic En.
   -2.06301e+03   -3.86262e+01    0.00000e+00   -2.10164e+03    7.34768e+02
   Total Energy  Conserved En.    Temperature Pres. DC (bar) Pressure (bar)
   -1.36687e+03   -1.54879e+03    1.18066e+02   -3.26391e+00   -1.24880e+01

           Step           Time
         178500      357.00000

   Energies (kJ/mol)
        LJ (SR)  Disper. corr.   Coulomb (SR)      Potential    Kinetic En.
   -2.06619e+03   -3.86262e+01    0.00000e+00   -2.10482e+03    7.85446e+02
   Total Energy  Conserved En.    Temperature Pres. DC (bar) Pressure (bar)
   -1.31937e+03   -1.54920e+03    1.26209e+02   -3.26391e+00   -4.22602e+00

           Step           Time
         179000      358.00000

   Energies (kJ/mol)
        LJ (SR)  Disper. corr.   Coulomb (SR)      Potential    Kinetic En.
   -2.11130e+03   -3.86262e+01    0.00000e+00   -2.14993e+03    7.95341e+02
   Total Energy  Conserved En.    Temperature Pres. DC (bar) Pressure (bar)
   -1.35459e+03   -1.54957e+03    1.27799e+02   -3.26391e+00   -5.28858e+00

           Step           Time
         179500      359.00000

   Energies (kJ/mol)
        LJ (SR)  Disper. corr.   Coulomb (SR)      Potential    Kinetic En.
   -2.12735e+03   -3.86262e+01    0.00000e+00   -2.16598e+03    8.11623e+02
   Total Energy  Conserved En.    Temperature Pres. DC (bar) Pressure (bar)
   -1.35435e+03   -1.54989e+03    1.30415e+02   -3.26391e+00   -1.68281e+01

           Step           Time
         180000      360.00000

   Energies (kJ/mol)
        LJ (SR)  Disper. corr.   Coulomb (SR)      Potential    Kinetic En.
   -2.02051e+03   -3.86262e+01    0.00000e+00   -2.05914e+03    8.15736e+02
   Total Energy  Conserved En.    Temperature Pres. DC (bar) Pressure (bar)
   -1.24340e+03   -1.55030e+03    1.31076e+02   -3.26391e+00   -1.59124e-01

           Step           Time
         180500      361.00000

   Energies (kJ/mol)
        LJ (SR)  Disper. corr.   Coulomb (SR)      Potential    Kinetic En.
   -1.98962e+03   -3.86262e+01    0.00000e+00   -2.02824e+03    8.02949e+02
   Total Energy  Conserved En.    Temperature Pres. DC (bar) Pressure (bar)
   -1.22530e+03   -1.55065e+03    1.29021e+02   -3.26391e+00   -7.97065e+00

           Step           Time
         181000      362.00000

   Energies (kJ/mol)
        LJ (SR)  Disper. corr.   Coulomb (SR)      Potential    Kinetic En.
   -2.00488e+03   -3.86262e+01    0.00000e+00   -2.04351e+03    8.51812e+02
   Total Energy  Conserved En.    Temperature Pres. DC (bar) Pressure (bar)
   -1.19170e+03   -1.55106e+03    1.36873e+02   -3.26391e+00    1.23201e+00

           Step           Time
         181500      363.00000

   Energies (kJ/mol)
        LJ (SR)  Disper. corr.   Coulomb (SR)      Potential    Kinetic En.
   -2.03879e+03   -3.86262e+01    0.00000e+00   -2.07742e+03    8.14677e+02
   Total Energy  Conserved En.    Temperature Pres. DC (bar) Pressure (bar)
   -1.26274e+03   -1.55148e+03    1.30906e+02   -3.26391e+00   -3.31919e+00

           Step           Time
         182000      364.00000

   Energies (kJ/mol)
        LJ (SR)  Disper. corr.   Coulomb (SR)      Potential    Kinetic En.
   -2.06750e+03   -3.86262e+01    0.00000e+00   -2.10612e+03    8.45860e+02
   Total Energy  Conserved En.    Temperature Pres. DC (bar) Pressure (bar)
   -1.26026e+03   -1.55193e+03    1.35917e+02   -3.26391e+00   -8.37256e+00

           Step           Time
         182500      365.00000

   Energies (kJ/mol)
        LJ (SR)  Disper. corr.   Coulomb (SR)      Potential    Kinetic En.
   -2.10225e+03   -3.86262e+01    0.00000e+00   -2.14087e+03    8.00319e+02
   Total Energy  Conserved En.    Temperature Pres. DC (bar) Pressure (bar)
   -1.34055e+03   -1.55241e+03    1.28599e+02   -3.26391e+00   -1.27892e+01

           Step           Time
         183000      366.00000

   Energies (kJ/mol)
        LJ (SR)  Disper. corr.   Coulomb (SR)      Potential    Kinetic En.
   -2.15800e+03   -3.86262e+01    0.00000e+00   -2.19663e+03    7.88759e+02
   Total Energy  Conserved En.    Temperature Pres. DC (bar) Pressure (bar)
   -1.40787e+03   -1.55279e+03    1.26741e+02   -3.26391e+00   -7.68452e+00

           Step           Time
         183500      367.00000

   Energies (kJ/mol)
        LJ (SR)  Disper. corr.   Coulomb (SR)      Potential    Kinetic En.
   -2.18464e+03   -3.86262e+01    0.00000e+00   -2.22327e+03    8.26170e+02
   Total Energy  Conserved En.    Temperature Pres. DC (bar) Pressure (bar)
   -1.39710e+03   -1.55324e+03    1.32753e+02   -3.26391e+00    3.90032e-01

           Step           Time
         184000      368.00000

   Energies (kJ/mol)
        LJ (SR)  Disper. corr.   Coulomb (SR)      Potential    Kinetic En.
   -2.10070e+03   -3.86262e+01    0.00000e+00   -2.13932e+03    8.21473e+02
   Total Energy  Conserved En.    Temperature Pres. DC (bar) Pressure (bar)
   -1.31785e+03   -1.55356e+03    1.31998e+02   -3.26391e+00    3.77767e+00

           Step           Time
         184500      369.00000

   Energies (kJ/mol)
        LJ (SR)  Disper. corr.   Coulomb (SR)      Potential    Kinetic En.
   -2.08132e+03   -3.86262e+01    0.00000e+00   -2.11994e+03    7.94473e+02
   Total Energy  Conserved En.    Temperature Pres. DC (bar) Pressure (bar)
   -1.32547e+03   -1.55383e+03    1.27660e+02   -3.26391e+00   -6.12851e+00

           Step           Time
         185000      370.00000

   Energies (kJ/mol)
        LJ (SR)  Disper. corr.   Coulomb (SR)      Potential    Kinetic En.
   -2.04846e+03   -3.86262e+01    0.00000e+00   -2.08709e+03    8.12712e+02
   Total Energy  Conserved En.    Temperature Pres. DC (bar) Pressure (bar)
   -1.27438e+03   -1.55422e+03    1.30590e+02   -3.26391e+00   -6.67648e+00

           Step           Time
         185500      371.00000

   Energies (kJ/mol)
        LJ (SR)  Disper. corr.   Coulomb (SR)      Potential    Kinetic En.
   -2.05590e+03   -3.86262e+01    0.00000e+00   -2.09452e+03    8.08318e+02
   Total Energy  Conserved En.    Temperature Pres. DC (bar) Pressure (bar)
   -1.28620e+03   -1.55459e+03    1.29884e+02   -3.26391e+00   -2.72568e+01

           Step           Time
         186000      372.00000

   Energies (kJ/mol)
        LJ (SR)  Disper. corr.   Coulomb (SR)      Potential    Kinetic En.
   -2.06871e+03   -3.86262e+01    0.00000e+00   -2.10734e+03    8.68847e+02
   Total Energy  Conserved En.    Temperature Pres. DC (bar) Pressure (bar)
   -1.23849e+03   -1.55493e+03    1.39610e+02   -3.26391e+00   -1.90253e-01

           Step           Time
         186500      373.00000

   Energies (kJ/mol)
        LJ (SR)  Disper. corr.   Coulomb (SR)      Potential    Kinetic En.
   -2.11927e+03   -3.86262e+01    0.00000e+00   -2.15790e+03    7.08009e+02
   Total Energy  Conserved En.    Temperature Pres. DC (bar) Pressure (bar)
   -1.44989e+03   -1.55533e+03    1.13766e+02   -3.26391e+00   -2.25245e+01

           Step           Time
         187000      374.00000

   Energies (kJ/mol)
        LJ (SR)  Disper. corr.   Coulomb (SR)      Potential    Kinetic En.
   -2.14427e+03   -3.86262e+01    0.00000e+00   -2.18290e+03    8.17497e+02
   Total Energy  Conserved En.    Temperature Pres. DC (bar) Pressure (bar)
   -1.36540e+03   -1.55573e+03    1.31359e+02   -3.26391e+00    1.19577e+01

           Step           Time
         187500      375.00000

   Energies (kJ/mol)
        LJ (SR)  Disper. corr.   Coulomb (SR)      Potential    Kinetic En.
   -2.17545e+03   -3.86262e+01    0.00000e+00   -2.21407e+03    8.67299e+02
   Total Energy  Conserved En.    Temperature Pres. DC (bar) Pressure (bar)
   -1.34677e+03   -1.55613e+03    1.39362e+02   -3.26391e+00    5.09925e+00

           Step           Time
         188000      376.00000

   Energies (kJ/mol)
        LJ (SR)  Disper. corr.   Coulomb (SR)      Potential    Kinetic En.
   -2.11679e+03   -3.86262e+01    0.00000e+00   -2.15541e+03    7.61544e+02
   Total Energy  Conserved En.    Temperature Pres. DC (bar) Pressure (bar)
   -1.39387e+03   -1.55653e+03    1.22368e+02   -3.26391e+00    1.73324e+01

           Step           Time
         188500      377.00000

   Energies (kJ/mol)
        LJ (SR)  Disper. corr.   Coulomb (SR)      Potential    Kinetic En.
   -2.12780e+03   -3.86262e+01    0.00000e+00   -2.16643e+03    8.04122e+02
   Total Energy  Conserved En.    Temperature Pres. DC (bar) Pressure (bar)
   -1.36230e+03   -1.55697e+03    1.29210e+02   -3.26391e+00   -4.22756e+00

           Step           Time
         189000      378.00000

   Energies (kJ/mol)
        LJ (SR)  Disper. corr.   Coulomb (SR)      Potential    Kinetic En.
   -2.11464e+03   -3.86262e+01    0.00000e+00   -2.15327e+03    7.49330e+02
   Total Energy  Conserved En.    Temperature Pres. DC (bar) Pressure (bar)
   -1.40394e+03   -1.55737e+03    1.20406e+02   -3.26391e+00   -2.34330e+01

           Step           Time
         189500      379.00000

   Energies (kJ/mol)
        LJ (SR)  Disper. corr.   Coulomb (SR)      Potential    Kinetic En.
   -2.13120e+03   -3.86262e+01    0.00000e+00   -2.16982e+03    8.31464e+02
   Total Energy  Conserved En.    Temperature Pres. DC (bar) Pressure (bar)
   -1.33836e+03   -1.55774e+03    1.33603e+02   -3.26391e+00   -4.25095e+00

           Step           Time
         190000      380.00000

   Energies (kJ/mol)
        LJ (SR)  Disper. corr.   Coulomb (SR)      Potential    Kinetic En.
   -2.15993e+03   -3.86262e+01    0.00000e+00   -2.19855e+03    8.20030e+02
   Total Energy  Conserved En.    Temperature Pres. DC (bar) Pressure (bar)
   -1.37852e+03   -1.55817e+03    1.31766e+02   -3.26391e+00   -9.61903e+00

           Step           Time
         190500      381.00000

   Energies (kJ/mol)
        LJ (SR)  Disper. corr.   Coulomb (SR)      Potential    Kinetic En.
   -2.12264e+03   -3.86262e+01    0.00000e+00   -2.16127e+03    8.07706e+02
   Total Energy  Conserved En.    Temperature Pres. DC (bar) Pressure (bar)
   -1.35356e+03   -1.55854e+03    1.29786e+02   -3.26391e+00   -1.60463e+00

           Step           Time
         191000      382.00000

   Energies (kJ/mol)
        LJ (SR)  Disper. corr.   Coulomb (SR)      Potential    Kinetic En.
   -2.12358e+03   -3.86262e+01    0.00000e+00   -2.16221e+03    7.59002e+02
   Total Energy  Conserved En.    Temperature Pres. DC (bar) Pressure (bar)
   -1.40320e+03   -1.55889e+03    1.21960e+02   -3.26391e+00   -7.34390e+00

           Step           Time
         191500      383.00000

   Energies (kJ/mol)
        LJ (SR)  Disper. corr.   Coulomb (SR)      Potential    Kinetic En.
   -2.13784e+03   -3.86262e+01    0.00000e+00   -2.17647e+03    8.11319e+02
   Total Energy  Conserved En.    Temperature Pres. DC (bar) Pressure (bar)
   -1.36515e+03   -1.55923e+03    1.30366e+02   -3.26391e+00    4.40737e+00

           Step           Time
         192000      384.00000

   Energies (kJ/mol)
        LJ (SR)  Disper. corr.   Coulomb (SR)      Potential    Kinetic En.
   -2.10410e+03   -3.86262e+01    0.00000e+00   -2.14273e+03    7.74881e+02
   Total Energy  Conserved En.    Temperature Pres. DC (bar) Pressure (bar)
   -1.36785e+03   -1.55959e+03    1.24511e+02   -3.26391e+00    1.33135e+00

           Step           Time
         192500      385.00000

   Energies (kJ/mol)
        LJ (SR)  Disper. corr.   Coulomb (SR)      Potential    Kinetic En.
   -2.09232e+03   -3.86262e+01    0.00000e+00   -2.13094e+03    7.87943e+02
   Total Energy  Conserved En.    Temperature Pres. DC (bar) Pressure (bar)
   -1.34300e+03   -1.55994e+03    1.26610e+02   -3.26391e+00   -7.95980e+00

           Step           Time
         193000      386.00000

   Energies (kJ/mol)
        LJ (SR)  Disper. corr.   Coulomb (SR)      Potential    Kinetic En.
   -2.04051e+03   -3.86262e+01    0.00000e+00   -2.07913e+03    8.06308e+02
   Total Energy  Conserved En.    Temperature Pres. DC (bar) Pressure (bar)
   -1.27283e+03   -1.56023e+03    1.29561e+02   -3.26391e+00    6.44697e+00

           Step           Time
         193500      387.00000

   Energies (kJ/mol)
        LJ (SR)  Disper. corr.   Coulomb (SR)      Potential    Kinetic En.
   -2.08421e+03   -3.86262e+01    0.00000e+00   -2.12283e+03    8.15022e+02
   Total Energy  Conserved En.    Temperature Pres. DC (bar) Pressure (bar)
   -1.30781e+03   -1.56059e+03    1.30961e+02   -3.26391e+00   -3.71400e+00

           Step           Time
         194000      388.00000

   Energies (kJ/mol)
        LJ (SR)  Disper. corr.   Coulomb (SR)      Potential    Kinetic En.
   -2.06234e+03   -3.86262e+01    0.00000e+00   -2.10096e+03    7.85363e+02
   Total Energy  Conserved En.    Temperature Pres. DC (bar) Pressure (bar)
   -1.31560e+03   -1.56092e+03    1.26196e+02   -3.26391e+00   -1.81157e+00

           Step           Time
         194500      389.00000

   Energies (kJ/mol)
        LJ (SR)  Disper. corr.   Coulomb (SR)      Potential    Kinetic En.
   -2.10287e+03   -3.86262e+01    0.00000e+00   -2.14150e+03    7.88678e+02
   Total Energy  Conserved En.    Temperature Pres. DC (bar) Pressure (bar)
   -1.35282e+03   -1.56133e+03    1.26728e+02   -3.26391e+00   -4.11441e+00

           Step           Time
         195000      390.00000

   Energies (kJ/mol)
        LJ (SR)  Disper. corr.   Coulomb (SR)      Potential    Kinetic En.
   -2.11458e+03   -3.86262e+01    0.00000e+00   -2.15321e+03    7.96992e+02
   Total Energy  Conserved En.    Temperature Pres. DC (bar) Pressure (bar)
   -1.35621e+03   -1.56170e+03    1.28064e+02   -3.26391e+00   -6.07192e+00

           Step           Time
         195500      391.00000

   Energies (kJ/mol)
        LJ (SR)  Disper. corr.   Coulomb (SR)      Potential    Kinetic En.
   -2.08835e+03   -3.86262e+01    0.00000e+00   -2.12698e+03    7.72282e+02
   Total Energy  Conserved En.    Temperature Pres. DC (bar) Pressure (bar)
   -1.35470e+03   -1.56205e+03    1.24094e+02   -3.26391e+00    2.56106e+00

           Step           Time
         196000      392.00000

   Energies (kJ/mol)
        LJ (SR)  Disper. corr.   Coulomb (SR)      Potential    Kinetic En.
   -2.14871e+03   -3.86262e+01    0.00000e+00   -2.18734e+03    8.23476e+02
   Total Energy  Conserved En.    Temperature Pres. DC (bar) Pressure (bar)
   -1.36386e+03   -1.56244e+03    1.32320e+02   -3.26391e+00    5.19940e+00

           Step           Time
         196500      393.00000

   Energies (kJ/mol)
        LJ (SR)  Disper. corr.   Coulomb (SR)      Potential    Kinetic En.
   -2.12905e+03   -3.86262e+01    0.00000e+00   -2.16768e+03    8.09628e+02
   Total Energy  Conserved En.    Temperature Pres. DC (bar) Pressure (bar)
   -1.35805e+03   -1.56283e+03    1.30095e+02   -3.26391e+00    5.85494e-01

           Step           Time
         197000      394.00000

   Energies (kJ/mol)
        LJ (SR)  Disper. corr.   Coulomb (SR)      Potential    Kinetic En.
   -2.11634e+03   -3.86262e+01    0.00000e+00   -2.15496e+03    7.81651e+02
   Total Energy  Conserved En.    Temperature Pres. DC (bar) Pressure (bar)
   -1.37331e+03   -1.56320e+03    1.25599e+02   -3.26391e+00   -1.51519e+01

           Step           Time
         197500      395.00000

   Energies (kJ/mol)
        LJ (SR)  Disper. corr.   Coulomb (SR)      Potential    Kinetic En.
   -2.11460e+03   -3.86262e+01    0.00000e+00   -2.15323e+03    7.64642e+02
   Total Energy  Conserved En.    Temperature Pres. DC (bar) Pressure (bar)
   -1.38859e+03   -1.56358e+03    1.22866e+02   -3.26391e+00   -2.84198e+01

           Step           Time
         198000      396.00000

   Energies (kJ/mol)
        LJ (SR)  Disper. corr.   Coulomb (SR)      Potential    Kinetic En.
   -2.09648e+03   -3.86262e+01    0.00000e+00   -2.13510e+03    7.92352e+02
   Total Energy  Conserved En.    Temperature Pres. DC (bar) Pressure (bar)
   -1.34275e+03   -1.56392e+03    1.27319e+02   -3.26391e+00   -7.10964e+00

           Step           Time
         198500      397.00000

   Energies (kJ/mol)
        LJ (SR)  Disper. corr.   Coulomb (SR)      Potential    Kinetic En.
   -2.12538e+03   -3.86262e+01    0.00000e+00   -2.16401e+03    8.28913e+02
   Total Energy  Conserved En.    Temperature Pres. DC (bar) Pressure (bar)
   -1.33509e+03   -1.56435e+03    1.33194e+02   -3.26391e+00   -3.04492e+00

           Step           Time
         199000      398.00000

   Energies (kJ/mol)
        LJ (SR)  Disper. corr.   Coulomb (SR)      Potential    Kinetic En.
   -2.16360e+03   -3.86262e+01    0.00000e+00   -2.20223e+03    8.35628e+02
   Total Energy  Conserved En.    Temperature Pres. DC (bar) Pressure (bar)
   -1.36660e+03   -1.56476e+03    1.34273e+02   -3.26391e+00    6.97472e-01

           Step           Time
         199500      399.00000

   Energies (kJ/mol)
        LJ (SR)  Disper. corr.   Coulomb (SR)      Potential    Kinetic En.
   -2.18792e+03   -3.86262e+01    0.00000e+00   -2.22654e+03    8.46064e+02
   Total Energy  Conserved En.    Temperature Pres. DC (bar) Pressure (bar)
   -1.38048e+03   -1.56513e+03    1.35949e+02   -3.26391e+00    6.59241e+00

           Step           Time
         200000      400.00000

   Energies (kJ/mol)
        LJ (SR)  Disper. corr.   Coulomb (SR)      Potential    Kinetic En.
   -2.14962e+03   -3.86262e+01    0.00000e+00   -2.18824e+03    8.44465e+02
   Total Energy  Conserved En.    Temperature Pres. DC (bar) Pressure (bar)
   -1.34378e+03   -1.56547e+03    1.35692e+02   -3.26391e+00   -9.75661e-01

           Step           Time
         200500      401.00000

   Energies (kJ/mol)
        LJ (SR)  Disper. corr.   Coulomb (SR)      Potential    Kinetic En.
   -2.13403e+03   -3.86262e+01    0.00000e+00   -2.17266e+03    7.78957e+02
   Total Energy  Conserved En.    Temperature Pres. DC (bar) Pressure (bar)
   -1.39370e+03   -1.56583e+03    1.25166e+02   -3.26391e+00   -2.60825e+01

           Step           Time
         201000      402.00000

   Energies (kJ/mol)
        LJ (SR)  Disper. corr.   Coulomb (SR)      Potential    Kinetic En.
   -2.09194e+03   -3.86262e+01    0.00000e+00   -2.13057e+03    7.92337e+02
   Total Energy  Conserved En.    Temperature Pres. DC (bar) Pressure (bar)
   -1.33823e+03   -1.56617e+03    1.27316e+02   -3.26391e+00   -1.66400e+01

           Step           Time
         201500      403.00000

   Energies (kJ/mol)
        LJ (SR)  Disper. corr.   Coulomb (SR)      Potential    Kinetic En.
   -2.08633e+03   -3.86262e+01    0.00000e+00   -2.12495e+03    7.58057e+02
   Total Energy  Conserved En.    Temperature Pres. DC (bar) Pressure (bar)
   -1.36689e+03   -1.56650e+03    1.21808e+02   -3.26391e+00   -1.65850e+01

           Step           Time
         202000      404.00000

   Energies (kJ/mol)
        LJ (SR)  Disper. corr.   Coulomb (SR)      Potential    Kinetic En.
   -2.11042e+03   -3.86262e+01    0.00000e+00   -2.14904e+03    8.29998e+02
   Total Energy  Conserved En.    Temperature Pres. DC (bar) Pressure (bar)
   -1.31904e+03   -1.56690e+03    1.33368e+02   -3.26391e+00   -1.39054e+01

           Step           Time
         202500      405.00000

   Energies (kJ/mol)
        LJ (SR)  Disper. corr.   Coulomb (SR)      Potential    Kinetic En.
   -2.13871e+03   -3.86262e+01    0.00000e+00   -2.17734e+03    8.51993e+02
   Total Energy  Conserved En.    Temperature Pres. DC (bar) Pressure (bar)
   -1.32535e+03   -1.56730e+03    1.36902e+02   -3.26391e+00    6.26659e+00

           Step           Time
         203000      406.00000

   Energies (kJ/mol)
        LJ (SR)  Disper. corr.   Coulomb (SR)      Potential    Kinetic En.
   -2.19995e+03   -3.86262e+01    0.00000e+00   -2.23858e+03    7.86319e+02
   Total Energy  Conserved En.    Temperature Pres. DC (bar) Pressure (bar)
   -1.45226e+03   -1.56775e+03    1.26349e+02   -3.26391e+00    8.40617e+00

           Step           Time
         203500      407.00000

   Energies (kJ/mol)
        LJ (SR)  Disper. corr.   Coulomb (SR)      Potential    Kinetic En.
   -2.20324e+03   -3.86262e+01    0.00000e+00   -2.24187e+03    8.08225e+02
   Total Energy  Conserved En.    Temperature Pres. DC (bar) Pressure (bar)
   -1.43364e+03   -1.56817e+03    1.29869e+02   -3.26391e+00   -7.46377e+00

           Step           Time
         204000      408.00000

   Energies (kJ/mol)
        LJ (SR)  Disper. corr.   Coulomb (SR)      Potential    Kinetic En.
   -2.19750e+03   -3.86262e+01    0.00000e+00   -2.23613e+03    8.41408e+02
   Total Energy  Conserved En.    Temperature Pres. DC (bar) Pressure (bar)
   -1.39472e+03   -1.56851e+03    1.35201e+02   -3.26391e+00   -1.33460e+01

           Step           Time
         204500      409.00000

   Energies (kJ/mol)
        LJ (SR)  Disper. corr.   Coulomb (SR)      Potential    Kinetic En.
   -2.17045e+03   -3.86262e+01    0.00000e+00   -2.20908e+03    8.06565e+02
   Total Energy  Conserved En.    Temperature Pres. DC (bar) Pressure (bar)
   -1.40251e+03   -1.56887e+03    1.29603e+02   -3.26391e+00   -2.64833e+01

           Step           Time
         205000      410.00000

   Energies (kJ/mol)
        LJ (SR)  Disper. corr.   Coulomb (SR)      Potential    Kinetic En.
   -2.16505e+03   -3.86262e+01    0.00000e+00   -2.20367e+03    8.20060e+02
   Total Energy  Conserved En.    Temperature Pres. DC (bar) Pressure (bar)
   -1.38361e+03   -1.56922e+03    1.31771e+02   -3.26391e+00   -2.17267e+00

           Step           Time
         205500      411.00000

   Energies (kJ/mol)
        LJ (SR)  Disper. corr.   Coulomb (SR)      Potential    Kinetic En.
   -2.19031e+03   -3.86262e+01    0.00000e+00   -2.22894e+03    8.25500e+02
   Total Energy  Conserved En.    Temperature Pres. DC (bar) Pressure (bar)
   -1.40344e+03   -1.56958e+03    1.32645e+02   -3.26391e+00    3.29472e-01

           Step           Time
         206000      412.00000

   Energies (kJ/mol)
        LJ (SR)  Disper. corr.   Coulomb (SR)      Potential    Kinetic En.
   -2.15853e+03   -3.86262e+01    0.00000e+00   -2.19715e+03    7.79977e+02
   Total Energy  Conserved En.    Temperature Pres. DC (bar) Pressure (bar)
   -1.41717e+03   -1.56995e+03    1.25330e+02   -3.26391e+00   -4.78576e+00

           Step           Time
         206500      413.00000

   Energies (kJ/mol)
        LJ (SR)  Disper. corr.   Coulomb (SR)      Potential    Kinetic En.
   -2.16370e+03   -3.86262e+01    0.00000e+00   -2.20232e+03    7.96341e+02
   Total Energy  Conserved En.    Temperature Pres. DC (bar) Pressure (bar)
   -1.40598e+03   -1.57034e+03    1.27960e+02   -3.26391e+00   -1.92477e+00

           Step           Time
         207000      414.00000

   Energies (kJ/mol)
        LJ (SR)  Disper. corr.   Coulomb (SR)      Potential    Kinetic En.
   -2.17146e+03   -3.86262e+01    0.00000e+00   -2.21008e+03    8.05903e+02
   Total Energy  Conserved En.    Temperature Pres. DC (bar) Pressure (bar)
   -1.40418e+03   -1.57074e+03    1.29496e+02   -3.26391e+00   -3.68406e+00

           Step           Time
         207500      415.00000

   Energies (kJ/mol)
        LJ (SR)  Disper. corr.   Coulomb (SR)      Potential    Kinetic En.
   -2.16064e+03   -3.86262e+01    0.00000e+00   -2.19926e+03    7.73223e+02
   Total Energy  Conserved En.    Temperature Pres. DC (bar) Pressure (bar)
   -1.42604e+03   -1.57108e+03    1.24245e+02   -3.26391e+00   -1.69306e+00

           Step           Time
         208000      416.00000

   Energies (kJ/mol)
        LJ (SR)  Disper. corr.   Coulomb (SR)      Potential    Kinetic En.
   -2.12740e+03   -3.86262e+01    0.00000e+00   -2.16603e+03    7.81502e+02
   Total Energy  Conserved En.    Temperature Pres. DC (bar) Pressure (bar)
   -1.38452e+03   -1.57142e+03    1.25575e+02   -3.26391e+00   -6.98352e+00

           Step           Time
         208500      417.00000

   Energies (kJ/mol)
        LJ (SR)  Disper. corr.   Coulomb (SR)      Potential    Kinetic En.
   -2.16822e+03   -3.86262e+01    0.00000e+00   -2.20685e+03    8.11669e+02
   Total Energy  Conserved En.    Temperature Pres. DC (bar) Pressure (bar)
   -1.39518e+03   -1.57180e+03    1.30423e+02   -3.26391e+00   -1.13364e+00

           Step           Time
         209000      418.00000

   Energies (kJ/mol)
        LJ (SR)  Disper. corr.   Coulomb (SR)      Potential    Kinetic En.
   -2.11923e+03   -3.86262e+01    0.00000e+00   -2.15786e+03    8.19217e+02
   Total Energy  Conserved En.    Temperature Pres. DC (bar) Pressure (bar)
   -1.33864e+03   -1.57224e+03    1.31636e+02   -3.26391e+00    8.58831e-01

           Step           Time
         209500      419.00000

   Energies (kJ/mol)
        LJ (SR)  Disper. corr.   Coulomb (SR)      Potential    Kinetic En.
   -2.06617e+03   -3.86262e+01    0.00000e+00   -2.10480e+03    7.99782e+02
   Total Energy  Conserved En.    Temperature Pres. DC (bar) Pressure (bar)
   -1.30502e+03   -1.57253e+03    1.28513e+02   -3.26391e+00   -8.09864e+00

           Step           Time
         210000      420.00000

   Energies (kJ/mol)
        LJ (SR)  Disper. corr.   Coulomb (SR)      Potential    Kinetic En.
   -2.04219e+03   -3.86262e+01    0.00000e+00   -2.08082e+03    8.79394e+02
   Total Energy  Conserved En.    Temperature Pres. DC (bar) Pressure (bar)
   -1.20142e+03   -1.57288e+03    1.41305e+02   -3.26391e+00   -8.21908e+00

           Step           Time
         210500      421.00000

   Energies (kJ/mol)
        LJ (SR)  Disper. corr.   Coulomb (SR)      Potential    Kinetic En.
   -1.99414e+03   -3.86262e+01    0.00000e+00   -2.03276e+03    8.00224e+02
   Total Energy  Conserved En.    Temperature Pres. DC (bar) Pressure (bar)
   -1.23254e+03   -1.57325e+03    1.28584e+02   -3.26391e+00   -2.61510e+00

           Step           Time
         211000      422.00000

   Energies (kJ/mol)
        LJ (SR)  Disper. corr.   Coulomb (SR)      Potential    Kinetic En.
   -2.02937e+03   -3.86262e+01    0.00000e+00   -2.06799e+03    8.44390e+02
   Total Energy  Conserved En.    Temperature Pres. DC (bar) Pressure (bar)
   -1.22360e+03   -1.57365e+03    1.35680e+02   -3.26391e+00    2.10049e+01

           Step           Time
         211500      423.00000

   Energies (kJ/mol)
        LJ (SR)  Disper. corr.   Coulomb (SR)      Potential    Kinetic En.
   -2.10362e+03   -3.86262e+01    0.00000e+00   -2.14225e+03    8.35122e+02
   Total Energy  Conserved En.    Temperature Pres. DC (bar) Pressure (bar)
   -1.30713e+03   -1.57408e+03    1.34191e+02   -3.26391e+00   -2.33997e+01

           Step           Time
         212000      424.00000

   Energies (kJ/mol)
        LJ (SR)  Disper. corr.   Coulomb (SR)      Potential    Kinetic En.
   -2.07351e+03   -3.86262e+01    0.00000e+00   -2.11214e+03    7.71599e+02
   Total Energy  Conserved En.    Temperature Pres. DC (bar) Pressure (bar)
   -1.34054e+03   -1.57438e+03    1.23984e+02   -3.26391e+00   -3.26711e+01

           Step           Time
         212500      425.00000

   Energies (kJ/mol)
        LJ (SR)  Disper. corr.   Coulomb (SR)      Potential    Kinetic En.
   -2.01697e+03   -3.86262e+01    0.00000e+00   -2.05560e+03    7.44322e+02
   Total Energy  Conserved En.    Temperature Pres. DC (bar) Pressure (bar)
   -1.31128e+03   -1.57472e+03    1.19601e+02   -3.26391e+00   -1.23964e+01

           Step           Time
         213000      426.00000

   Energies (kJ/mol)
        LJ (SR)  Disper. corr.   Coulomb (SR)      Potential    Kinetic En.
   -2.11734e+03   -3.86262e+01    0.00000e+00   -2.15597e+03    7.93973e+02
   Total Energy  Conserved En.    Temperature Pres. DC (bar) Pressure (bar)
   -1.36199e+03   -1.57515e+03    1.27579e+02   -3.26391e+00   -9.55670e+00

           Step           Time
         213500      427.00000

   Energies (kJ/mol)
        LJ (SR)  Disper. corr.   Coulomb (SR)      Potential    Kinetic En.
   -2.13995e+03   -3.86262e+01    0.00000e+00   -2.17857e+03    7.99585e+02
   Total Energy  Conserved En.    Temperature Pres. DC (bar) Pressure (bar)
   -1.37899e+03   -1.57558e+03    1.28481e+02   -3.26391e+00   -1.73693e+00

           Step           Time
         214000      428.00000

   Energies (kJ/mol)
        LJ (SR)  Disper. corr.   Coulomb (SR)      Potential    Kinetic En.
   -2.12933e+03   -3.86262e+01    0.00000e+00   -2.16795e+03    8.44039e+02
   Total Energy  Conserved En.    Temperature Pres. DC (bar) Pressure (bar)
   -1.32392e+03   -1.57597e+03    1.35624e+02   -3.26391e+00   -8.81267e+00

           Step           Time
         214500      429.00000

   Energies (kJ/mol)
        LJ (SR)  Disper. corr.   Coulomb (SR)      Potential    Kinetic En.
   -2.12512e+03   -3.86262e+01    0.00000e+00   -2.16375e+03    7.63097e+02
   Total Energy  Conserved En.    Temperature Pres. DC (bar) Pressure (bar)
   -1.40065e+03   -1.57628e+03    1.22618e+02   -3.26391e+00    2.76720e+00

           Step           Time
         215000      430.00000

   Energies (kJ/mol)
        LJ (SR)  Disper. corr.   Coulomb (SR)      Potential    Kinetic En.
   -2.09444e+03   -3.86262e+01    0.00000e+00   -2.13306e+03    8.10605e+02
   Total Energy  Conserved En.    Temperature Pres. DC (bar) Pressure (bar)
   -1.32246e+03   -1.57667e+03    1.30252e+02   -3.26391e+00   -1.91282e+01

           Step           Time
         215500      431.00000

   Energies (kJ/mol)
        LJ (SR)  Disper. corr.   Coulomb (SR)      Potential    Kinetic En.
   -2.13595e+03   -3.86262e+01    0.00000e+00   -2.17457e+03    8.35562e+02
   Total Energy  Conserved En.    Temperature Pres. DC (bar) Pressure (bar)
   -1.33901e+03   -1.57707e+03    1.34262e+02   -3.26391e+00   -8.24285e+00

           Step           Time
         216000      432.00000

   Energies (kJ/mol)
        LJ (SR)  Disper. corr.   Coulomb (SR)      Potential    Kinetic En.
   -2.12353e+03   -3.86262e+01    0.00000e+00   -2.16215e+03    7.93244e+02
   Total Energy  Conserved En.    Temperature Pres. DC (bar) Pressure (bar)
   -1.36891e+03   -1.57744e+03    1.27462e+02   -3.26391e+00   -8.37715e-01

           Step           Time
         216500      433.00000

   Energies (kJ/mol)
        LJ (SR)  Disper. corr.   Coulomb (SR)      Potential    Kinetic En.
   -2.14073e+03   -3.86262e+01    0.00000e+00   -2.17935e+03    8.32359e+02
   Total Energy  Conserved En.    Temperature Pres. DC (bar) Pressure (bar)
   -1.34699e+03   -1.57778e+03    1.33747e+02   -3.26391e+00   -4.54623e+00

           Step           Time
         217000      434.00000

   Energies (kJ/mol)
        LJ (SR)  Disper. corr.   Coulomb (SR)      Potential    Kinetic En.
   -2.13363e+03   -3.86262e+01    0.00000e+00   -2.17226e+03    7.87882e+02
   Total Energy  Conserved En.    Temperature Pres. DC (bar) Pressure (bar)
   -1.38438e+03   -1.57809e+03    1.26600e+02   -3.26391e+00   -1.99433e+00

           Step           Time
         217500      435.00000

   Energies (kJ/mol)
        LJ (SR)  Disper. corr.   Coulomb (SR)      Potential    Kinetic En.
   -2.10600e+03   -3.86262e+01    0.00000e+00   -2.14462e+03    8.25278e+02
   Total Energy  Conserved En.    Temperature Pres. DC (bar) Pressure (bar)
   -1.31935e+03   -1.57841e+03    1.32609e+02   -3.26391e+00   -1.01228e+01

           Step           Time
         218000      436.00000

   Energies (kJ/mol)
        LJ (SR)  Disper. corr.   Coulomb (SR)      Potential    Kinetic En.
   -2.09812e+03   -3.86262e+01    0.00000e+00   -2.13675e+03    8.11506e+02
   Total Energy  Conserved En.    Temperature Pres. DC (bar) Pressure (bar)
   -1.32524e+03   -1.57880e+03    1.30397e+02   -3.26391e+00   -2.68503e+00

           Step           Time
         218500      437.00000

   Energies (kJ/mol)
        LJ (SR)  Disper. corr.   Coulomb (SR)      Potential    Kinetic En.
   -2.12904e+03   -3.86262e+01    0.00000e+00   -2.16766e+03    8.31428e+02
   Total Energy  Conserved En.    Temperature Pres. DC (bar) Pressure (bar)
   -1.33623e+03   -1.57920e+03    1.33598e+02   -3.26391e+00   -1.04237e+01

           Step           Time
         219000      438.00000

   Energies (kJ/mol)
        LJ (SR)  Disper. corr.   Coulomb (SR)      Potential    Kinetic En.
   -2.09205e+03   -3.86262e+01    0.00000e+00   -2.13068e+03    7.91883e+02
   Total Energy  Conserved En.    Temperature Pres. DC (bar) Pressure (bar)
   -1.33880e+03   -1.57954e+03    1.27243e+02   -3.26391e+00   -6.60094e+00

           Step           Time
         219500      439.00000

   Energies (kJ/mol)
        LJ (SR)  Disper. corr.   Coulomb (SR)      Potential    Kinetic En.
   -2.12252e+03   -3.86262e+01    0.00000e+00   -2.16114e+03    7.85583e+02
   Total Energy  Conserved En.    Temperature Pres. DC (bar) Pressure (bar)
   -1.37556e+03   -1.57995e+03    1.26231e+02   -3.26391e+00   -1.11681e+01

           Step           Time
         220000      440.00000

   Energies (kJ/mol)
        LJ (SR)  Disper. corr.   Coulomb (SR)      Potential    Kinetic En.
   -2.17022e+03   -3.86262e+01    0.00000e+00   -2.20885e+03    7.93611e+02
   Total Energy  Conserved En.    Temperature Pres. DC (bar) Pressure (bar)
   -1.41524e+03   -1.58036e+03    1.27521e+02   -3.26391e+00    2.49278e-02

           Step           Time
         220500      441.00000

   Energies (kJ/mol)
        LJ (SR)  Disper. corr.   Coulomb (SR)      Potential    Kinetic En.
   -2.15803e+03   -3.86262e+01    0.00000e+00   -2.19665e+03    7.85379e+02
   Total Energy  Conserved En.    Temperature Pres. DC (bar) Pressure (bar)
   -1.41128e+03   -1.58074e+03    1.26198e+02   -3.26391e+00   -1.09724e+01

           Step           Time
         221000      442.00000

   Energies (kJ/mol)
        LJ (SR)  Disper. corr.   Coulomb (SR)      Potential    Kinetic En.
   -2.12306e+03   -3.86262e+01    0.00000e+00   -2.16168e+03    8.36052e+02
   Total Energy  Conserved En.    Temperature Pres. DC (bar) Pressure (bar)
   -1.32563e+03   -1.58111e+03    1.34341e+02   -3.26391e+00   -9.83552e+00

           Step           Time
         221500      443.00000

   Energies (kJ/mol)
        LJ (SR)  Disper. corr.   Coulomb (SR)      Potential    Kinetic En.
   -2.06334e+03   -3.86262e+01    0.00000e+00   -2.10197e+03    8.21167e+02
   Total Energy  Conserved En.    Temperature Pres. DC (bar) Pressure (bar)
   -1.28080e+03   -1.58146e+03    1.31949e+02   -3.26391e+00    4.38657e+00

           Step           Time
         222000      444.00000

   Energies (kJ/mol)
        LJ (SR)  Disper. corr.   Coulomb (SR)      Potential    Kinetic En.
   -2.05830e+03   -3.86262e+01    0.00000e+00   -2.09693e+03    8.10887e+02
   Total Energy  Conserved En.    Temperature Pres. DC (bar) Pressure (bar)
   -1.28604e+03   -1.58182e+03    1.30297e+02   -3.26391e+00   -1.17918e+01

           Step           Time
         222500      445.00000

   Energies (kJ/mol)
        LJ (SR)  Disper. corr.   Coulomb (SR)      Potential    Kinetic En.
   -2.04997e+03   -3.86262e+01    0.00000e+00   -2.08859e+03    8.24859e+02
   Total Energy  Conserved En.    Temperature Pres. DC (bar) Pressure (bar)
   -1.26373e+03   -1.58216e+03    1.32542e+02   -3.26391e+00    6.43376e+00

           Step           Time
         223000      446.00000

   Energies (kJ/mol)
        LJ (SR)  Disper. corr.   Coulomb (SR)      Potential    Kinetic En.
   -2.06024e+03   -3.86262e+01    0.00000e+00   -2.09887e+03    7.86066e+02
   Total Energy  Conserved En.    Temperature Pres. DC (bar) Pressure (bar)
   -1.31280e+03   -1.58246e+03    1.26309e+02   -3.26391e+00   -7.03607e+00

           Step           Time
         223500      447.00000

   Energies (kJ/mol)
        LJ (SR)  Disper. corr.   Coulomb (SR)      Potential    Kinetic En.
   -2.03013e+03   -3.86262e+01    0.00000e+00   -2.06876e+03    8.48467e+02
   Total Energy  Conserved En.    Temperature Pres. DC (bar) Pressure (bar)
   -1.22029e+03   -1.58276e+03    1.36335e+02   -3.26391e+00    3.67433e+00

           Step           Time
         224000      448.00000

   Energies (kJ/mol)
        LJ (SR)  Disper. corr.   Coulomb (SR)      Potential    Kinetic En.
   -2.01673e+03   -3.86262e+01    0.00000e+00   -2.05536e+03    7.84918e+02
   Total Energy  Conserved En.    Temperature Pres. DC (bar) Pressure (bar)
   -1.27044e+03   -1.58309e+03    1.26124e+02   -3.26391e+00   -1.21857e+01

           Step           Time
         224500      449.00000

   Energies (kJ/mol)
        LJ (SR)  Disper. corr.   Coulomb (SR)      Potential    Kinetic En.
   -2.08560e+03   -3.86262e+01    0.00000e+00   -2.12422e+03    8.17968e+02
   Total Energy  Conserved En.    Temperature Pres. DC (bar) Pressure (bar)
   -1.30626e+03   -1.58343e+03    1.31435e+02   -3.26391e+00    2.59800e+00

           Step           Time
         225000      450.00000

   Energies (kJ/mol)
        LJ (SR)  Disper. corr.   Coulomb (SR)      Potential    Kinetic En.
   -2.07025e+03   -3.86262e+01    0.00000e+00   -2.10888e+03    7.78427e+02
   Total Energy  Conserved En.    Temperature Pres. DC (bar) Pressure (bar)
   -1.33045e+03   -1.58379e+03    1.25081e+02   -3.26391e+00   -6.31943e+00

           Step           Time
         225500      451.00000

   Energies (kJ/mol)
        LJ (SR)  Disper. corr.   Coulomb (SR)      Potential    Kinetic En.
   -2.09997e+03   -3.86262e+01    0.00000e+00   -2.13859e+03    8.09655e+02
   Total Energy  Conserved En.    Temperature Pres. DC (bar) Pressure (bar)
   -1.32894e+03   -1.58416e+03    1.30099e+02   -3.26391e+00   -1.59018e+00

           Step           Time
         226000      452.00000

   Energies (kJ/mol)
        LJ (SR)  Disper. corr.   Coulomb (SR)      Potential    Kinetic En.
   -2.11167e+03   -3.86262e+01    0.00000e+00   -2.15030e+03    8.36725e+02
   Total Energy  Conserved En.    Temperature Pres. DC (bar) Pressure (bar)
   -1.31357e+03   -1.58452e+03    1.34449e+02   -3.26391e+00    2.58471e+00

           Step           Time
         226500      453.00000

   Energies (kJ/mol)
        LJ (SR)  Disper. corr.   Coulomb (SR)      Potential    Kinetic En.
   -2.05549e+03   -3.86262e+01    0.00000e+00   -2.09412e+03    8.03158e+02
   Total Energy  Conserved En.    Temperature Pres. DC (bar) Pressure (bar)
   -1.29096e+03   -1.58489e+03    1.29055e+02   -3.26391e+00    1.59263e+01

           Step           Time
         227000      454.00000

   Energies (kJ/mol)
        LJ (SR)  Disper. corr.   Coulomb (SR)      Potential    Kinetic En.
   -2.04141e+03   -3.86262e+01    0.00000e+00   -2.08003e+03    7.66086e+02
   Total Energy  Conserved En.    Temperature Pres. DC (bar) Pressure (bar)
   -1.31395e+03   -1.58522e+03    1.23098e+02   -3.26391e+00   -1.34463e+00

           Step           Time
         227500      455.00000

   Energies (kJ/mol)
        LJ (SR)  Disper. corr.   Coulomb (SR)      Potential    Kinetic En.
   -2.02688e+03   -3.86262e+01    0.00000e+00   -2.06550e+03    7.42976e+02
   Total Energy  Conserved En.    Temperature Pres. DC (bar) Pressure (bar)
   -1.32253e+03   -1.58555e+03    1.19385e+02   -3.26391e+00    7.09059e+00

           Step           Time
         228000      456.00000

   Energies (kJ/mol)
        LJ (SR)  Disper. corr.   Coulomb (SR)      Potential    Kinetic En.
   -2.03501e+03   -3.86262e+01    0.00000e+00   -2.07364e+03    8.05325e+02
   Total Energy  Conserved En.    Temperature Pres. DC (bar) Pressure (bar)
   -1.26832e+03   -1.58596e+03    1.29403e+02   -3.26391e+00    1.15469e+01

           Step           Time
         228500      457.00000

   Energies (kJ/mol)
        LJ (SR)  Disper. corr.   Coulomb (SR)      Potential    Kinetic En.
   -2.02195e+03   -3.86262e+01    0.00000e+00   -2.06057e+03    8.01843e+02
   Total Energy  Conserved En.    Temperature Pres. DC (bar) Pressure (bar)
   -1.25873e+03   -1.58629e+03    1.28844e+02   -3.26391e+00    3.46238e+00

           Step           Time
         229000      458.00000

   Energies (kJ/mol)
        LJ (SR)  Disper. corr.   Coulomb (SR)      Potential    Kinetic En.
   -2.05130e+03   -3.86262e+01    0.00000e+00   -2.08992e+03    8.05541e+02
   Total Energy  Conserved En.    Temperature Pres. DC (bar) Pressure (bar)
   -1.28438e+03   -1.58665e+03    1.29438e+02   -3.26391e+00    1.43792e+01

           Step           Time
         229500      459.00000

   Energies (kJ/mol)
        LJ (SR)  Disper. corr.   Coulomb (SR)      Potential    Kinetic En.
   -2.07955e+03   -3.86262e+01    0.00000e+00   -2.11818e+03    8.10201e+02
   Total Energy  Conserved En.    Temperature Pres. DC (bar) Pressure (bar)
   -1.30798e+03   -1.58704e+03    1.30187e+02   -3.26391e+00   -1.84765e+00

           Step           Time
         230000      460.00000

   Energies (kJ/mol)
        LJ (SR)  Disper. corr.   Coulomb (SR)      Potential    Kinetic En.
   -2.05514e+03   -3.86262e+01    0.00000e+00   -2.09377e+03    8.22181e+02
   Total Energy  Conserved En.    Temperature Pres. DC (bar) Pressure (bar)
   -1.27159e+03   -1.58742e+03    1.32112e+02   -3.26391e+00    1.71497e+00

           Step           Time
         230500      461.00000

   Energies (kJ/mol)
        LJ (SR)  Disper. corr.   Coulomb (SR)      Potential    Kinetic En.
   -2.04198e+03   -3.86262e+01    0.00000e+00   -2.08061e+03    7.60467e+02
   Total Energy  Conserved En.    Temperature Pres. DC (bar) Pressure (bar)
   -1.32014e+03   -1.58770e+03    1.22195e+02   -3.26391e+00   -5.01713e+00

           Step           Time
         231000      462.00000

   Energies (kJ/mol)
        LJ (SR)  Disper. corr.   Coulomb (SR)      Potential    Kinetic En.
   -2.06913e+03   -3.86262e+01    0.00000e+00   -2.10776e+03    7.95185e+02
   Total Energy  Conserved En.    Temperature Pres. DC (bar) Pressure (bar)
   -1.31257e+03   -1.58808e+03    1.27774e+02   -3.26391e+00   -1.35488e+01

           Step           Time
         231500      463.00000

   Energies (kJ/mol)
        LJ (SR)  Disper. corr.   Coulomb (SR)      Potential    Kinetic En.
   -2.01180e+03   -3.86262e+01    0.00000e+00   -2.05043e+03    7.89715e+02
   Total Energy  Conserved En.    Temperature Pres. DC (bar) Pressure (bar)
   -1.26071e+03   -1.58838e+03    1.26895e+02   -3.26391e+00   -2.32670e+01

           Step           Time
         232000      464.00000

   Energies (kJ/mol)
        LJ (SR)  Disper. corr.   Coulomb (SR)      Potential    Kinetic En.
   -2.03343e+03   -3.86262e+01    0.00000e+00   -2.07206e+03    8.02508e+02
   Total Energy  Conserved En.    Temperature Pres. DC (bar) Pressure (bar)
   -1.26955e+03   -1.58875e+03    1.28951e+02   -3.26391e+00   -1.33519e+00

           Step           Time
         232500      465.00000

   Energies (kJ/mol)
        LJ (SR)  Disper. corr.   Coulomb (SR)      Potential    Kinetic En.
   -2.04411e+03   -3.86262e+01    0.00000e+00   -2.08273e+03    8.14614e+02
   Total Energy  Conserved En.    Temperature Pres. DC (bar) Pressure (bar)
   -1.26812e+03   -1.58906e+03    1.30896e+02   -3.26391e+00    6.69838e+00

           Step           Time
         233000      466.00000

   Energies (kJ/mol)
        LJ (SR)  Disper. corr.   Coulomb (SR)      Potential    Kinetic En.
   -2.01105e+03   -3.86262e+01    0.00000e+00   -2.04968e+03    7.83139e+02
   Total Energy  Conserved En.    Temperature Pres. DC (bar) Pressure (bar)
   -1.26654e+03   -1.58942e+03    1.25838e+02   -3.26391e+00    1.11233e+01

           Step           Time
         233500      467.00000

   Energies (kJ/mol)
        LJ (SR)  Disper. corr.   Coulomb (SR)      Potential    Kinetic En.
   -2.02928e+03   -3.86262e+01    0.00000e+00   -2.06791e+03    7.79209e+02
   Total Energy  Conserved En.    Temperature Pres. DC (bar) Pressure (bar)
   -1.28870e+03   -1.58973e+03    1.25207e+02   -3.26391e+00   -6.25260e+00

           Step           Time
         234000      468.00000

   Energies (kJ/mol)
        LJ (SR)  Disper. corr.   Coulomb (SR)      Potential    Kinetic En.
   -2.00296e+03   -3.86262e+01    0.00000e+00   -2.04159e+03    8.07337e+02
   Total Energy  Conserved En.    Temperature Pres. DC (bar) Pressure (bar)
   -1.23425e+03   -1.59003e+03    1.29727e+02   -3.26391e+00   -1.11826e+01

           Step           Time
         234500      469.00000

   Energies (kJ/mol)
        LJ (SR)  Disper. corr.   Coulomb (SR)      Potential    Kinetic En.
   -1.97808e+03   -3.86262e+01    0.00000e+00   -2.01671e+03    8.26660e+02
   Total Energy  Conserved En.    Temperature Pres. DC (bar) Pressure (bar)
   -1.19005e+03   -1.59038e+03    1.32832e+02   -3.26391e+00   -9.93185e+00

           Step           Time
         235000      470.00000

   Energies (kJ/mol)
        LJ (SR)  Disper. corr.   Coulomb (SR)      Potential    Kinetic En.
   -1.93765e+03   -3.86262e+01    0.00000e+00   -1.97628e+03    8.08558e+02
   Total Energy  Conserved En.    Temperature Pres. DC (bar) Pressure (bar)
   -1.16772e+03   -1.59067e+03    1.29923e+02   -3.26391e+00   -2.32572e+01

           Step           Time
         235500      471.00000

   Energies (kJ/mol)
        LJ (SR)  Disper. corr.   Coulomb (SR)      Potential    Kinetic En.
   -1.93571e+03   -3.86262e+01    0.00000e+00   -1.97433e+03    8.70896e+02
   Total Energy  Conserved En.    Temperature Pres. DC (bar) Pressure (bar)
   -1.10344e+03   -1.59103e+03    1.39939e+02   -3.26391e+00    7.57506e+00

           Step           Time
         236000      472.00000

   Energies (kJ/mol)
        LJ (SR)  Disper. corr.   Coulomb (SR)      Potential    Kinetic En.
   -1.95891e+03   -3.86262e+01    0.00000e+00   -1.99754e+03    7.90950e+02
   Total Energy  Conserved En.    Temperature Pres. DC (bar) Pressure (bar)
   -1.20659e+03   -1.59135e+03    1.27093e+02   -3.26391e+00    1.89850e+01

           Step           Time
         236500      473.00000

   Energies (kJ/mol)
        LJ (SR)  Disper. corr.   Coulomb (SR)      Potential    Kinetic En.
   -1.92828e+03   -3.86262e+01    0.00000e+00   -1.96691e+03    8.16243e+02
   Total Energy  Conserved En.    Temperature Pres. DC (bar) Pressure (bar)
   -1.15066e+03   -1.59169e+03    1.31158e+02   -3.26391e+00    3.27603e+01

           Step           Time
         237000      474.00000

   Energies (kJ/mol)
        LJ (SR)  Disper. corr.   Coulomb (SR)      Potential    Kinetic En.
   -1.98231e+03   -3.86262e+01    0.00000e+00   -2.02094e+03    7.80542e+02
   Total Energy  Conserved En.    Temperature Pres. DC (bar) Pressure (bar)
   -1.24039e+03   -1.59204e+03    1.25421e+02   -3.26391e+00   -8.92047e+00

           Step           Time
         237500      475.00000

   Energies (kJ/mol)
        LJ (SR)  Disper. corr.   Coulomb (SR)      Potential    Kinetic En.
   -1.94110e+03   -3.86262e+01    0.00000e+00   -1.97973e+03    8.53383e+02
   Total Energy  Conserved En.    Temperature Pres. DC (bar) Pressure (bar)
   -1.12635e+03   -1.59243e+03    1.37125e+02   -3.26391e+00    1.14273e+01

           Step           Time
         238000      476.00000

   Energies (kJ/mol)
        LJ (SR)  Disper. corr.   Coulomb (SR)      Potential    Kinetic En.
   -1.96329e+03   -3.86262e+01    0.00000e+00   -2.00192e+03    7.88844e+02
   Total Energy  Conserved En.    Temperature Pres. DC (bar) Pressure (bar)
   -1.21308e+03   -1.59282e+03    1.26755e+02   -3.26391e+00   -2.00269e+01

           Step           Time
         238500      477.00000

   Energies (kJ/mol)
        LJ (SR)  Disper. corr.   Coulomb (SR)      Potential    Kinetic En.
   -1.94984e+03   -3.86262e+01    0.00000e+00   -1.98847e+03    7.78692e+02
   Total Energy  Conserved En.    Temperature Pres. DC (bar) Pressure (bar)
   -1.20978e+03   -1.59313e+03    1.25124e+02   -3.26391e+00    5.73994e+00

           Step           Time
         239000      478.00000

   Energies (kJ/mol)
        LJ (SR)  Disper. corr.   Coulomb (SR)      Potential    Kinetic En.
   -1.94641e+03   -3.86262e+01    0.00000e+00   -1.98503e+03    8.31584e+02
   Total Energy  Conserved En.    Temperature Pres. DC (bar) Pressure (bar)
   -1.15345e+03   -1.59350e+03    1.33623e+02   -3.26391e+00    2.68903e+01

           Step           Time
         239500      479.00000

   Energies (kJ/mol)
        LJ (SR)  Disper. corr.   Coulomb (SR)      Potential    Kinetic En.
   -1.96343e+03   -3.86262e+01    0.00000e+00   -2.00205e+03    8.09158e+02
   Total Energy  Conserved En.    Temperature Pres. DC (bar) Pressure (bar)
   -1.19289e+03   -1.59386e+03    1.30019e+02   -3.26391e+00   -1.00415e+01

           Step           Time
         240000      480.00000

   Energies (kJ/mol)
        LJ (SR)  Disper. corr.   Coulomb (SR)      Potential    Kinetic En.
   -1.95367e+03   -3.86262e+01    0.00000e+00   -1.99229e+03    8.60907e+02
   Total Energy  Conserved En.    Temperature Pres. DC (bar) Pressure (bar)
   -1.13139e+03   -1.59422e+03    1.38334e+02   -3.26391e+00   -1.20499e+01

           Step           Time
         240500      481.00000

   Energies (kJ/mol)
        LJ (SR)  Disper. corr.   Coulomb (SR)      Potential    Kinetic En.
   -1.95193e+03   -3.86262e+01    0.00000e+00   -1.99056e+03    8.02839e+02
   Total Energy  Conserved En.    Temperature Pres. DC (bar) Pressure (bar)
   -1.18772e+03   -1.59451e+03    1.29004e+02   -3.26391e+00    5.29991e+00

           Step           Time
         241000      482.00000

   Energies (kJ/mol)
        LJ (SR)  Disper. corr.   Coulomb (SR)      Potential    Kinetic En.
   -1.95302e+03   -3.86262e+01    0.00000e+00   -1.99165e+03    8.51040e+02
   Total Energy  Conserved En.    Temperature Pres. DC (bar) Pressure (bar)
   -1.14061e+03   -1.59486e+03    1.36749e+02   -3.26391e+00   -1.24355e+01

           Step           Time
         241500      483.00000

   Energies (kJ/mol)
        LJ (SR)  Disper. corr.   Coulomb (SR)      Potential    Kinetic En.
   -1.91361e+03   -3.86262e+01    0.00000e+00   -1.95224e+03    8.22380e+02
   Total Energy  Conserved En.    Temperature Pres. DC (bar) Pressure (bar)
   -1.12986e+03   -1.59526e+03    1.32144e+02   -3.26391e+00   -1.38992e+01

           Step           Time
         242000      484.00000

   Energies (kJ/mol)
        LJ (SR)  Disper. corr.   Coulomb (SR)      Potential    Kinetic En.
   -1.95041e+03   -3.86262e+01    0.00000e+00   -1.98904e+03    7.43776e+02
   Total Energy  Conserved En.    Temperature Pres. DC (bar) Pressure (bar)
   -1.24526e+03   -1.59554e+03    1.19513e+02   -3.26391e+00   -1.85680e+01

           Step           Time
         242500      485.00000

   Energies (kJ/mol)
        LJ (SR)  Disper. corr.   Coulomb (SR)      Potential    Kinetic En.
   -2.03652e+03   -3.86262e+01    0.00000e+00   -2.07515e+03    8.41925e+02
   Total Energy  Conserved En.    Temperature Pres. DC (bar) Pressure (bar)
   -1.23322e+03   -1.59594e+03    1.35284e+02   -3.26391e+00   -1.80366e+01

           Step           Time
         243000      486.00000

   Energies (kJ/mol)
        LJ (SR)  Disper. corr.   Coulomb (SR)      Potential    Kinetic En.
   -2.00406e+03   -3.86262e+01    0.00000e+00   -2.04269e+03    8.37998e+02
   Total Energy  Conserved En.    Temperature Pres. DC (bar) Pressure (bar)
   -1.20469e+03   -1.59626e+03    1.34653e+02   -3.26391e+00   -4.13868e+00

           Step           Time
         243500      487.00000

   Energies (kJ/mol)
        LJ (SR)  Disper. corr.   Coulomb (SR)      Potential    Kinetic En.
   -1.97021e+03   -3.86262e+01    0.00000e+00   -2.00883e+03    7.80868e+02
   Total Energy  Conserved En.    Temperature Pres. DC (bar) Pressure (bar)
   -1.22797e+03   -1.59657e+03    1.25473e+02   -3.26391e+00    4.91364e-01

           Step           Time
         244000      488.00000

   Energies (kJ/mol)
        LJ (SR)  Disper. corr.   Coulomb (SR)      Potential    Kinetic En.
   -2.00497e+03   -3.86262e+01    0.00000e+00   -2.04360e+03    8.24706e+02
   Total Energy  Conserved En.    Temperature Pres. DC (bar) Pressure (bar)
   -1.21889e+03   -1.59694e+03    1.32518e+02   -3.26391e+00   -1.51640e+00

           Step           Time
         244500      489.00000

   Energies (kJ/mol)
        LJ (SR)  Disper. corr.   Coulomb (SR)      Potential    Kinetic En.
   -1.98738e+03   -3.86262e+01    0.00000e+00   -2.02601e+03    7.56621e+02
   Total Energy  Conserved En.    Temperature Pres. DC (bar) Pressure (bar)
   -1.26939e+03   -1.59726e+03    1.21577e+02   -3.26391e+00   -1.14411e+01

           Step           Time
         245000      490.00000

   Energies (kJ/mol)
        LJ (SR)  Disper. corr.   Coulomb (SR)      Potential    Kinetic En.
   -1.97147e+03   -3.86262e+01    0.00000e+00   -2.01010e+03    7.65321e+02
   Total Energy  Conserved En.    Temperature Pres. DC (bar) Pressure (bar)
   -1.24478e+03   -1.59762e+03    1.22975e+02   -3.26391e+00    3.56419e-01

           Step           Time
         245500      491.00000

   Energies (kJ/mol)
        LJ (SR)  Disper. corr.   Coulomb (SR)      Potential    Kinetic En.
   -1.95755e+03   -3.86262e+01    0.00000e+00   -1.99618e+03    8.06852e+02
   Total Energy  Conserved En.    Temperature Pres. DC (bar) Pressure (bar)
   -1.18933e+03   -1.59793e+03    1.29649e+02   -3.26391e+00   -1.88989e+00

           Step           Time
         246000      492.00000

   Energies (kJ/mol)
        LJ (SR)  Disper. corr.   Coulomb (SR)      Potential    Kinetic En.
   -1.97035e+03   -3.86262e+01    0.00000e+00   -2.00898e+03    7.86993e+02
   Total Energy  Conserved En.    Temperature Pres. DC (bar) Pressure (bar)
   -1.22198e+03   -1.59820e+03    1.26458e+02   -3.26391e+00   -7.04741e+00

           Step           Time
         246500      493.00000

   Energies (kJ/mol)
        LJ (SR)  Disper. corr.   Coulomb (SR)      Potential    Kinetic En.
   -2.02875e+03   -3.86262e+01    0.00000e+00   -2.06737e+03    8.07914e+02
   Total Energy  Conserved En.    Temperature Pres. DC (bar) Pressure (bar)
   -1.25946e+03   -1.59857e+03    1.29819e+02   -3.26391e+00    9.31983e+00

           Step           Time
         247000      494.00000

   Energies (kJ/mol)
        LJ (SR)  Disper. corr.   Coulomb (SR)      Potential    Kinetic En.
   -2.03776e+03   -3.86262e+01    0.00000e+00   -2.07639e+03    7.88348e+02
   Total Energy  Conserved En.    Temperature Pres. DC (bar) Pressure (bar)
   -1.28804e+03   -1.59894e+03    1.26675e+02   -3.26391e+00    1.48174e+01

           Step           Time
         247500      495.00000

   Energies (kJ/mol)
        LJ (SR)  Disper. corr.   Coulomb (SR)      Potential    Kinetic En.
   -2.05253e+03   -3.86262e+01    0.00000e+00   -2.09116e+03    8.20618e+02
   Total Energy  Conserved En.    Temperature Pres. DC (bar) Pressure (bar)
   -1.27054e+03   -1.59930e+03    1.31861e+02   -3.26391e+00    9.60523e+00

           Step           Time
         248000      496.00000

   Energies (kJ/mol)
        LJ (SR)  Disper. corr.   Coulomb (SR)      Potential    Kinetic En.
   -2.05102e+03   -3.86262e+01    0.00000e+00   -2.08965e+03    8.20648e+02
   Total Energy  Conserved En.    Temperature Pres. DC (bar) Pressure (bar)
   -1.26900e+03   -1.59964e+03    1.31865e+02   -3.26391e+00   -1.67572e+00

           Step           Time
         248500      497.00000

   Energies (kJ/mol)
        LJ (SR)  Disper. corr.   Coulomb (SR)      Potential    Kinetic En.
   -2.03683e+03   -3.86262e+01    0.00000e+00   -2.07545e+03    8.31504e+02
   Total Energy  Conserved En.    Temperature Pres. DC (bar) Pressure (bar)
   -1.24395e+03   -1.59998e+03    1.33610e+02   -3.26391e+00   -3.60048e+00

           Step           Time
         249000      498.00000

   Energies (kJ/mol)
        LJ (SR)  Disper. corr.   Coulomb (SR)      Potential    Kinetic En.
   -2.05954e+03   -3.86262e+01    0.00000e+00   -2.09817e+03    8.26458e+02
   Total Energy  Conserved En.    Temperature Pres. DC (bar) Pressure (bar)
   -1.27171e+03   -1.60038e+03    1.32799e+02   -3.26391e+00   -1.93201e+00

           Step           Time
         249500      499.00000

   Energies (kJ/mol)
        LJ (SR)  Disper. corr.   Coulomb (SR)      Potential    Kinetic En.
   -2.13589e+03   -3.86262e+01    0.00000e+00   -2.17452e+03    8.78399e+02
   Total Energy  Conserved En.    Temperature Pres. DC (bar) Pressure (bar)
   -1.29612e+03   -1.60080e+03    1.41145e+02   -3.26391e+00   -8.44204e+00

           Step           Time
         250000      500.00000

   Energies (kJ/mol)
        LJ (SR)  Disper. corr.   Coulomb (SR)      Potential    Kinetic En.
   -2.13353e+03   -3.86262e+01    0.00000e+00   -2.17215e+03    8.09639e+02
   Total Energy  Conserved En.    Temperature Pres. DC (bar) Pressure (bar)
   -1.36251e+03   -1.60117e+03    1.30097e+02   -3.26391e+00    7.42982e-01

           Step           Time
         250500      501.00000

   Energies (kJ/mol)
        LJ (SR)  Disper. corr.   Coulomb (SR)      Potential    Kinetic En.
   -2.05705e+03   -3.86262e+01    0.00000e+00   -2.09567e+03    8.87246e+02
   Total Energy  Conserved En.    Temperature Pres. DC (bar) Pressure (bar)
   -1.20843e+03   -1.60153e+03    1.42567e+02   -3.26391e+00    9.14442e+00

           Step           Time
         251000      502.00000

   Energies (kJ/mol)
        LJ (SR)  Disper. corr.   Coulomb (SR)      Potential    Kinetic En.
   -1.99047e+03   -3.86262e+01    0.00000e+00   -2.02909e+03    7.78586e+02
   Total Energy  Conserved En.    Temperature Pres. DC (bar) Pressure (bar)
   -1.25051e+03   -1.60185e+03    1.25107e+02   -3.26391e+00   -1.24176e+01

           Step           Time
         251500      503.00000

   Energies (kJ/mol)
        LJ (SR)  Disper. corr.   Coulomb (SR)      Potential    Kinetic En.
   -1.95969e+03   -3.86262e+01    0.00000e+00   -1.99831e+03    7.28211e+02
   Total Energy  Conserved En.    Temperature Pres. DC (bar) Pressure (bar)
   -1.27010e+03   -1.60215e+03    1.17012e+02   -3.26391e+00   -4.01648e+00

           Step           Time
         252000      504.00000

   Energies (kJ/mol)
        LJ (SR)  Disper. corr.   Coulomb (SR)      Potential    Kinetic En.
   -1.98412e+03   -3.86262e+01    0.00000e+00   -2.02275e+03    8.71792e+02
   Total Energy  Conserved En.    Temperature Pres. DC (bar) Pressure (bar)
   -1.15096e+03   -1.60249e+03    1.40083e+02   -3.26391e+00    7.05015e+00

           Step           Time
         252500      505.00000

   Energies (kJ/mol)
        LJ (SR)  Disper. corr.   Coulomb (SR)      Potential    Kinetic En.
   -1.99587e+03   -3.86262e+01    0.00000e+00   -2.03450e+03    8.33101e+02
   Total Energy  Conserved En.    Temperature Pres. DC (bar) Pressure (bar)
   -1.20140e+03   -1.60289e+03    1.33866e+02   -3.26391e+00    1.33206e+01

           Step           Time
         253000      506.00000

   Energies (kJ/mol)
        LJ (SR)  Disper. corr.   Coulomb (SR)      Potential    Kinetic En.
   -2.02766e+03   -3.86262e+01    0.00000e+00   -2.06628e+03    8.32992e+02
   Total Energy  Conserved En.    Temperature Pres. DC (bar) Pressure (bar)
   -1.23329e+03   -1.60333e+03    1.33849e+02   -3.26391e+00   -1.39806e+01

           Step           Time
         253500      507.00000

   Energies (kJ/mol)
        LJ (SR)  Disper. corr.   Coulomb (SR)      Potential    Kinetic En.
   -2.00099e+03   -3.86262e+01    0.00000e+00   -2.03962e+03    8.07897e+02
   Total Energy  Conserved En.    Temperature Pres. DC (bar) Pressure (bar)
   -1.23172e+03   -1.60372e+03    1.29817e+02   -3.26391e+00   -1.85086e+01

           Step           Time
         254000      508.00000

   Energies (kJ/mol)
        LJ (SR)  Disper. corr.   Coulomb (SR)      Potential    Kinetic En.
   -1.96177e+03   -3.86262e+01    0.00000e+00   -2.00040e+03    7.96295e+02
   Total Energy  Conserved En.    Temperature Pres. DC (bar) Pressure (bar)
   -1.20411e+03   -1.60401e+03    1.27952e+02   -3.26391e+00   -3.33794e+01

           Step           Time
         254500      509.00000

   Energies (kJ/mol)
        LJ (SR)  Disper. corr.   Coulomb (SR)      Potential    Kinetic En.
   -1.95732e+03   -3.86262e+01    0.00000e+00   -1.99594e+03    8.60825e+02
   Total Energy  Conserved En.    Temperature Pres. DC (bar) Pressure (bar)
   -1.13512e+03   -1.60437e+03    1.38321e+02   -3.26391e+00   -7.20457e+00

           Step           Time
         255000      510.00000

   Energies (kJ/mol)
        LJ (SR)  Disper. corr.   Coulomb (SR)      Potential    Kinetic En.
   -1.99986e+03   -3.86262e+01    0.00000e+00   -2.03848e+03    8.16305e+02
   Total Energy  Conserved En.    Temperature Pres. DC (bar) Pressure (bar)
   -1.22218e+03   -1.60479e+03    1.31168e+02   -3.26391e+00   -1.16192e+01

           Step           Time
         255500      511.00000

   Energies (kJ/mol)
        LJ (SR)  Disper. corr.   Coulomb (SR)      Potential    Kinetic En.
   -1.98519e+03   -3.86262e+01    0.00000e+00   -2.02382e+03    7.80242e+02
   Total Energy  Conserved En.    Temperature Pres. DC (bar) Pressure (bar)
   -1.24358e+03   -1.60510e+03    1.25373e+02   -3.26391e+00   -1.50470e+00

           Step           Time
         256000      512.00000

   Energies (kJ/mol)
        LJ (SR)  Disper. corr.   Coulomb (SR)      Potential    Kinetic En.
   -1.97397e+03   -3.86262e+01    0.00000e+00   -2.01260e+03    7.26202e+02
   Total Energy  Conserved En.    Temperature Pres. DC (bar) Pressure (bar)
   -1.28640e+03   -1.60540e+03    1.16689e+02   -3.26391e+00   -1.08368e+01

           Step           Time
         256500      513.00000

   Energies (kJ/mol)
        LJ (SR)  Disper. corr.   Coulomb (SR)      Potential    Kinetic En.
   -2.00602e+03   -3.86262e+01    0.00000e+00   -2.04465e+03    7.96577e+02
   Total Energy  Conserved En.    Temperature Pres. DC (bar) Pressure (bar)
   -1.24807e+03   -1.60577e+03    1.27998e+02   -3.26391e+00    1.14936e+01

           Step           Time
         257000      514.00000

   Energies (kJ/mol)
        LJ (SR)  Disper. corr.   Coulomb (SR)      Potential    Kinetic En.
   -1.99265e+03   -3.86262e+01    0.00000e+00   -2.03128e+03    7.40941e+02
   Total Energy  Conserved En.    Temperature Pres. DC (bar) Pressure (bar)
   -1.29034e+03   -1.60614e+03    1.19058e+02   -3.26391e+00   -1.09524e+01

           Step           Time
         257500      515.00000

   Energies (kJ/mol)
        LJ (SR)  Disper. corr.   Coulomb (SR)      Potential    Kinetic En.
   -2.04123e+03   -3.86262e+01    0.00000e+00   -2.07985e+03    8.10761e+02
   Total Energy  Conserved En.    Temperature Pres. DC (bar) Pressure (bar)
   -1.26909e+03   -1.60655e+03    1.30277e+02   -3.26391e+00   -8.68456e+00

           Step           Time
         258000      516.00000

   Energies (kJ/mol)
        LJ (SR)  Disper. corr.   Coulomb (SR)      Potential    Kinetic En.
   -2.06856e+03   -3.86262e+01    0.00000e+00   -2.10719e+03    8.33873e+02
   Total Energy  Conserved En.    Temperature Pres. DC (bar) Pressure (bar)
   -1.27332e+03   -1.60696e+03    1.33990e+02   -3.26391e+00   -3.06249e+00

           Step           Time
         258500      517.00000

   Energies (kJ/mol)
        LJ (SR)  Disper. corr.   Coulomb (SR)      Potential    Kinetic En.
   -2.05328e+03   -3.86262e+01    0.00000e+00   -2.09191e+03    7.33125e+02
   Total Energy  Conserved En.    Temperature Pres. DC (bar) Pressure (bar)
   -1.35878e+03   -1.60730e+03    1.17802e+02   -3.26391e+00   -4.69806e+00

           Step           Time
         259000      518.00000

   Energies (kJ/mol)
        LJ (SR)  Disper. corr.   Coulomb (SR)      Potential    Kinetic En.
   -2.00205e+03   -3.86262e+01    0.00000e+00   -2.04067e+03    7.97260e+02
   Total Energy  Conserved En.    Temperature Pres. DC (bar) Pressure (bar)
   -1.24341e+03   -1.60763e+03    1.28107e+02   -3.26391e+00   -2.63744e+00

           Step           Time
         259500      519.00000

   Energies (kJ/mol)
        LJ (SR)  Disper. corr.   Coulomb (SR)      Potential    Kinetic En.
   -2.04142e+03   -3.86262e+01    0.00000e+00   -2.08005e+03    8.21369e+02
   Total Energy  Conserved En.    Temperature Pres. DC (bar) Pressure (bar)
   -1.25868e+03   -1.60796e+03    1.31981e+02   -3.26391e+00   -3.79700e+00

           Step           Time
         260000      520.00000

   Energies (kJ/mol)
        LJ (SR)  Disper. corr.   Coulomb (SR)      Potential    Kinetic En.
   -1.98328e+03   -3.86262e+01    0.00000e+00   -2.02191e+03    8.32660e+02
   Total Energy  Conserved En.    Temperature Pres. DC (bar) Pressure (bar)
   -1.18925e+03   -1.60828e+03    1.33795e+02   -3.26391e+00    2.65856e+01

           Step           Time
         260500      521.00000

   Energies (kJ/mol)
        LJ (SR)  Disper. corr.   Coulomb (SR)      Potential    Kinetic En.
   -2.02029e+03   -3.86262e+01    0.00000e+00   -2.05892e+03    8.33161e+02
   Total Energy  Conserved En.    Temperature Pres. DC (bar) Pressure (bar)
   -1.22576e+03   -1.60877e+03    1.33876e+02   -3.26391e+00    1.23174e+01

           Step           Time
         261000      522.00000

   Energies (kJ/mol)
        LJ (SR)  Disper. corr.   Coulomb (SR)      Potential    Kinetic En.
   -2.04534e+03   -3.86262e+01    0.00000e+00   -2.08396e+03    8.04253e+02
   Total Energy  Conserved En.    Temperature Pres. DC (bar) Pressure (bar)
   -1.27971e+03   -1.60915e+03    1.29231e+02   -3.26391e+00   -5.33861e+00

           Step           Time
         261500      523.00000

   Energies (kJ/mol)
        LJ (SR)  Disper. corr.   Coulomb (SR)      Potential    Kinetic En.
   -2.05047e+03   -3.86262e+01    0.00000e+00   -2.08909e+03    7.62275e+02
   Total Energy  Conserved En.    Temperature Pres. DC (bar) Pressure (bar)
   -1.32682e+03   -1.60953e+03    1.22486e+02   -3.26391e+00   -6.40300e+00

           Step           Time
         262000      524.00000

   Energies (kJ/mol)
        LJ (SR)  Disper. corr.   Coulomb (SR)      Potential    Kinetic En.
   -2.09920e+03   -3.86262e+01    0.00000e+00   -2.13782e+03    8.60858e+02
   Total Energy  Conserved En.    Temperature Pres. DC (bar) Pressure (bar)
   -1.27697e+03   -1.60990e+03    1.38327e+02   -3.26391e+00    2.38863e+01

           Step           Time
         262500      525.00000

   Energies (kJ/mol)
        LJ (SR)  Disper. corr.   Coulomb (SR)      Potential    Kinetic En.
   -2.08498e+03   -3.86262e+01    0.00000e+00   -2.12361e+03    7.92312e+02
   Total Energy  Conserved En.    Temperature Pres. DC (bar) Pressure (bar)
   -1.33130e+03   -1.61024e+03    1.27312e+02   -3.26391e+00    2.05868e+00

           Step           Time
         263000      526.00000

   Energies (kJ/mol)
        LJ (SR)  Disper. corr.   Coulomb (SR)      Potential    Kinetic En.
   -2.05959e+03   -3.86262e+01    0.00000e+00   -2.09821e+03    7.85794e+02
   Total Energy  Conserved En.    Temperature Pres. DC (bar) Pressure (bar)
   -1.31242e+03   -1.61056e+03    1.26265e+02   -3.26391e+00   -1.00636e+01

           Step           Time
         263500      527.00000

   Energies (kJ/mol)
        LJ (SR)  Disper. corr.   Coulomb (SR)      Potential    Kinetic En.
   -2.04205e+03   -3.86262e+01    0.00000e+00   -2.08068e+03    8.32489e+02
   Total Energy  Conserved En.    Temperature Pres. DC (bar) Pressure (bar)
   -1.24819e+03   -1.61087e+03    1.33768e+02   -3.26391e+00   -1.11531e+01

           Step           Time
         264000      528.00000

   Energies (kJ/mol)
        LJ (SR)  Disper. corr.   Coulomb (SR)      Potential    Kinetic En.
   -2.04546e+03   -3.86262e+01    0.00000e+00   -2.08409e+03    8.43954e+02
   Total Energy  Conserved En.    Temperature Pres. DC (bar) Pressure (bar)
   -1.24013e+03   -1.61129e+03    1.35610e+02   -3.26391e+00   -6.51846e+00

           Step           Time
         264500      529.00000

   Energies (kJ/mol)
        LJ (SR)  Disper. corr.   Coulomb (SR)      Potential    Kinetic En.
   -1.99985e+03   -3.86262e+01    0.00000e+00   -2.03847e+03    8.09994e+02
   Total Energy  Conserved En.    Temperature Pres. DC (bar) Pressure (bar)
   -1.22848e+03   -1.61166e+03    1.30154e+02   -3.26391e+00    1.43391e+01

           Step           Time
         265000      530.00000

   Energies (kJ/mol)
        LJ (SR)  Disper. corr.   Coulomb (SR)      Potential    Kinetic En.
   -2.05275e+03   -3.86262e+01    0.00000e+00   -2.09138e+03    7.78519e+02
   Total Energy  Conserved En.    Temperature Pres. DC (bar) Pressure (bar)
   -1.31286e+03   -1.61200e+03    1.25096e+02   -3.26391e+00   -2.51058e+01

           Step           Time
         265500      531.00000

   Energies (kJ/mol)
        LJ (SR)  Disper. corr.   Coulomb (SR)      Potential    Kinetic En.
   -2.03499e+03   -3.86262e+01    0.00000e+00   -2.07362e+03    8.65967e+02
   Total Energy  Conserved En.    Temperature Pres. DC (bar) Pressure (bar)
   -1.20765e+03   -1.61237e+03    1.39148e+02   -3.26391e+00    1.37523e+01

           Step           Time
         266000      532.00000

   Energies (kJ/mol)
        LJ (SR)  Disper. corr.   Coulomb (SR)      Potential    Kinetic En.
   -2.00048e+03   -3.86262e+01    0.00000e+00   -2.03910e+03    8.26154e+02
   Total Energy  Conserved En.    Temperature Pres. DC (bar) Pressure (bar)
   -1.21295e+03   -1.61275e+03    1.32750e+02   -3.26391e+00   -1.60624e+00

           Step           Time
         266500      533.00000

   Energies (kJ/mol)
        LJ (SR)  Disper. corr.   Coulomb (SR)      Potential    Kinetic En.
   -1.96945e+03   -3.86262e+01    0.00000e+00   -2.00808e+03    8.28059e+02
   Total Energy  Conserved En.    Temperature Pres. DC (bar) Pressure (bar)
   -1.18002e+03   -1.61306e+03    1.33056e+02   -3.26391e+00   -1.14679e+01

           Step           Time
         267000      534.00000

   Energies (kJ/mol)
        LJ (SR)  Disper. corr.   Coulomb (SR)      Potential    Kinetic En.
   -1.97248e+03   -3.86262e+01    0.00000e+00   -2.01111e+03    7.85813e+02
   Total Energy  Conserved En.    Temperature Pres. DC (bar) Pressure (bar)
   -1.22529e+03   -1.61330e+03    1.26268e+02   -3.26391e+00   -2.36268e+01

           Step           Time
         267500      535.00000

   Energies (kJ/mol)
        LJ (SR)  Disper. corr.   Coulomb (SR)      Potential    Kinetic En.
   -1.97855e+03   -3.86262e+01    0.00000e+00   -2.01717e+03    8.04929e+02
   Total Energy  Conserved En.    Temperature Pres. DC (bar) Pressure (bar)
   -1.21224e+03   -1.61364e+03    1.29340e+02   -3.26391e+00   -1.75214e+01

           Step           Time
         268000      536.00000

   Energies (kJ/mol)
        LJ (SR)  Disper. corr.   Coulomb (SR)      Potential    Kinetic En.
   -2.01984e+03   -3.86262e+01    0.00000e+00   -2.05847e+03    8.40342e+02
   Total Energy  Conserved En.    Temperature Pres. DC (bar) Pressure (bar)
   -1.21813e+03   -1.61402e+03    1.35030e+02   -3.26391e+00   -1.08204e+01

           Step           Time
         268500      537.00000

   Energies (kJ/mol)
        LJ (SR)  Disper. corr.   Coulomb (SR)      Potential    Kinetic En.
   -1.98753e+03   -3.86262e+01    0.00000e+00   -2.02616e+03    7.96740e+02
   Total Energy  Conserved En.    Temperature Pres. DC (bar) Pressure (bar)
   -1.22942e+03   -1.61437e+03    1.28024e+02   -3.26391e+00    2.09653e+01

           Step           Time
         269000      538.00000

   Energies (kJ/mol)
        LJ (SR)  Disper. corr.   Coulomb (SR)      Potential    Kinetic En.
   -2.00999e+03   -3.86262e+01    0.00000e+00   -2.04862e+03    8.64095e+02
   Total Energy  Conserved En.    Temperature Pres. DC (bar) Pressure (bar)
   -1.18452e+03   -1.61470e+03    1.38847e+02   -3.26391e+00   -1.43774e+00

           Step           Time
         269500      539.00000

   Energies (kJ/mol)
        LJ (SR)  Disper. corr.   Coulomb (SR)      Potential    Kinetic En.
   -1.99448e+03   -3.86262e+01    0.00000e+00   -2.03311e+03    7.71601e+02
   Total Energy  Conserved En.    Temperature Pres. DC (bar) Pressure (bar)
   -1.26151e+03   -1.61502e+03    1.23984e+02   -3.26391e+00   -9.69641e-01

           Step           Time
         270000      540.00000

   Energies (kJ/mol)
        LJ (SR)  Disper. corr.   Coulomb (SR)      Potential    Kinetic En.
   -2.04901e+03   -3.86262e+01    0.00000e+00   -2.08764e+03    7.86777e+02
   Total Energy  Conserved En.    Temperature Pres. DC (bar) Pressure (bar)
   -1.30086e+03   -1.61534e+03    1.26423e+02   -3.26391e+00    1.08588e+01

           Step           Time
         270500      541.00000

   Energies (kJ/mol)
        LJ (SR)  Disper. corr.   Coulomb (SR)      Potential    Kinetic En.
   -2.04347e+03   -3.86262e+01    0.00000e+00   -2.08209e+03    8.11209e+02
   Total Energy  Conserved En.    Temperature Pres. DC (bar) Pressure (bar)
   -1.27088e+03   -1.61571e+03    1.30349e+02   -3.26391e+00   -2.68606e+00

           Step           Time
         271000      542.00000

   Energies (kJ/mol)
        LJ (SR)  Disper. corr.   Coulomb (SR)      Potential    Kinetic En.
   -2.02830e+03   -3.86262e+01    0.00000e+00   -2.06693e+03    7.87122e+02
   Total Energy  Conserved En.    Temperature Pres. DC (bar) Pressure (bar)
   -1.27980e+03   -1.61605e+03    1.26478e+02   -3.26391e+00   -6.00659e+00

           Step           Time
         271500      543.00000

   Energies (kJ/mol)
        LJ (SR)  Disper. corr.   Coulomb (SR)      Potential    Kinetic En.
   -2.04868e+03   -3.86262e+01    0.00000e+00   -2.08730e+03    7.84525e+02
   Total Energy  Conserved En.    Temperature Pres. DC (bar) Pressure (bar)
   -1.30278e+03   -1.61646e+03    1.26061e+02   -3.26391e+00    7.48686e+00

           Step           Time
         272000      544.00000

   Energies (kJ/mol)
        LJ (SR)  Disper. corr.   Coulomb (SR)      Potential    Kinetic En.
   -2.08282e+03   -3.86262e+01    0.00000e+00   -2.12144e+03    8.46511e+02
   Total Energy  Conserved En.    Temperature Pres. DC (bar) Pressure (bar)
   -1.27493e+03   -1.61681e+03    1.36021e+02   -3.26391e+00   -1.74703e+01

           Step           Time
         272500      545.00000

   Energies (kJ/mol)
        LJ (SR)  Disper. corr.   Coulomb (SR)      Potential    Kinetic En.
   -2.10122e+03   -3.86262e+01    0.00000e+00   -2.13984e+03    8.16073e+02
   Total Energy  Conserved En.    Temperature Pres. DC (bar) Pressure (bar)
   -1.32377e+03   -1.61718e+03    1.31130e+02   -3.26391e+00   -4.04417e+00

           Step           Time
         273000      546.00000

   Energies (kJ/mol)
        LJ (SR)  Disper. corr.   Coulomb (SR)      Potential    Kinetic En.
   -2.10390e+03   -3.86262e+01    0.00000e+00   -2.14253e+03    8.14027e+02
   Total Energy  Conserved En.    Temperature Pres. DC (bar) Pressure (bar)
   -1.32850e+03   -1.61756e+03    1.30801e+02   -3.26391e+00    4.78692e+00

           Step           Time
         273500      547.00000

   Energies (kJ/mol)
        LJ (SR)  Disper. corr.   Coulomb (SR)      Potential    Kinetic En.
   -2.09447e+03   -3.86262e+01    0.00000e+00   -2.13310e+03    7.67636e+02
   Total Energy  Conserved En.    Temperature Pres. DC (bar) Pressure (bar)
   -1.36546e+03   -1.61789e+03    1.23347e+02   -3.26391e+00    1.09174e+01

           Step           Time
         274000      548.00000

   Energies (kJ/mol)
        LJ (SR)  Disper. corr.   Coulomb (SR)      Potential    Kinetic En.
   -2.08465e+03   -3.86262e+01    0.00000e+00   -2.12328e+03    7.60032e+02
   Total Energy  Conserved En.    Temperature Pres. DC (bar) Pressure (bar)
   -1.36324e+03   -1.61822e+03    1.22125e+02   -3.26391e+00   -2.45707e+00

           Step           Time
         274500      549.00000

   Energies (kJ/mol)
        LJ (SR)  Disper. corr.   Coulomb (SR)      Potential    Kinetic En.
   -2.07082e+03   -3.86262e+01    0.00000e+00   -2.10945e+03    7.85280e+02
   Total Energy  Conserved En.    Temperature Pres. DC (bar) Pressure (bar)
   -1.32417e+03   -1.61860e+03    1.26182e+02   -3.26391e+00   -2.24237e+01

           Step           Time
         275000      550.00000

   Energies (kJ/mol)
        LJ (SR)  Disper. corr.   Coulomb (SR)      Potential    Kinetic En.
   -2.05662e+03   -3.86262e+01    0.00000e+00   -2.09525e+03    8.20887e+02
   Total Energy  Conserved En.    Temperature Pres. DC (bar) Pressure (bar)
   -1.27436e+03   -1.61894e+03    1.31904e+02   -3.26391e+00   -1.05519e+01

           Step           Time
         275500      551.00000

   Energies (kJ/mol)
        LJ (SR)  Disper. corr.   Coulomb (SR)      Potential    Kinetic En.
   -2.09256e+03   -3.86262e+01    0.00000e+00   -2.13118e+03    7.94721e+02
   Total Energy  Conserved En.    Temperature Pres. DC (bar) Pressure (bar)
   -1.33646e+03   -1.61933e+03    1.27699e+02   -3.26391e+00   -1.50886e+01

           Step           Time
         276000      552.00000

   Energies (kJ/mol)
        LJ (SR)  Disper. corr.   Coulomb (SR)      Potential    Kinetic En.
   -2.10034e+03   -3.86262e+01    0.00000e+00   -2.13896e+03    7.95013e+02
   Total Energy  Conserved En.    Temperature Pres. DC (bar) Pressure (bar)
   -1.34395e+03   -1.61965e+03    1.27746e+02   -3.26391e+00   -1.21940e+01

           Step           Time
         276500      553.00000

   Energies (kJ/mol)
        LJ (SR)  Disper. corr.   Coulomb (SR)      Potential    Kinetic En.
   -2.11977e+03   -3.86262e+01    0.00000e+00   -2.15840e+03    7.87828e+02
   Total Energy  Conserved En.    Temperature Pres. DC (bar) Pressure (bar)
   -1.37057e+03   -1.61998e+03    1.26592e+02   -3.26391e+00   -1.37843e+01

           Step           Time
         277000      554.00000

   Energies (kJ/mol)
        LJ (SR)  Disper. corr.   Coulomb (SR)      Potential    Kinetic En.
   -2.07512e+03   -3.86262e+01    0.00000e+00   -2.11374e+03    8.42650e+02
   Total Energy  Conserved En.    Temperature Pres. DC (bar) Pressure (bar)
   -1.27109e+03   -1.62034e+03    1.35401e+02   -3.26391e+00    3.07904e+00

           Step           Time
         277500      555.00000

   Energies (kJ/mol)
        LJ (SR)  Disper. corr.   Coulomb (SR)      Potential    Kinetic En.
   -2.04774e+03   -3.86262e+01    0.00000e+00   -2.08637e+03    7.87532e+02
   Total Energy  Conserved En.    Temperature Pres. DC (bar) Pressure (bar)
   -1.29884e+03   -1.62066e+03    1.26544e+02   -3.26391e+00   -1.31546e+01

           Step           Time
         278000      556.00000

   Energies (kJ/mol)
        LJ (SR)  Disper. corr.   Coulomb (SR)      Potential    Kinetic En.
   -2.04505e+03   -3.86262e+01    0.00000e+00   -2.08368e+03    8.10603e+02
   Total Energy  Conserved En.    Temperature Pres. DC (bar) Pressure (bar)
   -1.27308e+03   -1.62100e+03    1.30251e+02   -3.26391e+00   -9.09544e+00

           Step           Time
         278500      557.00000

   Energies (kJ/mol)
        LJ (SR)  Disper. corr.   Coulomb (SR)      Potential    Kinetic En.
   -2.06539e+03   -3.86262e+01    0.00000e+00   -2.10401e+03    8.19124e+02
   Total Energy  Conserved En.    Temperature Pres. DC (bar) Pressure (bar)
   -1.28489e+03   -1.62131e+03    1.31621e+02   -3.26391e+00   -1.58842e+01

           Step           Time
         279000      558.00000

   Energies (kJ/mol)
        LJ (SR)  Disper. corr.   Coulomb (SR)      Potential    Kinetic En.
   -2.08584e+03   -3.86262e+01    0.00000e+00   -2.12446e+03    8.59234e+02
   Total Energy  Conserved En.    Temperature Pres. DC (bar) Pressure (bar)
   -1.26523e+03   -1.62169e+03    1.38066e+02   -3.26391e+00    1.56930e+01

           Step           Time
         279500      559.00000

   Energies (kJ/mol)
        LJ (SR)  Disper. corr.   Coulomb (SR)      Potential    Kinetic En.
   -2.10274e+03   -3.86262e+01    0.00000e+00   -2.14136e+03    7.90466e+02
   Total Energy  Conserved En.    Temperature Pres. DC (bar) Pressure (bar)
   -1.35090e+03   -1.62209e+03    1.27016e+02   -3.26391e+00   -6.02559e-01

           Step           Time
         280000      560.00000

   Energies (kJ/mol)
        LJ (SR)  Disper. corr.   Coulomb (SR)      Potential    Kinetic En.
   -2.13713e+03   -3.86262e+01    0.00000e+00   -2.17576e+03    7.87393e+02
   Total Energy  Conserved En.    Temperature Pres. DC (bar) Pressure (bar)
   -1.38836e+03   -1.62253e+03    1.26522e+02   -3.26391e+00   -2.42524e+00

           Step           Time
         280500      561.00000

   Energies (kJ/mol)
        LJ (SR)  Disper. corr.   Coulomb (SR)      Potential    Kinetic En.
   -2.09847e+03   -3.86262e+01    0.00000e+00   -2.13709e+03    8.17392e+02
   Total Energy  Conserved En.    Temperature Pres. DC (bar) Pressure (bar)
   -1.31970e+03   -1.62286e+03    1.31342e+02   -3.26391e+00    4.89749e+00

           Step           Time
         281000      562.00000

   Energies (kJ/mol)
        LJ (SR)  Disper. corr.   Coulomb (SR)      Potential    Kinetic En.
   -2.11237e+03   -3.86262e+01    0.00000e+00   -2.15099e+03    8.21145e+02
   Total Energy  Conserved En.    Temperature Pres. DC (bar) Pressure (bar)
   -1.32985e+03   -1.62321e+03    1.31945e+02   -3.26391e+00   -1.45956e+01

           Step           Time
         281500      563.00000

   Energies (kJ/mol)
        LJ (SR)  Disper. corr.   Coulomb (SR)      Potential    Kinetic En.
   -2.10930e+03   -3.86262e+01    0.00000e+00   -2.14793e+03    8.00129e+02
   Total Energy  Conserved En.    Temperature Pres. DC (bar) Pressure (bar)
   -1.34780e+03   -1.62350e+03    1.28568e+02   -3.26391e+00    3.82397e+00

           Step           Time
         282000      564.00000

   Energies (kJ/mol)
        LJ (SR)  Disper. corr.   Coulomb (SR)      Potential    Kinetic En.
   -2.07943e+03   -3.86262e+01    0.00000e+00   -2.11806e+03    7.69937e+02
   Total Energy  Conserved En.    Temperature Pres. DC (bar) Pressure (bar)
   -1.34812e+03   -1.62379e+03    1.23717e+02   -3.26391e+00    7.14053e+00

           Step           Time
         282500      565.00000

   Energies (kJ/mol)
        LJ (SR)  Disper. corr.   Coulomb (SR)      Potential    Kinetic En.
   -2.06888e+03   -3.86262e+01    0.00000e+00   -2.10751e+03    8.41751e+02
   Total Energy  Conserved En.    Temperature Pres. DC (bar) Pressure (bar)
   -1.26576e+03   -1.62417e+03    1.35256e+02   -3.26391e+00   -1.29041e+01

           Step           Time
         283000      566.00000

   Energies (kJ/mol)
        LJ (SR)  Disper. corr.   Coulomb (SR)      Potential    Kinetic En.
   -2.08433e+03   -3.86262e+01    0.00000e+00   -2.12295e+03    7.85496e+02
   Total Energy  Conserved En.    Temperature Pres. DC (bar) Pressure (bar)
   -1.33746e+03   -1.62454e+03    1.26217e+02   -3.26391e+00   -9.62616e+00

           Step           Time
         283500      567.00000

   Energies (kJ/mol)
        LJ (SR)  Disper. corr.   Coulomb (SR)      Potential    Kinetic En.
   -2.10173e+03   -3.86262e+01    0.00000e+00   -2.14035e+03    7.61523e+02
   Total Energy  Conserved En.    Temperature Pres. DC (bar) Pressure (bar)
   -1.37883e+03   -1.62493e+03    1.22365e+02   -3.26391e+00   -3.22329e+00

           Step           Time
         284000      568.00000

   Energies (kJ/mol)
        LJ (SR)  Disper. corr.   Coulomb (SR)      Potential    Kinetic En.
   -2.18679e+03   -3.86262e+01    0.00000e+00   -2.22541e+03    8.49864e+02
   Total Energy  Conserved En.    Temperature Pres. DC (bar) Pressure (bar)
   -1.37555e+03   -1.62531e+03    1.36560e+02   -3.26391e+00    1.73786e+01

           Step           Time
         284500      569.00000

   Energies (kJ/mol)
        LJ (SR)  Disper. corr.   Coulomb (SR)      Potential    Kinetic En.
   -2.17006e+03   -3.86262e+01    0.00000e+00   -2.20868e+03    8.03902e+02
   Total Energy  Conserved En.    Temperature Pres. DC (bar) Pressure (bar)
   -1.40478e+03   -1.62567e+03    1.29175e+02   -3.26391e+00   -6.52847e+00

           Step           Time
         285000      570.00000

   Energies (kJ/mol)
        LJ (SR)  Disper. corr.   Coulomb (SR)      Potential    Kinetic En.
   -2.15137e+03   -3.86262e+01    0.00000e+00   -2.18999e+03    7.33643e+02
   Total Energy  Conserved En.    Temperature Pres. DC (bar) Pressure (bar)
   -1.45635e+03   -1.62603e+03    1.17885e+02   -3.26391e+00   -8.73745e+00

           Step           Time
         285500      571.00000

   Energies (kJ/mol)
        LJ (SR)  Disper. corr.   Coulomb (SR)      Potential    Kinetic En.
   -2.18771e+03   -3.86262e+01    0.00000e+00   -2.22634e+03    7.79427e+02
   Total Energy  Conserved En.    Temperature Pres. DC (bar) Pressure (bar)
   -1.44691e+03   -1.62641e+03    1.25242e+02   -3.26391e+00   -1.06148e+01

           Step           Time
         286000      572.00000

   Energies (kJ/mol)
        LJ (SR)  Disper. corr.   Coulomb (SR)      Potential    Kinetic En.
   -2.13660e+03   -3.86262e+01    0.00000e+00   -2.17523e+03    8.11854e+02
   Total Energy  Conserved En.    Temperature Pres. DC (bar) Pressure (bar)
   -1.36337e+03   -1.62681e+03    1.30452e+02   -3.26391e+00    7.24402e+00

           Step           Time
         286500      573.00000

   Energies (kJ/mol)
        LJ (SR)  Disper. corr.   Coulomb (SR)      Potential    Kinetic En.
   -2.16482e+03   -3.86262e+01    0.00000e+00   -2.20344e+03    7.61357e+02
   Total Energy  Conserved En.    Temperature Pres. DC (bar) Pressure (bar)
   -1.44209e+03   -1.62716e+03    1.22338e+02   -3.26391e+00   -2.31495e+01

           Step           Time
         287000      574.00000

   Energies (kJ/mol)
        LJ (SR)  Disper. corr.   Coulomb (SR)      Potential    Kinetic En.
   -2.17505e+03   -3.86262e+01    0.00000e+00   -2.21368e+03    7.57987e+02
   Total Energy  Conserved En.    Temperature Pres. DC (bar) Pressure (bar)
   -1.45569e+03   -1.62754e+03    1.21797e+02   -3.26391e+00    2.14695e+00

           Step           Time
         287500      575.00000

   Energies (kJ/mol)
        LJ (SR)  Disper. corr.   Coulomb (SR)      Potential    Kinetic En.
   -2.16156e+03   -3.86262e+01    0.00000e+00   -2.20019e+03    7.96710e+02
   Total Energy  Conserved En.    Temperature Pres. DC (bar) Pressure (bar)
   -1.40348e+03   -1.62787e+03    1.28019e+02   -3.26391e+00   -5.58987e+00

           Step           Time
         288000      576.00000

   Energies (kJ/mol)
        LJ (SR)  Disper. corr.   Coulomb (SR)      Potential    Kinetic En.
   -2.11136e+03   -3.86262e+01    0.00000e+00   -2.14998e+03    8.34090e+02
   Total Energy  Conserved En.    Temperature Pres. DC (bar) Pressure (bar)
   -1.31589e+03   -1.62821e+03    1.34025e+02   -3.26391e+00   -8.10485e+00

           Step           Time
         288500      577.00000

   Energies (kJ/mol)
        LJ (SR)  Disper. corr.   Coulomb (SR)      Potential    Kinetic En.
   -2.05449e+03   -3.86262e+01    0.00000e+00   -2.09312e+03    7.71920e+02
   Total Energy  Conserved En.    Temperature Pres. DC (bar) Pressure (bar)
   -1.32120e+03   -1.62856e+03    1.24036e+02   -3.26391e+00   -2.05429e+01

           Step           Time
         289000      578.00000

   Energies (kJ/mol)
        LJ (SR)  Disper. corr.   Coulomb (SR)      Potential    Kinetic En.
   -2.04002e+03   -3.86262e+01    0.00000e+00   -2.07865e+03    7.93505e+02
   Total Energy  Conserved En.    Temperature Pres. DC (bar) Pressure (bar)
   -1.28514e+03   -1.62884e+03    1.27504e+02   -3.26391e+00   -1.46577e+01

           Step           Time
         289500      579.00000

   Energies (kJ/mol)
        LJ (SR)  Disper. corr.   Coulomb (SR)      Potential    Kinetic En.
   -2.02936e+03   -3.86262e+01    0.00000e+00   -2.06799e+03    8.53046e+02
   Total Energy  Conserved En.    Temperature Pres. DC (bar) Pressure (bar)
   -1.21494e+03   -1.62915e+03    1.37071e+02   -3.26391e+00   -3.15220e+00

           Step           Time
         290000      580.00000

   Energies (kJ/mol)
        LJ (SR)  Disper. corr.   Coulomb (SR)      Potential    Kinetic En.
   -2.06134e+03   -3.86262e+01    0.00000e+00   -2.09997e+03    8.17857e+02
   Total Energy  Conserved En.    Temperature Pres. DC (bar) Pressure (bar)
   -1.28211e+03   -1.62951e+03    1.31417e+02   -3.26391e+00    6.04714e+00

           Step           Time
         290500      581.00000

   Energies (kJ/mol)
        LJ (SR)  Disper. corr.   Coulomb (SR)      Potential    Kinetic En.
   -2.01121e+03   -3.86262e+01    0.00000e+00   -2.04984e+03    8.12166e+02
   Total Energy  Conserved En.    Temperature Pres. DC (bar) Pressure (bar)
   -1.23767e+03   -1.62989e+03    1.30502e+02   -3.26391e+00    5.32736e+00

           Step           Time
         291000      582.00000

   Energies (kJ/mol)
        LJ (SR)  Disper. corr.   Coulomb (SR)      Potential    Kinetic En.
   -2.06123e+03   -3.86262e+01    0.00000e+00   -2.09986e+03    7.65743e+02
   Total Energy  Conserved En.    Temperature Pres. DC (bar) Pressure (bar)
   -1.33411e+03   -1.63018e+03    1.23043e+02   -3.26391e+00   -4.16734e+00

           Step           Time
         291500      583.00000

   Energies (kJ/mol)
        LJ (SR)  Disper. corr.   Coulomb (SR)      Potential    Kinetic En.
   -2.04831e+03   -3.86262e+01    0.00000e+00   -2.08694e+03    7.74142e+02
   Total Energy  Conserved En.    Temperature Pres. DC (bar) Pressure (bar)
   -1.31280e+03   -1.63057e+03    1.24393e+02   -3.26391e+00   -2.06774e+01

           Step           Time
         292000      584.00000

   Energies (kJ/mol)
        LJ (SR)  Disper. corr.   Coulomb (SR)      Potential    Kinetic En.
   -2.08123e+03   -3.86262e+01    0.00000e+00   -2.11986e+03    7.88156e+02
   Total Energy  Conserved En.    Temperature Pres. DC (bar) Pressure (bar)
   -1.33170e+03   -1.63087e+03    1.26644e+02   -3.26391e+00    6.33942e+00

           Step           Time
         292500      585.00000

   Energies (kJ/mol)
        LJ (SR)  Disper. corr.   Coulomb (SR)      Potential    Kinetic En.
   -2.04082e+03   -3.86262e+01    0.00000e+00   -2.07944e+03    8.38843e+02
   Total Energy  Conserved En.    Temperature Pres. DC (bar) Pressure (bar)
   -1.24060e+03   -1.63125e+03    1.34789e+02   -3.26391e+00   -5.52331e+00

           Step           Time
         293000      586.00000

   Energies (kJ/mol)
        LJ (SR)  Disper. corr.   Coulomb (SR)      Potential    Kinetic En.
   -2.01525e+03   -3.86262e+01    0.00000e+00   -2.05388e+03    8.35888e+02
   Total Energy  Conserved En.    Temperature Pres. DC (bar) Pressure (bar)
   -1.21799e+03   -1.63161e+03    1.34314e+02   -3.26391e+00    7.60029e+00

           Step           Time
         293500      587.00000

   Energies (kJ/mol)
        LJ (SR)  Disper. corr.   Coulomb (SR)      Potential    Kinetic En.
   -2.00738e+03   -3.86262e+01    0.00000e+00   -2.04601e+03    8.23230e+02
   Total Energy  Conserved En.    Temperature Pres. DC (bar) Pressure (bar)
   -1.22278e+03   -1.63193e+03    1.32280e+02   -3.26391e+00   -1.52434e+01

           Step           Time
         294000      588.00000

   Energies (kJ/mol)
        LJ (SR)  Disper. corr.   Coulomb (SR)      Potential    Kinetic En.
   -2.02014e+03   -3.86262e+01    0.00000e+00   -2.05876e+03    8.14846e+02
   Total Energy  Conserved En.    Temperature Pres. DC (bar) Pressure (bar)
   -1.24392e+03   -1.63228e+03    1.30933e+02   -3.26391e+00   -8.94397e+00

           Step           Time
         294500      589.00000

   Energies (kJ/mol)
        LJ (SR)  Disper. corr.   Coulomb (SR)      Potential    Kinetic En.
   -2.06207e+03   -3.86262e+01    0.00000e+00   -2.10070e+03    8.46301e+02
   Total Energy  Conserved En.    Temperature Pres. DC (bar) Pressure (bar)
   -1.25440e+03   -1.63262e+03    1.35987e+02   -3.26391e+00   -2.34319e+00

           Step           Time
         295000      590.00000

   Energies (kJ/mol)
        LJ (SR)  Disper. corr.   Coulomb (SR)      Potential    Kinetic En.
   -2.03975e+03   -3.86262e+01    0.00000e+00   -2.07837e+03    7.86863e+02
   Total Energy  Conserved En.    Temperature Pres. DC (bar) Pressure (bar)
   -1.29151e+03   -1.63300e+03    1.26437e+02   -3.26391e+00   -9.22510e+00

           Step           Time
         295500      591.00000

   Energies (kJ/mol)
        LJ (SR)  Disper. corr.   Coulomb (SR)      Potential    Kinetic En.
   -2.03249e+03   -3.86262e+01    0.00000e+00   -2.07112e+03    8.18314e+02
   Total Energy  Conserved En.    Temperature Pres. DC (bar) Pressure (bar)
   -1.25280e+03   -1.63336e+03    1.31490e+02   -3.26391e+00   -1.07025e+01

           Step           Time
         296000      592.00000

   Energies (kJ/mol)
        LJ (SR)  Disper. corr.   Coulomb (SR)      Potential    Kinetic En.
   -2.03150e+03   -3.86262e+01    0.00000e+00   -2.07012e+03    8.15054e+02
   Total Energy  Conserved En.    Temperature Pres. DC (bar) Pressure (bar)
   -1.25507e+03   -1.63370e+03    1.30966e+02   -3.26391e+00    7.98943e+00

           Step           Time
         296500      593.00000

   Energies (kJ/mol)
        LJ (SR)  Disper. corr.   Coulomb (SR)      Potential    Kinetic En.
   -2.03023e+03   -3.86262e+01    0.00000e+00   -2.06886e+03    8.24073e+02
   Total Energy  Conserved En.    Temperature Pres. DC (bar) Pressure (bar)
   -1.24478e+03   -1.63400e+03    1.32416e+02   -3.26391e+00   -1.76176e+01

           Step           Time
         297000      594.00000

   Energies (kJ/mol)
        LJ (SR)  Disper. corr.   Coulomb (SR)      Potential    Kinetic En.
   -2.00473e+03   -3.86262e+01    0.00000e+00   -2.04336e+03    8.67305e+02
   Total Energy  Conserved En.    Temperature Pres. DC (bar) Pressure (bar)
   -1.17605e+03   -1.63432e+03    1.39362e+02   -3.26391e+00   -7.48404e+00

           Step           Time
         297500      595.00000

   Energies (kJ/mol)
        LJ (SR)  Disper. corr.   Coulomb (SR)      Potential    Kinetic En.
   -2.04655e+03   -3.86262e+01    0.00000e+00   -2.08518e+03    8.12022e+02
   Total Energy  Conserved En.    Temperature Pres. DC (bar) Pressure (bar)
   -1.27316e+03   -1.63477e+03    1.30479e+02   -3.26391e+00   -5.57302e+00

           Step           Time
         298000      596.00000

   Energies (kJ/mol)
        LJ (SR)  Disper. corr.   Coulomb (SR)      Potential    Kinetic En.
   -2.06071e+03   -3.86262e+01    0.00000e+00   -2.09934e+03    7.86087e+02
   Total Energy  Conserved En.    Temperature Pres. DC (bar) Pressure (bar)
   -1.31325e+03   -1.63510e+03    1.26312e+02   -3.26391e+00   -1.54379e+01

           Step           Time
         298500      597.00000

   Energies (kJ/mol)
        LJ (SR)  Disper. corr.   Coulomb (SR)      Potential    Kinetic En.
   -2.03453e+03   -3.86262e+01    0.00000e+00   -2.07316e+03    8.50945e+02
   Total Energy  Conserved En.    Temperature Pres. DC (bar) Pressure (bar)
   -1.22222e+03   -1.63546e+03    1.36734e+02   -3.26391e+00   -2.80971e+00

           Step           Time
         299000      598.00000

   Energies (kJ/mol)
        LJ (SR)  Disper. corr.   Coulomb (SR)      Potential    Kinetic En.
   -2.01948e+03   -3.86262e+01    0.00000e+00   -2.05811e+03    8.28020e+02
   Total Energy  Conserved En.    Temperature Pres. DC (bar) Pressure (bar)
   -1.23009e+03   -1.63577e+03    1.33050e+02   -3.26391e+00   -7.59174e+00

           Step           Time
         299500      599.00000

   Energies (kJ/mol)
        LJ (SR)  Disper. corr.   Coulomb (SR)      Potential    Kinetic En.
   -2.04564e+03   -3.86262e+01    0.00000e+00   -2.08427e+03    8.41808e+02
   Total Energy  Conserved En.    Temperature Pres. DC (bar) Pressure (bar)
   -1.24246e+03   -1.63614e+03    1.35266e+02   -3.26391e+00    9.93849e-02

           Step           Time
         300000      600.00000

   Energies (kJ/mol)
        LJ (SR)  Disper. corr.   Coulomb (SR)      Potential    Kinetic En.
   -2.00938e+03   -3.86262e+01    0.00000e+00   -2.04800e+03    7.76908e+02
   Total Energy  Conserved En.    Temperature Pres. DC (bar) Pressure (bar)
   -1.27109e+03   -1.63649e+03    1.24837e+02   -3.26391e+00    8.81553e-01

           Step           Time
         300500      601.00000

   Energies (kJ/mol)
        LJ (SR)  Disper. corr.   Coulomb (SR)      Potential    Kinetic En.
   -1.99843e+03   -3.86262e+01    0.00000e+00   -2.03706e+03    8.30154e+02
   Total Energy  Conserved En.    Temperature Pres. DC (bar) Pressure (bar)
   -1.20691e+03   -1.63684e+03    1.33393e+02   -3.26391e+00    6.13315e+00

           Step           Time
         301000      602.00000

   Energies (kJ/mol)
        LJ (SR)  Disper. corr.   Coulomb (SR)      Potential    Kinetic En.
   -2.04643e+03   -3.86262e+01    0.00000e+00   -2.08506e+03    8.12856e+02
   Total Energy  Conserved En.    Temperature Pres. DC (bar) Pressure (bar)
   -1.27220e+03   -1.63725e+03    1.30613e+02   -3.26391e+00   -1.61139e+01

           Step           Time
         301500      603.00000

   Energies (kJ/mol)
        LJ (SR)  Disper. corr.   Coulomb (SR)      Potential    Kinetic En.
   -2.04142e+03   -3.86262e+01    0.00000e+00   -2.08004e+03    8.42502e+02
   Total Energy  Conserved En.    Temperature Pres. DC (bar) Pressure (bar)
   -1.23754e+03   -1.63755e+03    1.35377e+02   -3.26391e+00   -5.18654e+00

           Step           Time
         302000      604.00000

   Energies (kJ/mol)
        LJ (SR)  Disper. corr.   Coulomb (SR)      Potential    Kinetic En.
   -2.03311e+03   -3.86262e+01    0.00000e+00   -2.07174e+03    8.17400e+02
   Total Energy  Conserved En.    Temperature Pres. DC (bar) Pressure (bar)
   -1.25434e+03   -1.63785e+03    1.31344e+02   -3.26391e+00   -1.14512e+01

           Step           Time
         302500      605.00000

   Energies (kJ/mol)
        LJ (SR)  Disper. corr.   Coulomb (SR)      Potential    Kinetic En.
   -2.07009e+03   -3.86262e+01    0.00000e+00   -2.10872e+03    7.99010e+02
   Total Energy  Conserved En.    Temperature Pres. DC (bar) Pressure (bar)
   -1.30971e+03   -1.63821e+03    1.28389e+02   -3.26391e+00   -1.73372e+00

           Step           Time
         303000      606.00000

   Energies (kJ/mol)
        LJ (SR)  Disper. corr.   Coulomb (SR)      Potential    Kinetic En.
   -2.06442e+03   -3.86262e+01    0.00000e+00   -2.10305e+03    8.30828e+02
   Total Energy  Conserved En.    Temperature Pres. DC (bar) Pressure (bar)
   -1.27222e+03   -1.63861e+03    1.33501e+02   -3.26391e+00    1.21397e+01

           Step           Time
         303500      607.00000

   Energies (kJ/mol)
        LJ (SR)  Disper. corr.   Coulomb (SR)      Potential    Kinetic En.
   -2.08026e+03   -3.86262e+01    0.00000e+00   -2.11889e+03    7.49717e+02
   Total Energy  Conserved En.    Temperature Pres. DC (bar) Pressure (bar)
   -1.36917e+03   -1.63894e+03    1.20468e+02   -3.26391e+00    6.26343e-02

           Step           Time
         304000      608.00000

   Energies (kJ/mol)
        LJ (SR)  Disper. corr.   Coulomb (SR)      Potential    Kinetic En.
   -2.09511e+03   -3.86262e+01    0.00000e+00   -2.13373e+03    8.35234e+02
   Total Energy  Conserved En.    Temperature Pres. DC (bar) Pressure (bar)
   -1.29850e+03   -1.63932e+03    1.34209e+02   -3.26391e+00    1.15845e+01

           Step           Time
         304500      609.00000

   Energies (kJ/mol)
        LJ (SR)  Disper. corr.   Coulomb (SR)      Potential    Kinetic En.
   -2.01725e+03   -3.86262e+01    0.00000e+00   -2.05587e+03    7.75706e+02
   Total Energy  Conserved En.    Temperature Pres. DC (bar) Pressure (bar)
   -1.28017e+03   -1.63965e+03    1.24644e+02   -3.26391e+00   -1.92954e+00

           Step           Time
         305000      610.00000

   Energies (kJ/mol)
        LJ (SR)  Disper. corr.   Coulomb (SR)      Potential    Kinetic En.
   -1.99012e+03   -3.86262e+01    0.00000e+00   -2.02875e+03    7.90341e+02
   Total Energy  Conserved En.    Temperature Pres. DC (bar) Pressure (bar)
   -1.23840e+03   -1.63999e+03    1.26996e+02   -3.26391e+00   -2.20548e+00

           Step           Time
         305500      611.00000

   Energies (kJ/mol)
        LJ (SR)  Disper. corr.   Coulomb (SR)      Potential    Kinetic En.
   -1.99057e+03   -3.86262e+01    0.00000e+00   -2.02920e+03    7.88393e+02
   Total Energy  Conserved En.    Temperature Pres. DC (bar) Pressure (bar)
   -1.24080e+03   -1.64046e+03    1.26683e+02   -3.26391e+00    6.20672e+00

           Step           Time
         306000      612.00000

   Energies (kJ/mol)
        LJ (SR)  Disper. corr.   Coulomb (SR)      Potential    Kinetic En.
   -2.03745e+03   -3.86262e+01    0.00000e+00   -2.07608e+03    8.73116e+02
   Total Energy  Conserved En.    Temperature Pres. DC (bar) Pressure (bar)
   -1.20296e+03   -1.64087e+03    1.40296e+02   -3.26391e+00   -9.03153e+00

           Step           Time
         306500      613.00000

   Energies (kJ/mol)
        LJ (SR)  Disper. corr.   Coulomb (SR)      Potential    Kinetic En.
   -2.03641e+03   -3.86262e+01    0.00000e+00   -2.07504e+03    8.34318e+02
   Total Energy  Conserved En.    Temperature Pres. DC (bar) Pressure (bar)
   -1.24072e+03   -1.64120e+03    1.34062e+02   -3.26391e+00   -7.53389e+00

           Step           Time
         307000      614.00000

   Energies (kJ/mol)
        LJ (SR)  Disper. corr.   Coulomb (SR)      Potential    Kinetic En.
   -2.02947e+03   -3.86262e+01    0.00000e+00   -2.06809e+03    8.12933e+02
   Total Energy  Conserved En.    Temperature Pres. DC (bar) Pressure (bar)
   -1.25516e+03   -1.64158e+03    1.30626e+02   -3.26391e+00   -5.62226e+00

           Step           Time
         307500      615.00000

   Energies (kJ/mol)
        LJ (SR)  Disper. corr.   Coulomb (SR)      Potential    Kinetic En.
   -2.04496e+03   -3.86262e+01    0.00000e+00   -2.08359e+03    7.99553e+02
   Total Energy  Conserved En.    Temperature Pres. DC (bar) Pressure (bar)
   -1.28404e+03   -1.64199e+03    1.28476e+02   -3.26391e+00    3.00964e+00

           Step           Time
         308000      616.00000

   Energies (kJ/mol)
        LJ (SR)  Disper. corr.   Coulomb (SR)      Potential    Kinetic En.
   -2.08124e+03   -3.86262e+01    0.00000e+00   -2.11986e+03    8.05452e+02
   Total Energy  Conserved En.    Temperature Pres. DC (bar) Pressure (bar)
   -1.31441e+03   -1.64235e+03    1.29424e+02   -3.26391e+00    7.03370e+00

           Step           Time
         308500      617.00000

   Energies (kJ/mol)
        LJ (SR)  Disper. corr.   Coulomb (SR)      Potential    Kinetic En.
   -2.05682e+03   -3.86262e+01    0.00000e+00   -2.09544e+03    7.96032e+02
   Total Energy  Conserved En.    Temperature Pres. DC (bar) Pressure (bar)
   -1.29941e+03   -1.64272e+03    1.27910e+02   -3.26391e+00   -2.12822e+01

           Step           Time
         309000      618.00000

   Energies (kJ/mol)
        LJ (SR)  Disper. corr.   Coulomb (SR)      Potential    Kinetic En.
   -2.04637e+03   -3.86262e+01    0.00000e+00   -2.08500e+03    7.93300e+02
   Total Energy  Conserved En.    Temperature Pres. DC (bar) Pressure (bar)
   -1.29170e+03   -1.64311e+03    1.27471e+02   -3.26391e+00   -1.24891e+01

           Step           Time
         309500      619.00000

   Energies (kJ/mol)
        LJ (SR)  Disper. corr.   Coulomb (SR)      Potential    Kinetic En.
   -2.07052e+03   -3.86262e+01    0.00000e+00   -2.10915e+03    8.18666e+02
   Total Energy  Conserved En.    Temperature Pres. DC (bar) Pressure (bar)
   -1.29048e+03   -1.64346e+03    1.31547e+02   -3.26391e+00   -1.42638e+01

           Step           Time
         310000      620.00000

   Energies (kJ/mol)
        LJ (SR)  Disper. corr.   Coulomb (SR)      Potential    Kinetic En.
   -2.02632e+03   -3.86262e+01    0.00000e+00   -2.06495e+03    8.40452e+02
   Total Energy  Conserved En.    Temperature Pres. DC (bar) Pressure (bar)
   -1.22450e+03   -1.64388e+03    1.35048e+02   -3.26391e+00   -1.40882e+01

           Step           Time
         310500      621.00000

   Energies (kJ/mol)
        LJ (SR)  Disper. corr.   Coulomb (SR)      Potential    Kinetic En.
   -2.03488e+03   -3.86262e+01    0.00000e+00   -2.07351e+03    8.73346e+02
   Total Energy  Conserved En.    Temperature Pres. DC (bar) Pressure (bar)
   -1.20016e+03   -1.64425e+03    1.40333e+02   -3.26391e+00   -1.30324e+01

           Step           Time
         311000      622.00000

   Energies (kJ/mol)
        LJ (SR)  Disper. corr.   Coulomb (SR)      Potential    Kinetic En.
   -2.00956e+03   -3.86262e+01    0.00000e+00   -2.04818e+03    8.33578e+02
   Total Energy  Conserved En.    Temperature Pres. DC (bar) Pressure (bar)
   -1.21460e+03   -1.64460e+03    1.33943e+02   -3.26391e+00   -1.28953e+01

           Step           Time
         311500      623.00000

   Energies (kJ/mol)
        LJ (SR)  Disper. corr.   Coulomb (SR)      Potential    Kinetic En.
   -2.01836e+03   -3.86262e+01    0.00000e+00   -2.05699e+03    8.11945e+02
   Total Energy  Conserved En.    Temperature Pres. DC (bar) Pressure (bar)
   -1.24504e+03   -1.64493e+03    1.30467e+02   -3.26391e+00    7.51544e+00

           Step           Time
         312000      624.00000

   Energies (kJ/mol)
        LJ (SR)  Disper. corr.   Coulomb (SR)      Potential    Kinetic En.
   -2.06931e+03   -3.86262e+01    0.00000e+00   -2.10793e+03    7.97184e+02
   Total Energy  Conserved En.    Temperature Pres. DC (bar) Pressure (bar)
   -1.31075e+03   -1.64538e+03    1.28095e+02   -3.26391e+00   -2.71427e+00

           Step           Time
         312500      625.00000

   Energies (kJ/mol)
        LJ (SR)  Disper. corr.   Coulomb (SR)      Potential    Kinetic En.
   -2.08866e+03   -3.86262e+01    0.00000e+00   -2.12729e+03    7.80538e+02
   Total Energy  Conserved En.    Temperature Pres. DC (bar) Pressure (bar)
   -1.34675e+03   -1.64578e+03    1.25420e+02   -3.26391e+00    3.62013e+00

           Step           Time
         313000      626.00000

   Energies (kJ/mol)
        LJ (SR)  Disper. corr.   Coulomb (SR)      Potential    Kinetic En.
   -2.10475e+03   -3.86262e+01    0.00000e+00   -2.14337e+03    8.24146e+02
   Total Energy  Conserved En.    Temperature Pres. DC (bar) Pressure (bar)
   -1.31923e+03   -1.64616e+03    1.32427e+02   -3.26391e+00   -9.69111e+00

           Step           Time
         313500      627.00000

   Energies (kJ/mol)
        LJ (SR)  Disper. corr.   Coulomb (SR)      Potential    Kinetic En.
   -2.02716e+03   -3.86262e+01    0.00000e+00   -2.06579e+03    7.79257e+02
   Total Energy  Conserved En.    Temperature Pres. DC (bar) Pressure (bar)
   -1.28653e+03   -1.64649e+03    1.25215e+02   -3.26391e+00    9.84849e-01

           Step           Time
         314000      628.00000

   Energies (kJ/mol)
        LJ (SR)  Disper. corr.   Coulomb (SR)      Potential    Kinetic En.
   -2.02157e+03   -3.86262e+01    0.00000e+00   -2.06020e+03    8.20638e+02
   Total Energy  Conserved En.    Temperature Pres. DC (bar) Pressure (bar)
   -1.23956e+03   -1.64683e+03    1.31864e+02   -3.26391e+00    6.59467e+00

           Step           Time
         314500      629.00000

   Energies (kJ/mol)
        LJ (SR)  Disper. corr.   Coulomb (SR)      Potential    Kinetic En.
   -2.00345e+03   -3.86262e+01    0.00000e+00   -2.04208e+03    7.86517e+02
   Total Energy  Conserved En.    Temperature Pres. DC (bar) Pressure (bar)
   -1.25556e+03   -1.64721e+03    1.26381e+02   -3.26391e+00   -1.89440e+00

           Step           Time
         315000      630.00000

   Energies (kJ/mol)
        LJ (SR)  Disper. corr.   Coulomb (SR)      Potential    Kinetic En.
   -2.01845e+03   -3.86262e+01    0.00000e+00   -2.05707e+03    8.20082e+02
   Total Energy  Conserved En.    Temperature Pres. DC (bar) Pressure (bar)
   -1.23699e+03   -1.64751e+03    1.31775e+02   -3.26391e+00    3.36586e+00

           Step           Time
         315500      631.00000

   Energies (kJ/mol)
        LJ (SR)  Disper. corr.   Coulomb (SR)      Potential    Kinetic En.
   -2.06244e+03   -3.86262e+01    0.00000e+00   -2.10106e+03    8.18394e+02
   Total Energy  Conserved En.    Temperature Pres. DC (bar) Pressure (bar)
   -1.28267e+03   -1.64790e+03    1.31503e+02   -3.26391e+00   -9.45473e-03

           Step           Time
         316000      632.00000

   Energies (kJ/mol)
        LJ (SR)  Disper. corr.   Coulomb (SR)      Potential    Kinetic En.
   -2.03800e+03   -3.86262e+01    0.00000e+00   -2.07663e+03    8.99730e+02
   Total Energy  Conserved En.    Temperature Pres. DC (bar) Pressure (bar)
   -1.17690e+03   -1.64833e+03    1.44573e+02   -3.26391e+00    8.50687e+00

           Step           Time
         316500      633.00000

   Energies (kJ/mol)
        LJ (SR)  Disper. corr.   Coulomb (SR)      Potential    Kinetic En.
   -2.05596e+03   -3.86262e+01    0.00000e+00   -2.09458e+03    8.19837e+02
   Total Energy  Conserved En.    Temperature Pres. DC (bar) Pressure (bar)
   -1.27474e+03   -1.64873e+03    1.31735e+02   -3.26391e+00   -4.09824e+00

           Step           Time
         317000      634.00000

   Energies (kJ/mol)
        LJ (SR)  Disper. corr.   Coulomb (SR)      Potential    Kinetic En.
   -2.05251e+03   -3.86262e+01    0.00000e+00   -2.09114e+03    8.10591e+02
   Total Energy  Conserved En.    Temperature Pres. DC (bar) Pressure (bar)
   -1.28055e+03   -1.64906e+03    1.30249e+02   -3.26391e+00   -9.66320e+00

           Step           Time
         317500      635.00000

   Energies (kJ/mol)
        LJ (SR)  Disper. corr.   Coulomb (SR)      Potential    Kinetic En.
   -2.07219e+03   -3.86262e+01    0.00000e+00   -2.11082e+03    8.25571e+02
   Total Energy  Conserved En.    Temperature Pres. DC (bar) Pressure (bar)
   -1.28525e+03   -1.64945e+03    1.32656e+02   -3.26391e+00   -7.97947e+00

           Step           Time
         318000      636.00000

   Energies (kJ/mol)
        LJ (SR)  Disper. corr.   Coulomb (SR)      Potential    Kinetic En.
   -2.05362e+03   -3.86262e+01    0.00000e+00   -2.09225e+03    8.04953e+02
   Total Energy  Conserved En.    Temperature Pres. DC (bar) Pressure (bar)
   -1.28730e+03   -1.64986e+03    1.29344e+02   -3.26391e+00   -8.39046e+00

           Step           Time
         318500      637.00000

   Energies (kJ/mol)
        LJ (SR)  Disper. corr.   Coulomb (SR)      Potential    Kinetic En.
   -2.02676e+03   -3.86262e+01    0.00000e+00   -2.06538e+03    8.40963e+02
   Total Energy  Conserved En.    Temperature Pres. DC (bar) Pressure (bar)
   -1.22442e+03   -1.65022e+03    1.35130e+02   -3.26391e+00    4.73063e+00

           Step           Time
         319000      638.00000

   Energies (kJ/mol)
        LJ (SR)  Disper. corr.   Coulomb (SR)      Potential    Kinetic En.
   -2.03638e+03   -3.86262e+01    0.00000e+00   -2.07501e+03    7.96393e+02
   Total Energy  Conserved En.    Temperature Pres. DC (bar) Pressure (bar)
   -1.27862e+03   -1.65057e+03    1.27968e+02   -3.26391e+00   -7.69921e+00

           Step           Time
         319500      639.00000

   Energies (kJ/mol)
        LJ (SR)  Disper. corr.   Coulomb (SR)      Potential    Kinetic En.
   -2.06454e+03   -3.86262e+01    0.00000e+00   -2.10316e+03    8.03180e+02
   Total Energy  Conserved En.    Temperature Pres. DC (bar) Pressure (bar)
   -1.29998e+03   -1.65099e+03    1.29059e+02   -3.26391e+00   -8.62559e-01

           Step           Time
         320000      640.00000

   Energies (kJ/mol)
        LJ (SR)  Disper. corr.   Coulomb (SR)      Potential    Kinetic En.
   -2.04451e+03   -3.86262e+01    0.00000e+00   -2.08313e+03    7.80432e+02
   Total Energy  Conserved En.    Temperature Pres. DC (bar) Pressure (bar)
   -1.30270e+03   -1.65131e+03    1.25403e+02   -3.26391e+00   -6.28689e+00

           Step           Time
         320500      641.00000

   Energies (kJ/mol)
        LJ (SR)  Disper. corr.   Coulomb (SR)      Potential    Kinetic En.
   -2.05986e+03   -3.86262e+01    0.00000e+00   -2.09849e+03    8.93904e+02
   Total Energy  Conserved En.    Temperature Pres. DC (bar) Pressure (bar)
   -1.20458e+03   -1.65171e+03    1.43636e+02   -3.26391e+00   -7.11532e+00

           Step           Time
         321000      642.00000

   Energies (kJ/mol)
        LJ (SR)  Disper. corr.   Coulomb (SR)      Potential    Kinetic En.
   -2.00361e+03   -3.86262e+01    0.00000e+00   -2.04223e+03    8.08986e+02
   Total Energy  Conserved En.    Temperature Pres. DC (bar) Pressure (bar)
   -1.23325e+03   -1.65205e+03    1.29991e+02   -3.26391e+00   -1.08877e+01

           Step           Time
         321500      643.00000

   Energies (kJ/mol)
        LJ (SR)  Disper. corr.   Coulomb (SR)      Potential    Kinetic En.
   -2.03724e+03   -3.86262e+01    0.00000e+00   -2.07586e+03    8.35817e+02
   Total Energy  Conserved En.    Temperature Pres. DC (bar) Pressure (bar)
   -1.24004e+03   -1.65244e+03    1.34303e+02   -3.26391e+00   -6.55078e+00

           Step           Time
         322000      644.00000

   Energies (kJ/mol)
        LJ (SR)  Disper. corr.   Coulomb (SR)      Potential    Kinetic En.
   -2.04585e+03   -3.86262e+01    0.00000e+00   -2.08448e+03    8.29033e+02
   Total Energy  Conserved En.    Temperature Pres. DC (bar) Pressure (bar)
   -1.25544e+03   -1.65281e+03    1.33213e+02   -3.26391e+00    5.12477e+00

           Step           Time
         322500      645.00000

   Energies (kJ/mol)
        LJ (SR)  Disper. corr.   Coulomb (SR)      Potential    Kinetic En.
   -1.99978e+03   -3.86262e+01    0.00000e+00   -2.03841e+03    8.29767e+02
   Total Energy  Conserved En.    Temperature Pres. DC (bar) Pressure (bar)
   -1.20864e+03   -1.65313e+03    1.33331e+02   -3.26391e+00   -1.10850e+01

           Step           Time
         323000      646.00000

   Energies (kJ/mol)
        LJ (SR)  Disper. corr.   Coulomb (SR)      Potential    Kinetic En.
   -2.03436e+03   -3.86262e+01    0.00000e+00   -2.07299e+03    7.92068e+02
   Total Energy  Conserved En.    Temperature Pres. DC (bar) Pressure (bar)
   -1.28092e+03   -1.65353e+03    1.27273e+02   -3.26391e+00   -1.26878e+01

           Step           Time
         323500      647.00000

   Energies (kJ/mol)
        LJ (SR)  Disper. corr.   Coulomb (SR)      Potential    Kinetic En.
   -1.99451e+03   -3.86262e+01    0.00000e+00   -2.03314e+03    7.77257e+02
   Total Energy  Conserved En.    Temperature Pres. DC (bar) Pressure (bar)
   -1.25588e+03   -1.65383e+03    1.24893e+02   -3.26391e+00   -5.21607e+00

           Step           Time
         324000      648.00000

   Energies (kJ/mol)
        LJ (SR)  Disper. corr.   Coulomb (SR)      Potential    Kinetic En.
   -2.03018e+03   -3.86262e+01    0.00000e+00   -2.06880e+03    8.19492e+02
   Total Energy  Conserved En.    Temperature Pres. DC (bar) Pressure (bar)
   -1.24931e+03   -1.65426e+03    1.31680e+02   -3.26391e+00   -6.33542e+00

           Step           Time
         324500      649.00000

   Energies (kJ/mol)
        LJ (SR)  Disper. corr.   Coulomb (SR)      Potential    Kinetic En.
   -2.05911e+03   -3.86262e+01    0.00000e+00   -2.09774e+03    8.53334e+02
   Total Energy  Conserved En.    Temperature Pres. DC (bar) Pressure (bar)
   -1.24441e+03   -1.65465e+03    1.37117e+02   -3.26391e+00    7.57628e+00

           Step           Time
         325000      650.00000

   Energies (kJ/mol)
        LJ (SR)  Disper. corr.   Coulomb (SR)      Potential    Kinetic En.
   -2.00387e+03   -3.86262e+01    0.00000e+00   -2.04249e+03    8.47329e+02
   Total Energy  Conserved En.    Temperature Pres. DC (bar) Pressure (bar)
   -1.19517e+03   -1.65500e+03    1.36153e+02   -3.26391e+00    2.00566e+01

           Step           Time
         325500      651.00000

   Energies (kJ/mol)
        LJ (SR)  Disper. corr.   Coulomb (SR)      Potential    Kinetic En.
   -2.02332e+03   -3.86262e+01    0.00000e+00   -2.06194e+03    7.60685e+02
   Total Energy  Conserved En.    Temperature Pres. DC (bar) Pressure (bar)
   -1.30126e+03   -1.65538e+03    1.22230e+02   -3.26391e+00   -2.01558e+01

           Step           Time
         326000      652.00000

   Energies (kJ/mol)
        LJ (SR)  Disper. corr.   Coulomb (SR)      Potential    Kinetic En.
   -2.02259e+03   -3.86262e+01    0.00000e+00   -2.06122e+03    8.86159e+02
   Total Energy  Conserved En.    Temperature Pres. DC (bar) Pressure (bar)
   -1.17506e+03   -1.65578e+03    1.42392e+02   -3.26391e+00    1.13419e+01

           Step           Time
         326500      653.00000

   Energies (kJ/mol)
        LJ (SR)  Disper. corr.   Coulomb (SR)      Potential    Kinetic En.
   -2.03389e+03   -3.86262e+01    0.00000e+00   -2.07251e+03    7.85346e+02
   Total Energy  Conserved En.    Temperature Pres. DC (bar) Pressure (bar)
   -1.28717e+03   -1.65610e+03    1.26193e+02   -3.26391e+00    2.32668e+00

           Step           Time
         327000      654.00000

   Energies (kJ/mol)
        LJ (SR)  Disper. corr.   Coulomb (SR)      Potential    Kinetic En.
   -2.02520e+03   -3.86262e+01    0.00000e+00   -2.06382e+03    8.22263e+02
   Total Energy  Conserved En.    Temperature Pres. DC (bar) Pressure (bar)
   -1.24156e+03   -1.65648e+03    1.32125e+02   -3.26391e+00   -6.36858e+00

           Step           Time
         327500      655.00000

   Energies (kJ/mol)
        LJ (SR)  Disper. corr.   Coulomb (SR)      Potential    Kinetic En.
   -2.04426e+03   -3.86262e+01    0.00000e+00   -2.08289e+03    8.15839e+02
   Total Energy  Conserved En.    Temperature Pres. DC (bar) Pressure (bar)
   -1.26705e+03   -1.65683e+03    1.31093e+02   -3.26391e+00   -3.17628e-01

           Step           Time
         328000      656.00000

   Energies (kJ/mol)
        LJ (SR)  Disper. corr.   Coulomb (SR)      Potential    Kinetic En.
   -2.03064e+03   -3.86262e+01    0.00000e+00   -2.06927e+03    8.37946e+02
   Total Energy  Conserved En.    Temperature Pres. DC (bar) Pressure (bar)
   -1.23132e+03   -1.65724e+03    1.34645e+02   -3.26391e+00   -1.44256e+01

           Step           Time
         328500      657.00000

   Energies (kJ/mol)
        LJ (SR)  Disper. corr.   Coulomb (SR)      Potential    Kinetic En.
   -1.99971e+03   -3.86262e+01    0.00000e+00   -2.03833e+03    8.13375e+02
   Total Energy  Conserved En.    Temperature Pres. DC (bar) Pressure (bar)
   -1.22496e+03   -1.65760e+03    1.30697e+02   -3.26391e+00    4.57612e+00

           Step           Time
         329000      658.00000

   Energies (kJ/mol)
        LJ (SR)  Disper. corr.   Coulomb (SR)      Potential    Kinetic En.
   -2.05792e+03   -3.86262e+01    0.00000e+00   -2.09655e+03    7.93600e+02
   Total Energy  Conserved En.    Temperature Pres. DC (bar) Pressure (bar)
   -1.30295e+03   -1.65808e+03    1.27519e+02   -3.26391e+00   -2.44828e+01

           Step           Time
         329500      659.00000

   Energies (kJ/mol)
        LJ (SR)  Disper. corr.   Coulomb (SR)      Potential    Kinetic En.
   -2.06115e+03   -3.86262e+01    0.00000e+00   -2.09977e+03    8.09371e+02
   Total Energy  Conserved En.    Temperature Pres. DC (bar) Pressure (bar)
   -1.29040e+03   -1.65841e+03    1.30053e+02   -3.26391e+00   -8.55441e+00

           Step           Time
         330000      660.00000

   Energies (kJ/mol)
        LJ (SR)  Disper. corr.   Coulomb (SR)      Potential    Kinetic En.
   -2.07879e+03   -3.86262e+01    0.00000e+00   -2.11742e+03    8.12175e+02
   Total Energy  Conserved En.    Temperature Pres. DC (bar) Pressure (bar)
   -1.30524e+03   -1.65879e+03    1.30504e+02   -3.26391e+00    3.45373e+00

           Step           Time
         330500      661.00000

   Energies (kJ/mol)
        LJ (SR)  Disper. corr.   Coulomb (SR)      Potential    Kinetic En.
   -2.08234e+03   -3.86262e+01    0.00000e+00   -2.12097e+03    7.89804e+02
   Total Energy  Conserved En.    Temperature Pres. DC (bar) Pressure (bar)
   -1.33117e+03   -1.65920e+03    1.26909e+02   -3.26391e+00   -1.31832e-01

           Step           Time
         331000      662.00000

   Energies (kJ/mol)
        LJ (SR)  Disper. corr.   Coulomb (SR)      Potential    Kinetic En.
   -2.04682e+03   -3.86262e+01    0.00000e+00   -2.08545e+03    8.19660e+02
   Total Energy  Conserved En.    Temperature Pres. DC (bar) Pressure (bar)
   -1.26579e+03   -1.65952e+03    1.31707e+02   -3.26391e+00   -1.86141e+01

           Step           Time
         331500      663.00000

   Energies (kJ/mol)
        LJ (SR)  Disper. corr.   Coulomb (SR)      Potential    Kinetic En.
   -2.00621e+03   -3.86262e+01    0.00000e+00   -2.04483e+03    7.64593e+02
   Total Energy  Conserved En.    Temperature Pres. DC (bar) Pressure (bar)
   -1.28024e+03   -1.65990e+03    1.22858e+02   -3.26391e+00   -2.37205e+01

           Step           Time
         332000      664.00000

   Energies (kJ/mol)
        LJ (SR)  Disper. corr.   Coulomb (SR)      Potential    Kinetic En.
   -2.04528e+03   -3.86262e+01    0.00000e+00   -2.08391e+03    7.65670e+02
   Total Energy  Conserved En.    Temperature Pres. DC (bar) Pressure (bar)
   -1.31824e+03   -1.66025e+03    1.23031e+02   -3.26391e+00   -1.28462e-01

           Step           Time
         332500      665.00000

   Energies (kJ/mol)
        LJ (SR)  Disper. corr.   Coulomb (SR)      Potential    Kinetic En.
   -2.09217e+03   -3.86262e+01    0.00000e+00   -2.13080e+03    8.17939e+02
   Total Energy  Conserved En.    Temperature Pres. DC (bar) Pressure (bar)
   -1.31286e+03   -1.66059e+03    1.31430e+02   -3.26391e+00    5.98797e+00

           Step           Time
         333000      666.00000

   Energies (kJ/mol)
        LJ (SR)  Disper. corr.   Coulomb (SR)      Potential    Kinetic En.
   -2.10872e+03   -3.86262e+01    0.00000e+00   -2.14734e+03    8.04306e+02
   Total Energy  Conserved En.    Temperature Pres. DC (bar) Pressure (bar)
   -1.34304e+03   -1.66097e+03    1.29239e+02   -3.26391e+00   -3.17526e+00

           Step           Time
         333500      667.00000

   Energies (kJ/mol)
        LJ (SR)  Disper. corr.   Coulomb (SR)      Potential    Kinetic En.
   -2.12313e+03   -3.86262e+01    0.00000e+00   -2.16175e+03    8.34020e+02
   Total Energy  Conserved En.    Temperature Pres. DC (bar) Pressure (bar)
   -1.32773e+03   -1.66126e+03    1.34014e+02   -3.26391e+00   -1.02191e+01

           Step           Time
         334000      668.00000

   Energies (kJ/mol)
        LJ (SR)  Disper. corr.   Coulomb (SR)      Potential    Kinetic En.
   -2.12542e+03   -3.86262e+01    0.00000e+00   -2.16405e+03    8.37732e+02
   Total Energy  Conserved En.    Temperature Pres. DC (bar) Pressure (bar)
   -1.32632e+03   -1.66162e+03    1.34611e+02   -3.26391e+00   -1.59748e+01

           Step           Time
         334500      669.00000

   Energies (kJ/mol)
        LJ (SR)  Disper. corr.   Coulomb (SR)      Potential    Kinetic En.
   -2.07792e+03   -3.86262e+01    0.00000e+00   -2.11655e+03    7.93881e+02
   Total Energy  Conserved En.    Temperature Pres. DC (bar) Pressure (bar)
   -1.32266e+03   -1.66193e+03    1.27564e+02   -3.26391e+00   -1.30517e+01

           Step           Time
         335000      670.00000

   Energies (kJ/mol)
        LJ (SR)  Disper. corr.   Coulomb (SR)      Potential    Kinetic En.
   -2.03368e+03   -3.86262e+01    0.00000e+00   -2.07230e+03    8.07807e+02
   Total Energy  Conserved En.    Temperature Pres. DC (bar) Pressure (bar)
   -1.26450e+03   -1.66228e+03    1.29802e+02   -3.26391e+00   -8.26369e+00

           Step           Time
         335500      671.00000

   Energies (kJ/mol)
        LJ (SR)  Disper. corr.   Coulomb (SR)      Potential    Kinetic En.
   -2.07836e+03   -3.86262e+01    0.00000e+00   -2.11698e+03    7.65451e+02
   Total Energy  Conserved En.    Temperature Pres. DC (bar) Pressure (bar)
   -1.35153e+03   -1.66264e+03    1.22996e+02   -3.26391e+00   -3.29551e+00

           Step           Time
         336000      672.00000

   Energies (kJ/mol)
        LJ (SR)  Disper. corr.   Coulomb (SR)      Potential    Kinetic En.
   -2.04046e+03   -3.86262e+01    0.00000e+00   -2.07909e+03    8.05317e+02
   Total Energy  Conserved En.    Temperature Pres. DC (bar) Pressure (bar)
   -1.27377e+03   -1.66303e+03    1.29402e+02   -3.26391e+00   -6.45405e+00

           Step           Time
         336500      673.00000

   Energies (kJ/mol)
        LJ (SR)  Disper. corr.   Coulomb (SR)      Potential    Kinetic En.
   -2.01201e+03   -3.86262e+01    0.00000e+00   -2.05064e+03    7.95079e+02
   Total Energy  Conserved En.    Temperature Pres. DC (bar) Pressure (bar)
   -1.25556e+03   -1.66336e+03    1.27757e+02   -3.26391e+00   -6.69089e+00

           Step           Time
         337000      674.00000

   Energies (kJ/mol)
        LJ (SR)  Disper. corr.   Coulomb (SR)      Potential    Kinetic En.
   -2.04190e+03   -3.86262e+01    0.00000e+00   -2.08053e+03    8.06584e+02
   Total Energy  Conserved En.    Temperature Pres. DC (bar) Pressure (bar)
   -1.27394e+03   -1.66372e+03    1.29606e+02   -3.26391e+00   -1.07737e+01

           Step           Time
         337500      675.00000

   Energies (kJ/mol)
        LJ (SR)  Disper. corr.   Coulomb (SR)      Potential    Kinetic En.
   -2.04168e+03   -3.86262e+01    0.00000e+00   -2.08030e+03    7.98420e+02
   Total Energy  Conserved En.    Temperature Pres. DC (bar) Pressure (bar)
   -1.28188e+03   -1.66409e+03    1.28294e+02   -3.26391e+00    8.77830e+00

           Step           Time
         338000      676.00000

   Energies (kJ/mol)
        LJ (SR)  Disper. corr.   Coulomb (SR)      Potential    Kinetic En.
   -2.06283e+03   -3.86262e+01    0.00000e+00   -2.10146e+03    7.88733e+02
   Total Energy  Conserved En.    Temperature Pres. DC (bar) Pressure (bar)
   -1.31273e+03   -1.66443e+03    1.26737e+02   -3.26391e+00   -2.55201e+01

           Step           Time
         338500      677.00000

   Energies (kJ/mol)
        LJ (SR)  Disper. corr.   Coulomb (SR)      Potential    Kinetic En.
   -2.05154e+03   -3.86262e+01    0.00000e+00   -2.09017e+03    7.91404e+02
   Total Energy  Conserved En.    Temperature Pres. DC (bar) Pressure (bar)
   -1.29876e+03   -1.66478e+03    1.27166e+02   -3.26391e+00   -1.16849e+01

           Step           Time
         339000      678.00000

   Energies (kJ/mol)
        LJ (SR)  Disper. corr.   Coulomb (SR)      Potential    Kinetic En.
   -2.00969e+03   -3.86262e+01    0.00000e+00   -2.04831e+03    7.73070e+02
   Total Energy  Conserved En.    Temperature Pres. DC (bar) Pressure (bar)
   -1.27524e+03   -1.66509e+03    1.24220e+02   -3.26391e+00    1.09372e+01

           Step           Time
         339500      679.00000

   Energies (kJ/mol)
        LJ (SR)  Disper. corr.   Coulomb (SR)      Potential    Kinetic En.
   -2.01874e+03   -3.86262e+01    0.00000e+00   -2.05737e+03    8.04025e+02
   Total Energy  Conserved En.    Temperature Pres. DC (bar) Pressure (bar)
   -1.25334e+03   -1.66552e+03    1.29194e+02   -3.26391e+00   -2.83383e+00

           Step           Time
         340000      680.00000

   Energies (kJ/mol)
        LJ (SR)  Disper. corr.   Coulomb (SR)      Potential    Kinetic En.
   -1.98671e+03   -3.86262e+01    0.00000e+00   -2.02534e+03    7.92847e+02
   Total Energy  Conserved En.    Temperature Pres. DC (bar) Pressure (bar)
   -1.23249e+03   -1.66585e+03    1.27398e+02   -3.26391e+00   -1.12451e+01

           Step           Time
         340500      681.00000

   Energies (kJ/mol)
        LJ (SR)  Disper. corr.   Coulomb (SR)      Potential    Kinetic En.
   -2.00786e+03   -3.86262e+01    0.00000e+00   -2.04649e+03    8.19694e+02
   Total Energy  Conserved En.    Temperature Pres. DC (bar) Pressure (bar)
   -1.22679e+03   -1.66622e+03    1.31712e+02   -3.26391e+00   -4.65704e+00

           Step           Time
         341000      682.00000

   Energies (kJ/mol)
        LJ (SR)  Disper. corr.   Coulomb (SR)      Potential    Kinetic En.
   -1.96726e+03   -3.86262e+01    0.00000e+00   -2.00589e+03    8.29793e+02
   Total Energy  Conserved En.    Temperature Pres. DC (bar) Pressure (bar)
   -1.17609e+03   -1.66660e+03    1.33335e+02   -3.26391e+00   -1.05506e+01

           Step           Time
         341500      683.00000

   Energies (kJ/mol)
        LJ (SR)  Disper. corr.   Coulomb (SR)      Potential    Kinetic En.
   -1.97285e+03   -3.86262e+01    0.00000e+00   -2.01147e+03    8.62543e+02
   Total Energy  Conserved En.    Temperature Pres. DC (bar) Pressure (bar)
   -1.14893e+03   -1.66700e+03    1.38597e+02   -3.26391e+00   -1.01982e+01

           Step           Time
         342000      684.00000

   Energies (kJ/mol)
        LJ (SR)  Disper. corr.   Coulomb (SR)      Potential    Kinetic En.
   -2.02826e+03   -3.86262e+01    0.00000e+00   -2.06689e+03    8.14317e+02
   Total Energy  Conserved En.    Temperature Pres. DC (bar) Pressure (bar)
   -1.25257e+03   -1.66738e+03    1.30848e+02   -3.26391e+00   -2.45853e+00

           Step           Time
         342500      685.00000

   Energies (kJ/mol)
        LJ (SR)  Disper. corr.   Coulomb (SR)      Potential    Kinetic En.
   -2.04584e+03   -3.86262e+01    0.00000e+00   -2.08446e+03    8.17419e+02
   Total Energy  Conserved En.    Temperature Pres. DC (bar) Pressure (bar)
   -1.26705e+03   -1.66780e+03    1.31347e+02   -3.26391e+00   -1.92586e+01

           Step           Time
         343000      686.00000

   Energies (kJ/mol)
        LJ (SR)  Disper. corr.   Coulomb (SR)      Potential    Kinetic En.
   -1.99402e+03   -3.86262e+01    0.00000e+00   -2.03265e+03    7.73706e+02
   Total Energy  Conserved En.    Temperature Pres. DC (bar) Pressure (bar)
   -1.25894e+03   -1.66813e+03    1.24323e+02   -3.26391e+00   -7.09376e+00

           Step           Time
         343500      687.00000

   Energies (kJ/mol)
        LJ (SR)  Disper. corr.   Coulomb (SR)      Potential    Kinetic En.
   -2.04440e+03   -3.86262e+01    0.00000e+00   -2.08302e+03    8.23055e+02
   Total Energy  Conserved En.    Temperature Pres. DC (bar) Pressure (bar)
   -1.25997e+03   -1.66853e+03    1.32252e+02   -3.26391e+00   -3.93607e+00

           Step           Time
         344000      688.00000

   Energies (kJ/mol)
        LJ (SR)  Disper. corr.   Coulomb (SR)      Potential    Kinetic En.
   -2.01309e+03   -3.86262e+01    0.00000e+00   -2.05171e+03    7.69140e+02
   Total Energy  Conserved En.    Temperature Pres. DC (bar) Pressure (bar)
   -1.28257e+03   -1.66887e+03    1.23589e+02   -3.26391e+00    8.72133e+00

           Step           Time
         344500      689.00000

   Energies (kJ/mol)
        LJ (SR)  Disper. corr.   Coulomb (SR)      Potential    Kinetic En.
   -1.99728e+03   -3.86262e+01    0.00000e+00   -2.03590e+03    8.02003e+02
   Total Energy  Conserved En.    Temperature Pres. DC (bar) Pressure (bar)
   -1.23390e+03   -1.66918e+03    1.28869e+02   -3.26391e+00   -3.69797e+00

           Step           Time
         345000      690.00000

   Energies (kJ/mol)
        LJ (SR)  Disper. corr.   Coulomb (SR)      Potential    Kinetic En.
   -2.02687e+03   -3.86262e+01    0.00000e+00   -2.06550e+03    8.02597e+02
   Total Energy  Conserved En.    Temperature Pres. DC (bar) Pressure (bar)
   -1.26290e+03   -1.66961e+03    1.28965e+02   -3.26391e+00   -1.27805e+01

           Step           Time
         345500      691.00000

   Energies (kJ/mol)
        LJ (SR)  Disper. corr.   Coulomb (SR)      Potential    Kinetic En.
   -2.05170e+03   -3.86262e+01    0.00000e+00   -2.09033e+03    8.78648e+02
   Total Energy  Conserved En.    Temperature Pres. DC (bar) Pressure (bar)
   -1.21168e+03   -1.67007e+03    1.41185e+02   -3.26391e+00   -3.14970e-01

           Step           Time
         346000      692.00000

   Energies (kJ/mol)
        LJ (SR)  Disper. corr.   Coulomb (SR)      Potential    Kinetic En.
   -2.03141e+03   -3.86262e+01    0.00000e+00   -2.07003e+03    7.78209e+02
   Total Energy  Conserved En.    Temperature Pres. DC (bar) Pressure (bar)
   -1.29182e+03   -1.67041e+03    1.25046e+02   -3.26391e+00    3.88156e+00

           Step           Time
         346500      693.00000

   Energies (kJ/mol)
        LJ (SR)  Disper. corr.   Coulomb (SR)      Potential    Kinetic En.
   -2.04312e+03   -3.86262e+01    0.00000e+00   -2.08175e+03    7.97320e+02
   Total Energy  Conserved En.    Temperature Pres. DC (bar) Pressure (bar)
   -1.28443e+03   -1.67082e+03    1.28117e+02   -3.26391e+00   -1.08802e+01

           Step           Time
         347000      694.00000

   Energies (kJ/mol)
        LJ (SR)  Disper. corr.   Coulomb (SR)      Potential    Kinetic En.
   -2.04544e+03   -3.86262e+01    0.00000e+00   -2.08407e+03    8.73091e+02
   Total Energy  Conserved En.    Temperature Pres. DC (bar) Pressure (bar)
   -1.21098e+03   -1.67118e+03    1.40292e+02   -3.26391e+00    1.23296e+01

           Step           Time
         347500      695.00000

   Energies (kJ/mol)
        LJ (SR)  Disper. corr.   Coulomb (SR)      Potential    Kinetic En.
   -2.07918e+03   -3.86262e+01    0.00000e+00   -2.11781e+03    8.80957e+02
   Total Energy  Conserved En.    Temperature Pres. DC (bar) Pressure (bar)
   -1.23685e+03   -1.67157e+03    1.41556e+02   -3.26391e+00   -9.57749e+00

           Step           Time
         348000      696.00000

   Energies (kJ/mol)
        LJ (SR)  Disper. corr.   Coulomb (SR)      Potential    Kinetic En.
   -2.03137e+03   -3.86262e+01    0.00000e+00   -2.07000e+03    8.40287e+02
   Total Energy  Conserved En.    Temperature Pres. DC (bar) Pressure (bar)
   -1.22971e+03   -1.67193e+03    1.35021e+02   -3.26391e+00   -2.50599e+00

           Step           Time
         348500      697.00000

   Energies (kJ/mol)
        LJ (SR)  Disper. corr.   Coulomb (SR)      Potential    Kinetic En.
   -2.00363e+03   -3.86262e+01    0.00000e+00   -2.04226e+03    7.91845e+02
   Total Energy  Conserved En.    Temperature Pres. DC (bar) Pressure (bar)
   -1.25042e+03   -1.67222e+03    1.27237e+02   -3.26391e+00   -6.14741e+00

           Step           Time
         349000      698.00000

   Energies (kJ/mol)
        LJ (SR)  Disper. corr.   Coulomb (SR)      Potential    Kinetic En.
   -2.03904e+03   -3.86262e+01    0.00000e+00   -2.07767e+03    8.56437e+02
   Total Energy  Conserved En.    Temperature Pres. DC (bar) Pressure (bar)
   -1.22123e+03   -1.67259e+03    1.37616e+02   -3.26391e+00   -1.21551e+01

           Step           Time
         349500      699.00000

   Energies (kJ/mol)
        LJ (SR)  Disper. corr.   Coulomb (SR)      Potential    Kinetic En.
   -2.05936e+03   -3.86262e+01    0.00000e+00   -2.09799e+03    8.64504e+02
   Total Energy  Conserved En.    Temperature Pres. DC (bar) Pressure (bar)
   -1.23348e+03   -1.67299e+03    1.38912e+02   -3.26391e+00    1.11575e+01

           Step           Time
         350000      700.00000

   Energies (kJ/mol)
        LJ (SR)  Disper. corr.   Coulomb (SR)      Potential    Kinetic En.
   -2.03139e+03   -3.86262e+01    0.00000e+00   -2.07002e+03    8.39411e+02
   Total Energy  Conserved En.    Temperature Pres. DC (bar) Pressure (bar)
   -1.23061e+03   -1.67335e+03    1.34880e+02   -3.26391e+00   -1.80020e+00

           Step           Time
         350500      701.00000

   Energies (kJ/mol)
        LJ (SR)  Disper. corr.   Coulomb (SR)      Potential    Kinetic En.
   -1.98715e+03   -3.86262e+01    0.00000e+00   -2.02577e+03    7.94817e+02
   Total Energy  Conserved En.    Temperature Pres. DC (bar) Pressure (bar)
   -1.23096e+03   -1.67369e+03    1.27715e+02   -3.26391e+00   -3.96477e+00

           Step           Time
         351000      702.00000

   Energies (kJ/mol)
        LJ (SR)  Disper. corr.   Coulomb (SR)      Potential    Kinetic En.
   -2.01581e+03   -3.86262e+01    0.00000e+00   -2.05444e+03    8.26202e+02
   Total Energy  Conserved En.    Temperature Pres. DC (bar) Pressure (bar)
   -1.22823e+03   -1.67404e+03    1.32758e+02   -3.26391e+00   -1.29064e+01

           Step           Time
         351500      703.00000

   Energies (kJ/mol)
        LJ (SR)  Disper. corr.   Coulomb (SR)      Potential    Kinetic En.
   -1.92834e+03   -3.86262e+01    0.00000e+00   -1.96697e+03    7.55351e+02
   Total Energy  Conserved En.    Temperature Pres. DC (bar) Pressure (bar)
   -1.21162e+03   -1.67435e+03    1.21373e+02   -3.26391e+00   -1.04527e+01

           Step           Time
         352000      704.00000

   Energies (kJ/mol)
        LJ (SR)  Disper. corr.   Coulomb (SR)      Potential    Kinetic En.
   -1.91863e+03   -3.86262e+01    0.00000e+00   -1.95725e+03    8.22373e+02
   Total Energy  Conserved En.    Temperature Pres. DC (bar) Pressure (bar)
   -1.13488e+03   -1.67470e+03    1.32143e+02   -3.26391e+00   -1.28640e+01

           Step           Time
         352500      705.00000

   Energies (kJ/mol)
        LJ (SR)  Disper. corr.   Coulomb (SR)      Potential    Kinetic En.
   -1.98478e+03   -3.86262e+01    0.00000e+00   -2.02340e+03    7.33314e+02
   Total Energy  Conserved En.    Temperature Pres. DC (bar) Pressure (bar)
   -1.29009e+03   -1.67508e+03    1.17832e+02   -3.26391e+00   -3.52000e+01

           Step           Time
         353000      706.00000

   Energies (kJ/mol)
        LJ (SR)  Disper. corr.   Coulomb (SR)      Potential    Kinetic En.
   -2.06092e+03   -3.86262e+01    0.00000e+00   -2.09955e+03    8.50651e+02
   Total Energy  Conserved En.    Temperature Pres. DC (bar) Pressure (bar)
   -1.24890e+03   -1.67547e+03    1.36686e+02   -3.26391e+00   -1.04567e+01

           Step           Time
         353500      707.00000

   Energies (kJ/mol)
        LJ (SR)  Disper. corr.   Coulomb (SR)      Potential    Kinetic En.
   -2.11326e+03   -3.86262e+01    0.00000e+00   -2.15189e+03    8.35875e+02
   Total Energy  Conserved En.    Temperature Pres. DC (bar) Pressure (bar)
   -1.31601e+03   -1.67585e+03    1.34312e+02   -3.26391e+00    2.58992e+00

           Step           Time
         354000      708.00000

   Energies (kJ/mol)
        LJ (SR)  Disper. corr.   Coulomb (SR)      Potential    Kinetic En.
   -2.12627e+03   -3.86262e+01    0.00000e+00   -2.16489e+03    8.00518e+02
   Total Energy  Conserved En.    Temperature Pres. DC (bar) Pressure (bar)
   -1.36438e+03   -1.67623e+03    1.28631e+02   -3.26391e+00    6.32536e+00

           Step           Time
         354500      709.00000

   Energies (kJ/mol)
        LJ (SR)  Disper. corr.   Coulomb (SR)      Potential    Kinetic En.
   -2.07165e+03   -3.86262e+01    0.00000e+00   -2.11027e+03    7.74579e+02
   Total Energy  Conserved En.    Temperature Pres. DC (bar) Pressure (bar)
   -1.33570e+03   -1.67656e+03    1.24463e+02   -3.26391e+00   -1.06553e+01

           Step           Time
         355000      710.00000

   Energies (kJ/mol)
        LJ (SR)  Disper. corr.   Coulomb (SR)      Potential    Kinetic En.
   -2.08157e+03   -3.86262e+01    0.00000e+00   -2.12020e+03    8.10782e+02
   Total Energy  Conserved En.    Temperature Pres. DC (bar) Pressure (bar)
   -1.30941e+03   -1.67692e+03    1.30280e+02   -3.26391e+00   -7.46640e-01

           Step           Time
         355500      711.00000

   Energies (kJ/mol)
        LJ (SR)  Disper. corr.   Coulomb (SR)      Potential    Kinetic En.
   -2.02555e+03   -3.86262e+01    0.00000e+00   -2.06417e+03    7.78934e+02
   Total Energy  Conserved En.    Temperature Pres. DC (bar) Pressure (bar)
   -1.28524e+03   -1.67724e+03    1.25163e+02   -3.26391e+00   -1.98259e+01

           Step           Time
         356000      712.00000

   Energies (kJ/mol)
        LJ (SR)  Disper. corr.   Coulomb (SR)      Potential    Kinetic En.
   -1.97308e+03   -3.86262e+01    0.00000e+00   -2.01170e+03    7.95925e+02
   Total Energy  Conserved En.    Temperature Pres. DC (bar) Pressure (bar)
   -1.21578e+03   -1.67765e+03    1.27893e+02   -3.26391e+00   -2.59700e+00

           Step           Time
         356500      713.00000

   Energies (kJ/mol)
        LJ (SR)  Disper. corr.   Coulomb (SR)      Potential    Kinetic En.
   -1.99744e+03   -3.86262e+01    0.00000e+00   -2.03606e+03    7.99813e+02
   Total Energy  Conserved En.    Temperature Pres. DC (bar) Pressure (bar)
   -1.23625e+03   -1.67802e+03    1.28518e+02   -3.26391e+00    1.22526e+00

           Step           Time
         357000      714.00000

   Energies (kJ/mol)
        LJ (SR)  Disper. corr.   Coulomb (SR)      Potential    Kinetic En.
   -1.98979e+03   -3.86262e+01    0.00000e+00   -2.02841e+03    7.28546e+02
   Total Energy  Conserved En.    Temperature Pres. DC (bar) Pressure (bar)
   -1.29987e+03   -1.67831e+03    1.17066e+02   -3.26391e+00    1.33322e+01

           Step           Time
         357500      715.00000

   Energies (kJ/mol)
        LJ (SR)  Disper. corr.   Coulomb (SR)      Potential    Kinetic En.
   -1.96210e+03   -3.86262e+01    0.00000e+00   -2.00073e+03    8.18272e+02
   Total Energy  Conserved En.    Temperature Pres. DC (bar) Pressure (bar)
   -1.18246e+03   -1.67869e+03    1.31484e+02   -3.26391e+00    2.87801e+00

           Step           Time
         358000      716.00000

   Energies (kJ/mol)
        LJ (SR)  Disper. corr.   Coulomb (SR)      Potential    Kinetic En.
   -1.93112e+03   -3.86262e+01    0.00000e+00   -1.96975e+03    7.92677e+02
   Total Energy  Conserved En.    Temperature Pres. DC (bar) Pressure (bar)
   -1.17707e+03   -1.67906e+03    1.27371e+02   -3.26391e+00   -1.64657e+01

           Step           Time
         358500      717.00000

   Energies (kJ/mol)
        LJ (SR)  Disper. corr.   Coulomb (SR)      Potential    Kinetic En.
   -1.91354e+03   -3.86262e+01    0.00000e+00   -1.95217e+03    7.97087e+02
   Total Energy  Conserved En.    Temperature Pres. DC (bar) Pressure (bar)
   -1.15508e+03   -1.67934e+03    1.28079e+02   -3.26391e+00    1.04072e+01

           Step           Time
         359000      718.00000

   Energies (kJ/mol)
        LJ (SR)  Disper. corr.   Coulomb (SR)      Potential    Kinetic En.
   -1.91883e+03   -3.86262e+01    0.00000e+00   -1.95746e+03    7.64852e+02
   Total Energy  Conserved En.    Temperature Pres. DC (bar) Pressure (bar)
   -1.19261e+03   -1.67967e+03    1.22900e+02   -3.26391e+00   -1.22460e+01

           Step           Time
         359500      719.00000

   Energies (kJ/mol)
        LJ (SR)  Disper. corr.   Coulomb (SR)      Potential    Kinetic En.
   -1.93584e+03   -3.86262e+01    0.00000e+00   -1.97447e+03    8.15976e+02
   Total Energy  Conserved En.    Temperature Pres. DC (bar) Pressure (bar)
   -1.15850e+03   -1.67997e+03    1.31115e+02   -3.26391e+00   -8.84822e+00

           Step           Time
         360000      720.00000

   Energies (kJ/mol)
        LJ (SR)  Disper. corr.   Coulomb (SR)      Potential    Kinetic En.
   -1.96355e+03   -3.86262e+01    0.00000e+00   -2.00218e+03    7.91086e+02
   Total Energy  Conserved En.    Temperature Pres. DC (bar) Pressure (bar)
   -1.21109e+03   -1.68026e+03    1.27115e+02   -3.26391e+00    7.26762e-01

           Step           Time
         360500      721.00000

   Energies (kJ/mol)
        LJ (SR)  Disper. corr.   Coulomb (SR)      Potential    Kinetic En.
   -1.93964e+03   -3.86262e+01    0.00000e+00   -1.97826e+03    7.58731e+02
   Total Energy  Conserved En.    Temperature Pres. DC (bar) Pressure (bar)
   -1.21953e+03   -1.68063e+03    1.21916e+02   -3.26391e+00   -1.67339e+01

           Step           Time
         361000      722.00000

   Energies (kJ/mol)
        LJ (SR)  Disper. corr.   Coulomb (SR)      Potential    Kinetic En.
   -1.91559e+03   -3.86262e+01    0.00000e+00   -1.95422e+03    8.28550e+02
   Total Energy  Conserved En.    Temperature Pres. DC (bar) Pressure (bar)
   -1.12567e+03   -1.68095e+03    1.33135e+02   -3.26391e+00    1.09351e+01

           Step           Time
         361500      723.00000

   Energies (kJ/mol)
        LJ (SR)  Disper. corr.   Coulomb (SR)      Potential    Kinetic En.
   -1.95882e+03   -3.86262e+01    0.00000e+00   -1.99744e+03    8.04794e+02
   Total Energy  Conserved En.    Temperature Pres. DC (bar) Pressure (bar)
   -1.19265e+03   -1.68140e+03    1.29318e+02   -3.26391e+00   -4.43795e+00

           Step           Time
         362000      724.00000

   Energies (kJ/mol)
        LJ (SR)  Disper. corr.   Coulomb (SR)      Potential    Kinetic En.
   -1.99822e+03   -3.86262e+01    0.00000e+00   -2.03684e+03    8.29977e+02
   Total Energy  Conserved En.    Temperature Pres. DC (bar) Pressure (bar)
   -1.20687e+03   -1.68179e+03    1.33364e+02   -3.26391e+00   -5.72373e+00

           Step           Time
         362500      725.00000

   Energies (kJ/mol)
        LJ (SR)  Disper. corr.   Coulomb (SR)      Potential    Kinetic En.
   -1.95039e+03   -3.86262e+01    0.00000e+00   -1.98902e+03    8.00527e+02
   Total Energy  Conserved En.    Temperature Pres. DC (bar) Pressure (bar)
   -1.18849e+03   -1.68212e+03    1.28632e+02   -3.26391e+00   -4.68259e+00

           Step           Time
         363000      726.00000

   Energies (kJ/mol)
        LJ (SR)  Disper. corr.   Coulomb (SR)      Potential    Kinetic En.
   -1.96567e+03   -3.86262e+01    0.00000e+00   -2.00429e+03    8.31342e+02
   Total Energy  Conserved En.    Temperature Pres. DC (bar) Pressure (bar)
   -1.17295e+03   -1.68247e+03    1.33584e+02   -3.26391e+00   -4.84237e+00

           Step           Time
         363500      727.00000

   Energies (kJ/mol)
        LJ (SR)  Disper. corr.   Coulomb (SR)      Potential    Kinetic En.
   -1.97478e+03   -3.86262e+01    0.00000e+00   -2.01341e+03    7.63700e+02
   Total Energy  Conserved En.    Temperature Pres. DC (bar) Pressure (bar)
   -1.24971e+03   -1.68286e+03    1.22715e+02   -3.26391e+00   -5.34764e+00

           Step           Time
         364000      728.00000

   Energies (kJ/mol)
        LJ (SR)  Disper. corr.   Coulomb (SR)      Potential    Kinetic En.
   -1.97819e+03   -3.86262e+01    0.00000e+00   -2.01682e+03    8.50654e+02
   Total Energy  Conserved En.    Temperature Pres. DC (bar) Pressure (bar)
   -1.16617e+03   -1.68320e+03    1.36687e+02   -3.26391e+00    1.37531e+01

           Step           Time
         364500      729.00000

   Energies (kJ/mol)
        LJ (SR)  Disper. corr.   Coulomb (SR)      Potential    Kinetic En.
   -2.04550e+03   -3.86262e+01    0.00000e+00   -2.08412e+03    8.27065e+02
   Total Energy  Conserved En.    Temperature Pres. DC (bar) Pressure (bar)
   -1.25706e+03   -1.68356e+03    1.32897e+02   -3.26391e+00   -1.23727e+01

           Step           Time
         365000      730.00000

   Energies (kJ/mol)
        LJ (SR)  Disper. corr.   Coulomb (SR)      Potential    Kinetic En.
   -2.01348e+03   -3.86262e+01    0.00000e+00   -2.05211e+03    8.24631e+02
   Total Energy  Conserved En.    Temperature Pres. DC (bar) Pressure (bar)
   -1.22748e+03   -1.68391e+03    1.32505e+02   -3.26391e+00    1.80042e+01

           Step           Time
         365500      731.00000

   Energies (kJ/mol)
        LJ (SR)  Disper. corr.   Coulomb (SR)      Potential    Kinetic En.
   -2.05170e+03   -3.86262e+01    0.00000e+00   -2.09033e+03    7.89671e+02
   Total Energy  Conserved En.    Temperature Pres. DC (bar) Pressure (bar)
   -1.30066e+03   -1.68430e+03    1.26888e+02   -3.26391e+00   -6.93578e+00

           Step           Time
         366000      732.00000

   Energies (kJ/mol)
        LJ (SR)  Disper. corr.   Coulomb (SR)      Potential    Kinetic En.
   -2.04192e+03   -3.86262e+01    0.00000e+00   -2.08055e+03    7.94603e+02
   Total Energy  Conserved En.    Temperature Pres. DC (bar) Pressure (bar)
   -1.28594e+03   -1.68464e+03    1.27680e+02   -3.26391e+00    1.51591e+01

           Step           Time
         366500      733.00000

   Energies (kJ/mol)
        LJ (SR)  Disper. corr.   Coulomb (SR)      Potential    Kinetic En.
   -2.04052e+03   -3.86262e+01    0.00000e+00   -2.07915e+03    7.97849e+02
   Total Energy  Conserved En.    Temperature Pres. DC (bar) Pressure (bar)
   -1.28130e+03   -1.68504e+03    1.28202e+02   -3.26391e+00    5.74569e+00

           Step           Time
         367000      734.00000

   Energies (kJ/mol)
        LJ (SR)  Disper. corr.   Coulomb (SR)      Potential    Kinetic En.
   -2.04747e+03   -3.86262e+01    0.00000e+00   -2.08610e+03    8.10026e+02
   Total Energy  Conserved En.    Temperature Pres. DC (bar) Pressure (bar)
   -1.27607e+03   -1.68541e+03    1.30159e+02   -3.26391e+00    1.06040e+01

           Step           Time
         367500      735.00000

   Energies (kJ/mol)
        LJ (SR)  Disper. corr.   Coulomb (SR)      Potential    Kinetic En.
   -2.00013e+03   -3.86262e+01    0.00000e+00   -2.03876e+03    7.96007e+02
   Total Energy  Conserved En.    Temperature Pres. DC (bar) Pressure (bar)
   -1.24275e+03   -1.68580e+03    1.27906e+02   -3.26391e+00   -8.62496e+00

           Step           Time
         368000      736.00000

   Energies (kJ/mol)
        LJ (SR)  Disper. corr.   Coulomb (SR)      Potential    Kinetic En.
   -1.91264e+03   -3.86262e+01    0.00000e+00   -1.95127e+03    7.83746e+02
   Total Energy  Conserved En.    Temperature Pres. DC (bar) Pressure (bar)
   -1.16752e+03   -1.68610e+03    1.25936e+02   -3.26391e+00   -1.04491e+01

           Step           Time
         368500      737.00000

   Energies (kJ/mol)
        LJ (SR)  Disper. corr.   Coulomb (SR)      Potential    Kinetic En.
   -1.92336e+03   -3.86262e+01    0.00000e+00   -1.96199e+03    7.73635e+02
   Total Energy  Conserved En.    Temperature Pres. DC (bar) Pressure (bar)
   -1.18835e+03   -1.68643e+03    1.24311e+02   -3.26391e+00   -8.67586e+00

           Step           Time
         369000      738.00000

   Energies (kJ/mol)
        LJ (SR)  Disper. corr.   Coulomb (SR)      Potential    Kinetic En.
   -1.97484e+03   -3.86262e+01    0.00000e+00   -2.01347e+03    8.31675e+02
   Total Energy  Conserved En.    Temperature Pres. DC (bar) Pressure (bar)
   -1.18179e+03   -1.68685e+03    1.33637e+02   -3.26391e+00   -1.77097e+00

           Step           Time
         369500      739.00000

   Energies (kJ/mol)
        LJ (SR)  Disper. corr.   Coulomb (SR)      Potential    Kinetic En.
   -1.97888e+03   -3.86262e+01    0.00000e+00   -2.01751e+03    8.35945e+02
   Total Energy  Conserved En.    Temperature Pres. DC (bar) Pressure (bar)
   -1.18156e+03   -1.68718e+03    1.34323e+02   -3.26391e+00    8.09863e+00

           Step           Time
         370000      740.00000

   Energies (kJ/mol)
        LJ (SR)  Disper. corr.   Coulomb (SR)      Potential    Kinetic En.
   -2.01498e+03   -3.86262e+01    0.00000e+00   -2.05361e+03    8.59584e+02
   Total Energy  Conserved En.    Temperature Pres. DC (bar) Pressure (bar)
   -1.19402e+03   -1.68758e+03    1.38122e+02   -3.26391e+00   -1.49841e+01

           Step           Time
         370500      741.00000

   Energies (kJ/mol)
        LJ (SR)  Disper. corr.   Coulomb (SR)      Potential    Kinetic En.
   -1.97488e+03   -3.86262e+01    0.00000e+00   -2.01351e+03    7.68350e+02
   Total Energy  Conserved En.    Temperature Pres. DC (bar) Pressure (bar)
   -1.24516e+03   -1.68791e+03    1.23462e+02   -3.26391e+00   -6.21845e+00

           Step           Time
         371000      742.00000

   Energies (kJ/mol)
        LJ (SR)  Disper. corr.   Coulomb (SR)      Potential    Kinetic En.
   -2.02206e+03   -3.86262e+01    0.00000e+00   -2.06069e+03    7.62124e+02
   Total Energy  Conserved En.    Temperature Pres. DC (bar) Pressure (bar)
   -1.29857e+03   -1.68827e+03    1.22462e+02   -3.26391e+00   -2.91410e+01

           Step           Time
         371500      743.00000

   Energies (kJ/mol)
        LJ (SR)  Disper. corr.   Coulomb (SR)      Potential    Kinetic En.
   -1.98856e+03   -3.86262e+01    0.00000e+00   -2.02719e+03    7.92397e+02
   Total Energy  Conserved En.    Temperature Pres. DC (bar) Pressure (bar)
   -1.23479e+03   -1.68858e+03    1.27326e+02   -3.26391e+00    1.14299e+01

           Step           Time
         372000      744.00000

   Energies (kJ/mol)
        LJ (SR)  Disper. corr.   Coulomb (SR)      Potential    Kinetic En.
   -1.98567e+03   -3.86262e+01    0.00000e+00   -2.02430e+03    7.98352e+02
   Total Energy  Conserved En.    Temperature Pres. DC (bar) Pressure (bar)
   -1.22595e+03   -1.68896e+03    1.28283e+02   -3.26391e+00   -1.90838e+00

           Step           Time
         372500      745.00000

   Energies (kJ/mol)
        LJ (SR)  Disper. corr.   Coulomb (SR)      Potential    Kinetic En.
   -1.97285e+03   -3.86262e+01    0.00000e+00   -2.01148e+03    8.02403e+02
   Total Energy  Conserved En.    Temperature Pres. DC (bar) Pressure (bar)
   -1.20907e+03   -1.68932e+03    1.28934e+02   -3.26391e+00   -2.74890e+00

           Step           Time
         373000      746.00000

   Energies (kJ/mol)
        LJ (SR)  Disper. corr.   Coulomb (SR)      Potential    Kinetic En.
   -1.94669e+03   -3.86262e+01    0.00000e+00   -1.98532e+03    8.27587e+02
   Total Energy  Conserved En.    Temperature Pres. DC (bar) Pressure (bar)
   -1.15773e+03   -1.68959e+03    1.32980e+02   -3.26391e+00    9.80855e+00

           Step           Time
         373500      747.00000

   Energies (kJ/mol)
        LJ (SR)  Disper. corr.   Coulomb (SR)      Potential    Kinetic En.
   -2.00950e+03   -3.86262e+01    0.00000e+00   -2.04813e+03    8.44432e+02
   Total Energy  Conserved En.    Temperature Pres. DC (bar) Pressure (bar)
   -1.20370e+03   -1.68995e+03    1.35687e+02   -3.26391e+00   -6.82309e-01

           Step           Time
         374000      748.00000

   Energies (kJ/mol)
        LJ (SR)  Disper. corr.   Coulomb (SR)      Potential    Kinetic En.
   -2.01538e+03   -3.86262e+01    0.00000e+00   -2.05400e+03    7.62757e+02
   Total Energy  Conserved En.    Temperature Pres. DC (bar) Pressure (bar)
   -1.29125e+03   -1.69036e+03    1.22563e+02   -3.26391e+00   -4.21690e+00

           Step           Time
         374500      749.00000

   Energies (kJ/mol)
        LJ (SR)  Disper. corr.   Coulomb (SR)      Potential    Kinetic En.
   -1.98557e+03   -3.86262e+01    0.00000e+00   -2.02420e+03    7.75681e+02
   Total Energy  Conserved En.    Temperature Pres. DC (bar) Pressure (bar)
   -1.24852e+03   -1.69066e+03    1.24640e+02   -3.26391e+00   -3.86718e+00

           Step           Time
         375000      750.00000

   Energies (kJ/mol)
        LJ (SR)  Disper. corr.   Coulomb (SR)      Potential    Kinetic En.
   -1.98471e+03   -3.86262e+01    0.00000e+00   -2.02334e+03    8.54718e+02
   Total Energy  Conserved En.    Temperature Pres. DC (bar) Pressure (bar)
   -1.16862e+03   -1.69107e+03    1.37340e+02   -3.26391e+00   -1.16574e+01

           Step           Time
         375500      751.00000

   Energies (kJ/mol)
        LJ (SR)  Disper. corr.   Coulomb (SR)      Potential    Kinetic En.
   -1.98925e+03   -3.86262e+01    0.00000e+00   -2.02788e+03    8.70139e+02
   Total Energy  Conserved En.    Temperature Pres. DC (bar) Pressure (bar)
   -1.15774e+03   -1.69140e+03    1.39818e+02   -3.26391e+00   -3.80641e+00

           Step           Time
         376000      752.00000

   Energies (kJ/mol)
        LJ (SR)  Disper. corr.   Coulomb (SR)      Potential    Kinetic En.
   -1.97213e+03   -3.86262e+01    0.00000e+00   -2.01076e+03    8.30424e+02
   Total Energy  Conserved En.    Temperature Pres. DC (bar) Pressure (bar)
   -1.18033e+03   -1.69171e+03    1.33436e+02   -3.26391e+00   -1.51891e+01

           Step           Time
         376500      753.00000

   Energies (kJ/mol)
        LJ (SR)  Disper. corr.   Coulomb (SR)      Potential    Kinetic En.
   -2.00464e+03   -3.86262e+01    0.00000e+00   -2.04327e+03    8.15579e+02
   Total Energy  Conserved En.    Temperature Pres. DC (bar) Pressure (bar)
   -1.22769e+03   -1.69207e+03    1.31051e+02   -3.26391e+00    6.81163e-01

           Step           Time
         377000      754.00000

   Energies (kJ/mol)
        LJ (SR)  Disper. corr.   Coulomb (SR)      Potential    Kinetic En.
   -1.98938e+03   -3.86262e+01    0.00000e+00   -2.02801e+03    7.62594e+02
   Total Energy  Conserved En.    Temperature Pres. DC (bar) Pressure (bar)
   -1.26541e+03   -1.69236e+03    1.22537e+02   -3.26391e+00    9.35070e+00

           Step           Time
         377500      755.00000

   Energies (kJ/mol)
        LJ (SR)  Disper. corr.   Coulomb (SR)      Potential    Kinetic En.
   -2.01198e+03   -3.86262e+01    0.00000e+00   -2.05060e+03    8.18927e+02
   Total Energy  Conserved En.    Temperature Pres. DC (bar) Pressure (bar)
   -1.23168e+03   -1.69269e+03    1.31589e+02   -3.26391e+00   -3.62839e+00

           Step           Time
         378000      756.00000

   Energies (kJ/mol)
        LJ (SR)  Disper. corr.   Coulomb (SR)      Potential    Kinetic En.
   -1.98226e+03   -3.86262e+01    0.00000e+00   -2.02089e+03    8.14005e+02
   Total Energy  Conserved En.    Temperature Pres. DC (bar) Pressure (bar)
   -1.20688e+03   -1.69308e+03    1.30798e+02   -3.26391e+00   -1.42224e+01

           Step           Time
         378500      757.00000

   Energies (kJ/mol)
        LJ (SR)  Disper. corr.   Coulomb (SR)      Potential    Kinetic En.
   -1.95072e+03   -3.86262e+01    0.00000e+00   -1.98935e+03    8.16796e+02
   Total Energy  Conserved En.    Temperature Pres. DC (bar) Pressure (bar)
   -1.17255e+03   -1.69342e+03    1.31246e+02   -3.26391e+00   -4.73266e+00

           Step           Time
         379000      758.00000

   Energies (kJ/mol)
        LJ (SR)  Disper. corr.   Coulomb (SR)      Potential    Kinetic En.
   -1.94097e+03   -3.86262e+01    0.00000e+00   -1.97959e+03    8.67044e+02
   Total Energy  Conserved En.    Temperature Pres. DC (bar) Pressure (bar)
   -1.11255e+03   -1.69375e+03    1.39321e+02   -3.26391e+00    8.33769e-01

           Step           Time
         379500      759.00000

   Energies (kJ/mol)
        LJ (SR)  Disper. corr.   Coulomb (SR)      Potential    Kinetic En.
   -1.93245e+03   -3.86262e+01    0.00000e+00   -1.97107e+03    8.39178e+02
   Total Energy  Conserved En.    Temperature Pres. DC (bar) Pressure (bar)
   -1.13190e+03   -1.69409e+03    1.34843e+02   -3.26391e+00    4.05064e+00

           Step           Time
         380000      760.00000

   Energies (kJ/mol)
        LJ (SR)  Disper. corr.   Coulomb (SR)      Potential    Kinetic En.
   -1.92564e+03   -3.86262e+01    0.00000e+00   -1.96427e+03    8.30573e+02
   Total Energy  Conserved En.    Temperature Pres. DC (bar) Pressure (bar)
   -1.13370e+03   -1.69440e+03    1.33460e+02   -3.26391e+00   -1.88246e+01

           Step           Time
         380500      761.00000

   Energies (kJ/mol)
        LJ (SR)  Disper. corr.   Coulomb (SR)      Potential    Kinetic En.
   -1.88621e+03   -3.86262e+01    0.00000e+00   -1.92483e+03    7.78537e+02
   Total Energy  Conserved En.    Temperature Pres. DC (bar) Pressure (bar)
   -1.14630e+03   -1.69469e+03    1.25099e+02   -3.26391e+00   -3.46314e+00

           Step           Time
         381000      762.00000

   Energies (kJ/mol)
        LJ (SR)  Disper. corr.   Coulomb (SR)      Potential    Kinetic En.
   -1.94982e+03   -3.86262e+01    0.00000e+00   -1.98844e+03    8.11400e+02
   Total Energy  Conserved En.    Temperature Pres. DC (bar) Pressure (bar)
   -1.17704e+03   -1.69503e+03    1.30379e+02   -3.26391e+00    2.41383e+00

           Step           Time
         381500      763.00000

   Energies (kJ/mol)
        LJ (SR)  Disper. corr.   Coulomb (SR)      Potential    Kinetic En.
   -1.93481e+03   -3.86262e+01    0.00000e+00   -1.97344e+03    8.09147e+02
   Total Energy  Conserved En.    Temperature Pres. DC (bar) Pressure (bar)
   -1.16429e+03   -1.69538e+03    1.30017e+02   -3.26391e+00    3.81100e+00

           Step           Time
         382000      764.00000

   Energies (kJ/mol)
        LJ (SR)  Disper. corr.   Coulomb (SR)      Potential    Kinetic En.
   -1.97449e+03   -3.86262e+01    0.00000e+00   -2.01312e+03    8.16308e+02
   Total Energy  Conserved En.    Temperature Pres. DC (bar) Pressure (bar)
   -1.19681e+03   -1.69574e+03    1.31168e+02   -3.26391e+00    4.44344e+00

           Step           Time
         382500      765.00000

   Energies (kJ/mol)
        LJ (SR)  Disper. corr.   Coulomb (SR)      Potential    Kinetic En.
   -1.97618e+03   -3.86262e+01    0.00000e+00   -2.01480e+03    8.50650e+02
   Total Energy  Conserved En.    Temperature Pres. DC (bar) Pressure (bar)
   -1.16415e+03   -1.69614e+03    1.36686e+02   -3.26391e+00    8.94484e+00

           Step           Time
         383000      766.00000

   Energies (kJ/mol)
        LJ (SR)  Disper. corr.   Coulomb (SR)      Potential    Kinetic En.
   -1.96872e+03   -3.86262e+01    0.00000e+00   -2.00735e+03    8.39980e+02
   Total Energy  Conserved En.    Temperature Pres. DC (bar) Pressure (bar)
   -1.16737e+03   -1.69642e+03    1.34972e+02   -3.26391e+00   -2.33435e+00

           Step           Time
         383500      767.00000

   Energies (kJ/mol)
        LJ (SR)  Disper. corr.   Coulomb (SR)      Potential    Kinetic En.
   -2.00898e+03   -3.86262e+01    0.00000e+00   -2.04761e+03    8.28373e+02
   Total Energy  Conserved En.    Temperature Pres. DC (bar) Pressure (bar)
   -1.21924e+03   -1.69676e+03    1.33107e+02   -3.26391e+00   -9.45399e+00

           Step           Time
         384000      768.00000

   Energies (kJ/mol)
        LJ (SR)  Disper. corr.   Coulomb (SR)      Potential    Kinetic En.
   -2.04075e+03   -3.86262e+01    0.00000e+00   -2.07938e+03    7.67210e+02
   Total Energy  Conserved En.    Temperature Pres. DC (bar) Pressure (bar)
   -1.31217e+03   -1.69711e+03    1.23279e+02   -3.26391e+00    6.08714e+00

           Step           Time
         384500      769.00000

   Energies (kJ/mol)
        LJ (SR)  Disper. corr.   Coulomb (SR)      Potential    Kinetic En.
   -2.09032e+03   -3.86262e+01    0.00000e+00   -2.12894e+03    8.25018e+02
   Total Energy  Conserved En.    Temperature Pres. DC (bar) Pressure (bar)
   -1.30393e+03   -1.69743e+03    1.32568e+02   -3.26391e+00   -9.01978e-01

           Step           Time
         385000      770.00000

   Energies (kJ/mol)
        LJ (SR)  Disper. corr.   Coulomb (SR)      Potential    Kinetic En.
   -2.03998e+03   -3.86262e+01    0.00000e+00   -2.07861e+03    7.91020e+02
   Total Energy  Conserved En.    Temperature Pres. DC (bar) Pressure (bar)
   -1.28759e+03   -1.69775e+03    1.27105e+02   -3.26391e+00   -1.27185e+00

           Step           Time
         385500      771.00000

   Energies (kJ/mol)
        LJ (SR)  Disper. corr.   Coulomb (SR)      Potential    Kinetic En.
   -2.04192e+03   -3.86262e+01    0.00000e+00   -2.08055e+03    8.48806e+02
   Total Energy  Conserved En.    Temperature Pres. DC (bar) Pressure (bar)
   -1.23174e+03   -1.69812e+03    1.36390e+02   -3.26391e+00   -5.05192e-01

           Step           Time
         386000      772.00000

   Energies (kJ/mol)
        LJ (SR)  Disper. corr.   Coulomb (SR)      Potential    Kinetic En.
   -2.01519e+03   -3.86262e+01    0.00000e+00   -2.05382e+03    8.68108e+02
   Total Energy  Conserved En.    Temperature Pres. DC (bar) Pressure (bar)
   -1.18571e+03   -1.69845e+03    1.39491e+02   -3.26391e+00    1.12927e+01

           Step           Time
         386500      773.00000

   Energies (kJ/mol)
        LJ (SR)  Disper. corr.   Coulomb (SR)      Potential    Kinetic En.
   -2.01928e+03   -3.86262e+01    0.00000e+00   -2.05791e+03    8.01467e+02
   Total Energy  Conserved En.    Temperature Pres. DC (bar) Pressure (bar)
   -1.25644e+03   -1.69886e+03    1.28783e+02   -3.26391e+00   -2.62073e+01

           Step           Time
         387000      774.00000

   Energies (kJ/mol)
        LJ (SR)  Disper. corr.   Coulomb (SR)      Potential    Kinetic En.
   -1.99408e+03   -3.86262e+01    0.00000e+00   -2.03270e+03    8.11897e+02
   Total Energy  Conserved En.    Temperature Pres. DC (bar) Pressure (bar)
   -1.22081e+03   -1.69921e+03    1.30459e+02   -3.26391e+00    1.13231e+01

           Step           Time
         387500      775.00000

   Energies (kJ/mol)
        LJ (SR)  Disper. corr.   Coulomb (SR)      Potential    Kinetic En.
   -2.01415e+03   -3.86262e+01    0.00000e+00   -2.05278e+03    7.81070e+02
   Total Energy  Conserved En.    Temperature Pres. DC (bar) Pressure (bar)
   -1.27171e+03   -1.69957e+03    1.25506e+02   -3.26391e+00    1.38160e+01

           Step           Time
         388000      776.00000

   Energies (kJ/mol)
        LJ (SR)  Disper. corr.   Coulomb (SR)      Potential    Kinetic En.
   -2.05245e+03   -3.86262e+01    0.00000e+00   -2.09108e+03    8.35050e+02
   Total Energy  Conserved En.    Temperature Pres. DC (bar) Pressure (bar)
   -1.25603e+03   -1.69993e+03    1.34180e+02   -3.26391e+00   -3.09971e+00

           Step           Time
         388500      777.00000

   Energies (kJ/mol)
        LJ (SR)  Disper. corr.   Coulomb (SR)      Potential    Kinetic En.
   -2.04702e+03   -3.86262e+01    0.00000e+00   -2.08565e+03    7.72412e+02
   Total Energy  Conserved En.    Temperature Pres. DC (bar) Pressure (bar)
   -1.31324e+03   -1.70027e+03    1.24115e+02   -3.26391e+00   -4.52788e+00

           Step           Time
         389000      778.00000

   Energies (kJ/mol)
        LJ (SR)  Disper. corr.   Coulomb (SR)      Potential    Kinetic En.
   -2.05290e+03   -3.86262e+01    0.00000e+00   -2.09153e+03    7.70108e+02
   Total Energy  Conserved En.    Temperature Pres. DC (bar) Pressure (bar)
   -1.32142e+03   -1.70057e+03    1.23744e+02   -3.26391e+00   -2.17533e+01

           Step           Time
         389500      779.00000

   Energies (kJ/mol)
        LJ (SR)  Disper. corr.   Coulomb (SR)      Potential    Kinetic En.
   -2.03143e+03   -3.86262e+01    0.00000e+00   -2.07005e+03    8.40379e+02
   Total Energy  Conserved En.    Temperature Pres. DC (bar) Pressure (bar)
   -1.22967e+03   -1.70089e+03    1.35036e+02   -3.26391e+00    5.81148e+00

           Step           Time
         390000      780.00000

   Energies (kJ/mol)
        LJ (SR)  Disper. corr.   Coulomb (SR)      Potential    Kinetic En.
   -1.97221e+03   -3.86262e+01    0.00000e+00   -2.01084e+03    7.18520e+02
   Total Energy  Conserved En.    Temperature Pres. DC (bar) Pressure (bar)
   -1.29232e+03   -1.70119e+03    1.15455e+02   -3.26391e+00    5.78827e+00

           Step           Time
         390500      781.00000

   Energies (kJ/mol)
        LJ (SR)  Disper. corr.   Coulomb (SR)      Potential    Kinetic En.
   -2.00634e+03   -3.86262e+01    0.00000e+00   -2.04497e+03    7.73267e+02
   Total Energy  Conserved En.    Temperature Pres. DC (bar) Pressure (bar)
   -1.27170e+03   -1.70153e+03    1.24252e+02   -3.26391e+00   -5.18505e+00

           Step           Time
         391000      782.00000

   Energies (kJ/mol)
        LJ (SR)  Disper. corr.   Coulomb (SR)      Potential    Kinetic En.
   -2.01545e+03   -3.86262e+01    0.00000e+00   -2.05407e+03    7.56603e+02
   Total Energy  Conserved En.    Temperature Pres. DC (bar) Pressure (bar)
   -1.29747e+03   -1.70190e+03    1.21574e+02   -3.26391e+00    1.08210e+01

           Step           Time
         391500      783.00000

   Energies (kJ/mol)
        LJ (SR)  Disper. corr.   Coulomb (SR)      Potential    Kinetic En.
   -2.06966e+03   -3.86262e+01    0.00000e+00   -2.10828e+03    8.57273e+02
   Total Energy  Conserved En.    Temperature Pres. DC (bar) Pressure (bar)
   -1.25101e+03   -1.70230e+03    1.37750e+02   -3.26391e+00    2.56976e+00

           Step           Time
         392000      784.00000

   Energies (kJ/mol)
        LJ (SR)  Disper. corr.   Coulomb (SR)      Potential    Kinetic En.
   -2.07146e+03   -3.86262e+01    0.00000e+00   -2.11008e+03    8.20173e+02
   Total Energy  Conserved En.    Temperature Pres. DC (bar) Pressure (bar)
   -1.28991e+03   -1.70261e+03    1.31789e+02   -3.26391e+00    1.71252e+01

           Step           Time
         392500      785.00000

   Energies (kJ/mol)
        LJ (SR)  Disper. corr.   Coulomb (SR)      Potential    Kinetic En.
   -2.05532e+03   -3.86262e+01    0.00000e+00   -2.09395e+03    8.02684e+02
   Total Energy  Conserved En.    Temperature Pres. DC (bar) Pressure (bar)
   -1.29126e+03   -1.70298e+03    1.28979e+02   -3.26391e+00    9.78683e-01

           Step           Time
         393000      786.00000

   Energies (kJ/mol)
        LJ (SR)  Disper. corr.   Coulomb (SR)      Potential    Kinetic En.
   -2.04027e+03   -3.86262e+01    0.00000e+00   -2.07890e+03    8.23189e+02
   Total Energy  Conserved En.    Temperature Pres. DC (bar) Pressure (bar)
   -1.25571e+03   -1.70335e+03    1.32274e+02   -3.26391e+00    1.85906e+01

           Step           Time
         393500      787.00000

   Energies (kJ/mol)
        LJ (SR)  Disper. corr.   Coulomb (SR)      Potential    Kinetic En.
   -2.03207e+03   -3.86262e+01    0.00000e+00   -2.07070e+03    8.38711e+02
   Total Energy  Conserved En.    Temperature Pres. DC (bar) Pressure (bar)
   -1.23199e+03   -1.70369e+03    1.34768e+02   -3.26391e+00   -7.15612e+00

           Step           Time
         394000      788.00000

   Energies (kJ/mol)
        LJ (SR)  Disper. corr.   Coulomb (SR)      Potential    Kinetic En.
   -1.93435e+03   -3.86262e+01    0.00000e+00   -1.97298e+03    7.70234e+02
   Total Energy  Conserved En.    Temperature Pres. DC (bar) Pressure (bar)
   -1.20275e+03   -1.70400e+03    1.23765e+02   -3.26391e+00   -9.58040e+00

           Step           Time
         394500      789.00000

   Energies (kJ/mol)
        LJ (SR)  Disper. corr.   Coulomb (SR)      Potential    Kinetic En.
   -1.95718e+03   -3.86262e+01    0.00000e+00   -1.99580e+03    8.21683e+02
   Total Energy  Conserved En.    Temperature Pres. DC (bar) Pressure (bar)
   -1.17412e+03   -1.70438e+03    1.32032e+02   -3.26391e+00   -9.02949e+00

           Step           Time
         395000      790.00000

   Energies (kJ/mol)
        LJ (SR)  Disper. corr.   Coulomb (SR)      Potential    Kinetic En.
   -1.90647e+03   -3.86262e+01    0.00000e+00   -1.94509e+03    8.27132e+02
   Total Energy  Conserved En.    Temperature Pres. DC (bar) Pressure (bar)
   -1.11796e+03   -1.70469e+03    1.32907e+02   -3.26391e+00    9.69501e+00

           Step           Time
         395500      791.00000

   Energies (kJ/mol)
        LJ (SR)  Disper. corr.   Coulomb (SR)      Potential    Kinetic En.
   -1.91862e+03   -3.86262e+01    0.00000e+00   -1.95725e+03    8.36828e+02
   Total Energy  Conserved En.    Temperature Pres. DC (bar) Pressure (bar)
   -1.12042e+03   -1.70507e+03    1.34465e+02   -3.26391e+00   -9.44002e-01

           Step           Time
         396000      792.00000

   Energies (kJ/mol)
        LJ (SR)  Disper. corr.   Coulomb (SR)      Potential    Kinetic En.
   -1.98757e+03   -3.86262e+01    0.00000e+00   -2.02619e+03    8.11500e+02
   Total Energy  Conserved En.    Temperature Pres. DC (bar) Pressure (bar)
   -1.21469e+03   -1.70543e+03    1.30395e+02   -3.26391e+00   -3.24539e+00

           Step           Time
         396500      793.00000

   Energies (kJ/mol)
        LJ (SR)  Disper. corr.   Coulomb (SR)      Potential    Kinetic En.
   -1.99316e+03   -3.86262e+01    0.00000e+00   -2.03179e+03    8.27935e+02
   Total Energy  Conserved En.    Temperature Pres. DC (bar) Pressure (bar)
   -1.20385e+03   -1.70577e+03    1.33036e+02   -3.26391e+00   -4.81057e+00

           Step           Time
         397000      794.00000

   Energies (kJ/mol)
        LJ (SR)  Disper. corr.   Coulomb (SR)      Potential    Kinetic En.
   -2.01879e+03   -3.86262e+01    0.00000e+00   -2.05741e+03    7.34818e+02
   Total Energy  Conserved En.    Temperature Pres. DC (bar) Pressure (bar)
   -1.32259e+03   -1.70609e+03    1.18074e+02   -3.26391e+00   -1.95862e+01

           Step           Time
         397500      795.00000

   Energies (kJ/mol)
        LJ (SR)  Disper. corr.   Coulomb (SR)      Potential    Kinetic En.
   -2.05173e+03   -3.86262e+01    0.00000e+00   -2.09036e+03    8.41440e+02
   Total Energy  Conserved En.    Temperature Pres. DC (bar) Pressure (bar)
   -1.24892e+03   -1.70650e+03    1.35206e+02   -3.26391e+00   -9.18466e-01

           Step           Time
         398000      796.00000

   Energies (kJ/mol)
        LJ (SR)  Disper. corr.   Coulomb (SR)      Potential    Kinetic En.
   -2.01188e+03   -3.86262e+01    0.00000e+00   -2.05051e+03    7.72827e+02
   Total Energy  Conserved En.    Temperature Pres. DC (bar) Pressure (bar)
   -1.27768e+03   -1.70687e+03    1.24181e+02   -3.26391e+00   -1.30472e+01

           Step           Time
         398500      797.00000

   Energies (kJ/mol)
        LJ (SR)  Disper. corr.   Coulomb (SR)      Potential    Kinetic En.
   -1.98907e+03   -3.86262e+01    0.00000e+00   -2.02770e+03    7.93110e+02
   Total Energy  Conserved En.    Temperature Pres. DC (bar) Pressure (bar)
   -1.23459e+03   -1.70721e+03    1.27441e+02   -3.26391e+00   -1.98990e-01

           Step           Time
         399000      798.00000

   Energies (kJ/mol)
        LJ (SR)  Disper. corr.   Coulomb (SR)      Potential    Kinetic En.
   -1.99140e+03   -3.86262e+01    0.00000e+00   -2.03003e+03    7.49389e+02
   Total Energy  Conserved En.    Temperature Pres. DC (bar) Pressure (bar)
   -1.28064e+03   -1.70755e+03    1.20415e+02   -3.26391e+00   -2.56457e+01

           Step           Time
         399500      799.00000

   Energies (kJ/mol)
        LJ (SR)  Disper. corr.   Coulomb (SR)      Potential    Kinetic En.
   -1.95948e+03   -3.86262e+01    0.00000e+00   -1.99811e+03    8.18123e+02
   Total Energy  Conserved En.    Temperature Pres. DC (bar) Pressure (bar)
   -1.17999e+03   -1.70788e+03    1.31460e+02   -3.26391e+00    2.99112e+00

           Step           Time
         400000      800.00000

   Energies (kJ/mol)
        LJ (SR)  Disper. corr.   Coulomb (SR)      Potential    Kinetic En.
   -1.98623e+03   -3.86262e+01    0.00000e+00   -2.02486e+03    8.07537e+02
   Total Energy  Conserved En.    Temperature Pres. DC (bar) Pressure (bar)
   -1.21732e+03   -1.70821e+03    1.29759e+02   -3.26391e+00   -1.36214e+00

           Step           Time
         400500      801.00000

   Energies (kJ/mol)
        LJ (SR)  Disper. corr.   Coulomb (SR)      Potential    Kinetic En.
   -1.97860e+03   -3.86262e+01    0.00000e+00   -2.01723e+03    8.30742e+02
   Total Energy  Conserved En.    Temperature Pres. DC (bar) Pressure (bar)
   -1.18649e+03   -1.70862e+03    1.33487e+02   -3.26391e+00    2.35345e+01

           Step           Time
         401000      802.00000

   Energies (kJ/mol)
        LJ (SR)  Disper. corr.   Coulomb (SR)      Potential    Kinetic En.
   -1.97853e+03   -3.86262e+01    0.00000e+00   -2.01716e+03    8.20948e+02
   Total Energy  Conserved En.    Temperature Pres. DC (bar) Pressure (bar)
   -1.19621e+03   -1.70903e+03    1.31914e+02   -3.26391e+00    9.72123e+00

           Step           Time
         401500      803.00000

   Energies (kJ/mol)
        LJ (SR)  Disper. corr.   Coulomb (SR)      Potential    Kinetic En.
   -1.98128e+03   -3.86262e+01    0.00000e+00   -2.01990e+03    7.98224e+02
   Total Energy  Conserved En.    Temperature Pres. DC (bar) Pressure (bar)
   -1.22168e+03   -1.70940e+03    1.28262e+02   -3.26391e+00    3.62429e+00

           Step           Time
         402000      804.00000

   Energies (kJ/mol)
        LJ (SR)  Disper. corr.   Coulomb (SR)      Potential    Kinetic En.
   -1.94491e+03   -3.86262e+01    0.00000e+00   -1.98354e+03    7.73613e+02
   Total Energy  Conserved En.    Temperature Pres. DC (bar) Pressure (bar)
   -1.20993e+03   -1.70973e+03    1.24308e+02   -3.26391e+00    5.36370e+00

           Step           Time
         402500      805.00000

   Energies (kJ/mol)
        LJ (SR)  Disper. corr.   Coulomb (SR)      Potential    Kinetic En.
   -1.95590e+03   -3.86262e+01    0.00000e+00   -1.99453e+03    7.81169e+02
   Total Energy  Conserved En.    Temperature Pres. DC (bar) Pressure (bar)
   -1.21336e+03   -1.71006e+03    1.25522e+02   -3.26391e+00   -1.40000e+01

           Step           Time
         403000      806.00000

   Energies (kJ/mol)
        LJ (SR)  Disper. corr.   Coulomb (SR)      Potential    Kinetic En.
   -1.99716e+03   -3.86262e+01    0.00000e+00   -2.03578e+03    8.30896e+02
   Total Energy  Conserved En.    Temperature Pres. DC (bar) Pressure (bar)
   -1.20489e+03   -1.71048e+03    1.33512e+02   -3.26391e+00   -1.82503e-01

           Step           Time
         403500      807.00000

   Energies (kJ/mol)
        LJ (SR)  Disper. corr.   Coulomb (SR)      Potential    Kinetic En.
   -1.95116e+03   -3.86262e+01    0.00000e+00   -1.98978e+03    7.43344e+02
   Total Energy  Conserved En.    Temperature Pres. DC (bar) Pressure (bar)
   -1.24644e+03   -1.71082e+03    1.19444e+02   -3.26391e+00   -3.75026e+00

           Step           Time
         404000      808.00000

   Energies (kJ/mol)
        LJ (SR)  Disper. corr.   Coulomb (SR)      Potential    Kinetic En.
   -1.95579e+03   -3.86262e+01    0.00000e+00   -1.99442e+03    7.86875e+02
   Total Energy  Conserved En.    Temperature Pres. DC (bar) Pressure (bar)
   -1.20755e+03   -1.71116e+03    1.26439e+02   -3.26391e+00   -7.64131e+00

           Step           Time
         404500      809.00000

   Energies (kJ/mol)
        LJ (SR)  Disper. corr.   Coulomb (SR)      Potential    Kinetic En.
   -2.03449e+03   -3.86262e+01    0.00000e+00   -2.07311e+03    8.28517e+02
   Total Energy  Conserved En.    Temperature Pres. DC (bar) Pressure (bar)
   -1.24459e+03   -1.71149e+03    1.33130e+02   -3.26391e+00   -6.01266e+00

           Step           Time
         405000      810.00000

   Energies (kJ/mol)
        LJ (SR)  Disper. corr.   Coulomb (SR)      Potential    Kinetic En.
   -2.02020e+03   -3.86262e+01    0.00000e+00   -2.05883e+03    7.43581e+02
   Total Energy  Conserved En.    Temperature Pres. DC (bar) Pressure (bar)
   -1.31525e+03   -1.71179e+03    1.19482e+02   -3.26391e+00   -4.02880e+00

           Step           Time
         405500      811.00000

   Energies (kJ/mol)
        LJ (SR)  Disper. corr.   Coulomb (SR)      Potential    Kinetic En.
   -1.97669e+03   -3.86262e+01    0.00000e+00   -2.01532e+03    7.88060e+02
   Total Energy  Conserved En.    Temperature Pres. DC (bar) Pressure (bar)
   -1.22726e+03   -1.71215e+03    1.26629e+02   -3.26391e+00    1.54829e+01

           Step           Time
         406000      812.00000

   Energies (kJ/mol)
        LJ (SR)  Disper. corr.   Coulomb (SR)      Potential    Kinetic En.
   -1.99950e+03   -3.86262e+01    0.00000e+00   -2.03813e+03    7.84691e+02
   Total Energy  Conserved En.    Temperature Pres. DC (bar) Pressure (bar)
   -1.25344e+03   -1.71257e+03    1.26088e+02   -3.26391e+00   -6.60756e+00

           Step           Time
         406500      813.00000

   Energies (kJ/mol)
        LJ (SR)  Disper. corr.   Coulomb (SR)      Potential    Kinetic En.
   -1.96255e+03   -3.86262e+01    0.00000e+00   -2.00118e+03    8.20380e+02
   Total Energy  Conserved En.    Temperature Pres. DC (bar) Pressure (bar)
   -1.18080e+03   -1.71297e+03    1.31822e+02   -3.26391e+00    1.20843e+00

           Step           Time
         407000      814.00000

   Energies (kJ/mol)
        LJ (SR)  Disper. corr.   Coulomb (SR)      Potential    Kinetic En.
   -2.00404e+03   -3.86262e+01    0.00000e+00   -2.04267e+03    8.35043e+02
   Total Energy  Conserved En.    Temperature Pres. DC (bar) Pressure (bar)
   -1.20762e+03   -1.71336e+03    1.34178e+02   -3.26391e+00    2.46810e+00

           Step           Time
         407500      815.00000

   Energies (kJ/mol)
        LJ (SR)  Disper. corr.   Coulomb (SR)      Potential    Kinetic En.
   -2.01596e+03   -3.86262e+01    0.00000e+00   -2.05459e+03    7.98280e+02
   Total Energy  Conserved En.    Temperature Pres. DC (bar) Pressure (bar)
   -1.25631e+03   -1.71369e+03    1.28271e+02   -3.26391e+00   -8.13506e-03

           Step           Time
         408000      816.00000

   Energies (kJ/mol)
        LJ (SR)  Disper. corr.   Coulomb (SR)      Potential    Kinetic En.
   -2.01166e+03   -3.86262e+01    0.00000e+00   -2.05029e+03    8.42496e+02
   Total Energy  Conserved En.    Temperature Pres. DC (bar) Pressure (bar)
   -1.20780e+03   -1.71409e+03    1.35376e+02   -3.26391e+00    1.32147e+01

           Step           Time
         408500      817.00000

   Energies (kJ/mol)
        LJ (SR)  Disper. corr.   Coulomb (SR)      Potential    Kinetic En.
   -2.03558e+03   -3.86262e+01    0.00000e+00   -2.07421e+03    8.10052e+02
   Total Energy  Conserved En.    Temperature Pres. DC (bar) Pressure (bar)
   -1.26416e+03   -1.71440e+03    1.30163e+02   -3.26391e+00   -2.40005e+01

           Step           Time
         409000      818.00000

   Energies (kJ/mol)
        LJ (SR)  Disper. corr.   Coulomb (SR)      Potential    Kinetic En.
   -2.03510e+03   -3.86262e+01    0.00000e+00   -2.07373e+03    8.08100e+02
   Total Energy  Conserved En.    Temperature Pres. DC (bar) Pressure (bar)
   -1.26563e+03   -1.71477e+03    1.29849e+02   -3.26391e+00   -2.33409e+00

           Step           Time
         409500      819.00000

   Energies (kJ/mol)
        LJ (SR)  Disper. corr.   Coulomb (SR)      Potential    Kinetic En.
   -2.03956e+03   -3.86262e+01    0.00000e+00   -2.07819e+03    7.95477e+02
   Total Energy  Conserved En.    Temperature Pres. DC (bar) Pressure (bar)
   -1.28271e+03   -1.71512e+03    1.27821e+02   -3.26391e+00   -2.23480e+00

           Step           Time
         410000      820.00000

   Energies (kJ/mol)
        LJ (SR)  Disper. corr.   Coulomb (SR)      Potential    Kinetic En.
   -2.02197e+03   -3.86262e+01    0.00000e+00   -2.06059e+03    8.20284e+02
   Total Energy  Conserved En.    Temperature Pres. DC (bar) Pressure (bar)
   -1.24031e+03   -1.71548e+03    1.31807e+02   -3.26391e+00   -1.18499e+01

           Step           Time
         410500      821.00000

   Energies (kJ/mol)
        LJ (SR)  Disper. corr.   Coulomb (SR)      Potential    Kinetic En.
   -2.05833e+03   -3.86262e+01    0.00000e+00   -2.09696e+03    7.52701e+02
   Total Energy  Conserved En.    Temperature Pres. DC (bar) Pressure (bar)
   -1.34426e+03   -1.71584e+03    1.20947e+02   -3.26391e+00   -6.98946e+00

           Step           Time
         411000      822.00000

   Energies (kJ/mol)
        LJ (SR)  Disper. corr.   Coulomb (SR)      Potential    Kinetic En.
   -2.08995e+03   -3.86262e+01    0.00000e+00   -2.12858e+03    8.17781e+02
   Total Energy  Conserved En.    Temperature Pres. DC (bar) Pressure (bar)
   -1.31080e+03   -1.71627e+03    1.31405e+02   -3.26391e+00    1.44171e+01

           Step           Time
         411500      823.00000

   Energies (kJ/mol)
        LJ (SR)  Disper. corr.   Coulomb (SR)      Potential    Kinetic En.
   -2.03433e+03   -3.86262e+01    0.00000e+00   -2.07295e+03    7.72587e+02
   Total Energy  Conserved En.    Temperature Pres. DC (bar) Pressure (bar)
   -1.30037e+03   -1.71666e+03    1.24143e+02   -3.26391e+00   -2.34200e+01

           Step           Time
         412000      824.00000

   Energies (kJ/mol)
        LJ (SR)  Disper. corr.   Coulomb (SR)      Potential    Kinetic En.
   -1.97885e+03   -3.86262e+01    0.00000e+00   -2.01748e+03    8.34685e+02
   Total Energy  Conserved En.    Temperature Pres. DC (bar) Pressure (bar)
   -1.18280e+03   -1.71696e+03    1.34121e+02   -3.26391e+00   -1.07621e+01

           Step           Time
         412500      825.00000

   Energies (kJ/mol)
        LJ (SR)  Disper. corr.   Coulomb (SR)      Potential    Kinetic En.
   -2.01447e+03   -3.86262e+01    0.00000e+00   -2.05310e+03    8.23846e+02
   Total Energy  Conserved En.    Temperature Pres. DC (bar) Pressure (bar)
   -1.22925e+03   -1.71733e+03    1.32379e+02   -3.26391e+00   -5.85228e-01

           Step           Time
         413000      826.00000

   Energies (kJ/mol)
        LJ (SR)  Disper. corr.   Coulomb (SR)      Potential    Kinetic En.
   -2.05029e+03   -3.86262e+01    0.00000e+00   -2.08892e+03    7.83377e+02
   Total Energy  Conserved En.    Temperature Pres. DC (bar) Pressure (bar)
   -1.30554e+03   -1.71775e+03    1.25877e+02   -3.26391e+00    8.54393e+00

           Step           Time
         413500      827.00000

   Energies (kJ/mol)
        LJ (SR)  Disper. corr.   Coulomb (SR)      Potential    Kinetic En.
   -2.08215e+03   -3.86262e+01    0.00000e+00   -2.12077e+03    9.16487e+02
   Total Energy  Conserved En.    Temperature Pres. DC (bar) Pressure (bar)
   -1.20428e+03   -1.71812e+03    1.47265e+02   -3.26391e+00    7.04243e+00

           Step           Time
         414000      828.00000

   Energies (kJ/mol)
        LJ (SR)  Disper. corr.   Coulomb (SR)      Potential    Kinetic En.
   -2.05385e+03   -3.86262e+01    0.00000e+00   -2.09248e+03    8.00075e+02
   Total Energy  Conserved En.    Temperature Pres. DC (bar) Pressure (bar)
   -1.29240e+03   -1.71843e+03    1.28560e+02   -3.26391e+00   -2.07029e+01

           Step           Time
         414500      829.00000

   Energies (kJ/mol)
        LJ (SR)  Disper. corr.   Coulomb (SR)      Potential    Kinetic En.
   -2.03416e+03   -3.86262e+01    0.00000e+00   -2.07278e+03    8.00968e+02
   Total Energy  Conserved En.    Temperature Pres. DC (bar) Pressure (bar)
   -1.27181e+03   -1.71881e+03    1.28703e+02   -3.26391e+00   -1.59145e+01

           Step           Time
         415000      830.00000

   Energies (kJ/mol)
        LJ (SR)  Disper. corr.   Coulomb (SR)      Potential    Kinetic En.
   -2.06427e+03   -3.86262e+01    0.00000e+00   -2.10289e+03    8.58273e+02
   Total Energy  Conserved En.    Temperature Pres. DC (bar) Pressure (bar)
   -1.24462e+03   -1.71920e+03    1.37911e+02   -3.26391e+00   -1.03395e+01

           Step           Time
         415500      831.00000

   Energies (kJ/mol)
        LJ (SR)  Disper. corr.   Coulomb (SR)      Potential    Kinetic En.
   -2.10688e+03   -3.86262e+01    0.00000e+00   -2.14551e+03    8.54521e+02
   Total Energy  Conserved En.    Temperature Pres. DC (bar) Pressure (bar)
   -1.29099e+03   -1.71959e+03    1.37308e+02   -3.26391e+00   -1.99746e+01

           Step           Time
         416000      832.00000

   Energies (kJ/mol)
        LJ (SR)  Disper. corr.   Coulomb (SR)      Potential    Kinetic En.
   -2.05693e+03   -3.86262e+01    0.00000e+00   -2.09555e+03    7.70034e+02
   Total Energy  Conserved En.    Temperature Pres. DC (bar) Pressure (bar)
   -1.32552e+03   -1.71993e+03    1.23733e+02   -3.26391e+00   -8.68090e+00

           Step           Time
         416500      833.00000

   Energies (kJ/mol)
        LJ (SR)  Disper. corr.   Coulomb (SR)      Potential    Kinetic En.
   -2.09288e+03   -3.86262e+01    0.00000e+00   -2.13151e+03    8.17719e+02
   Total Energy  Conserved En.    Temperature Pres. DC (bar) Pressure (bar)
   -1.31379e+03   -1.72033e+03    1.31395e+02   -3.26391e+00   -2.01790e+01

           Step           Time
         417000      834.00000

   Energies (kJ/mol)
        LJ (SR)  Disper. corr.   Coulomb (SR)      Potential    Kinetic En.
   -2.08687e+03   -3.86262e+01    0.00000e+00   -2.12550e+03    8.09620e+02
   Total Energy  Conserved En.    Temperature Pres. DC (bar) Pressure (bar)
   -1.31588e+03   -1.72071e+03    1.30093e+02   -3.26391e+00   -3.45412e+00

           Step           Time
         417500      835.00000

   Energies (kJ/mol)
        LJ (SR)  Disper. corr.   Coulomb (SR)      Potential    Kinetic En.
   -2.11750e+03   -3.86262e+01    0.00000e+00   -2.15613e+03    8.03913e+02
   Total Energy  Conserved En.    Temperature Pres. DC (bar) Pressure (bar)
   -1.35221e+03   -1.72110e+03    1.29176e+02   -3.26391e+00   -1.93608e+01

           Step           Time
         418000      836.00000

   Energies (kJ/mol)
        LJ (SR)  Disper. corr.   Coulomb (SR)      Potential    Kinetic En.
   -2.14924e+03   -3.86262e+01    0.00000e+00   -2.18787e+03    8.03947e+02
   Total Energy  Conserved En.    Temperature Pres. DC (bar) Pressure (bar)
   -1.38392e+03   -1.72153e+03    1.29182e+02   -3.26391e+00   -2.38656e+00

           Step           Time
         418500      837.00000

   Energies (kJ/mol)
        LJ (SR)  Disper. corr.   Coulomb (SR)      Potential    Kinetic En.
   -2.14597e+03   -3.86262e+01    0.00000e+00   -2.18459e+03    8.15183e+02
   Total Energy  Conserved En.    Temperature Pres. DC (bar) Pressure (bar)
   -1.36941e+03   -1.72189e+03    1.30987e+02   -3.26391e+00    2.10633e+00

           Step           Time
         419000      838.00000

   Energies (kJ/mol)
        LJ (SR)  Disper. corr.   Coulomb (SR)      Potential    Kinetic En.
   -2.16508e+03   -3.86262e+01    0.00000e+00   -2.20371e+03    9.06584e+02
   Total Energy  Conserved En.    Temperature Pres. DC (bar) Pressure (bar)
   -1.29713e+03   -1.72227e+03    1.45674e+02   -3.26391e+00    3.64761e+00

           Step           Time
         419500      839.00000

   Energies (kJ/mol)
        LJ (SR)  Disper. corr.   Coulomb (SR)      Potential    Kinetic En.
   -2.14150e+03   -3.86262e+01    0.00000e+00   -2.18013e+03    8.18798e+02
   Total Energy  Conserved En.    Temperature Pres. DC (bar) Pressure (bar)
   -1.36133e+03   -1.72260e+03    1.31568e+02   -3.26391e+00    4.48533e+00

           Step           Time
         420000      840.00000

   Energies (kJ/mol)
        LJ (SR)  Disper. corr.   Coulomb (SR)      Potential    Kinetic En.
   -2.08433e+03   -3.86262e+01    0.00000e+00   -2.12296e+03    7.92979e+02
   Total Energy  Conserved En.    Temperature Pres. DC (bar) Pressure (bar)
   -1.32998e+03   -1.72298e+03    1.27419e+02   -3.26391e+00    2.87564e+00

           Step           Time
         420500      841.00000

   Energies (kJ/mol)
        LJ (SR)  Disper. corr.   Coulomb (SR)      Potential    Kinetic En.
   -2.09534e+03   -3.86262e+01    0.00000e+00   -2.13397e+03    8.07494e+02
   Total Energy  Conserved En.    Temperature Pres. DC (bar) Pressure (bar)
   -1.32648e+03   -1.72337e+03    1.29752e+02   -3.26391e+00   -1.03258e+01

           Step           Time
         421000      842.00000

   Energies (kJ/mol)
        LJ (SR)  Disper. corr.   Coulomb (SR)      Potential    Kinetic En.
   -2.11210e+03   -3.86262e+01    0.00000e+00   -2.15072e+03    7.88812e+02
   Total Energy  Conserved En.    Temperature Pres. DC (bar) Pressure (bar)
   -1.36191e+03   -1.72368e+03    1.26750e+02   -3.26391e+00    3.84754e+00

           Step           Time
         421500      843.00000

   Energies (kJ/mol)
        LJ (SR)  Disper. corr.   Coulomb (SR)      Potential    Kinetic En.
   -2.09333e+03   -3.86262e+01    0.00000e+00   -2.13195e+03    7.99207e+02
   Total Energy  Conserved En.    Temperature Pres. DC (bar) Pressure (bar)
   -1.33274e+03   -1.72407e+03    1.28420e+02   -3.26391e+00   -9.93437e+00

           Step           Time
         422000      844.00000

   Energies (kJ/mol)
        LJ (SR)  Disper. corr.   Coulomb (SR)      Potential    Kinetic En.
   -2.14961e+03   -3.86262e+01    0.00000e+00   -2.18824e+03    8.64072e+02
   Total Energy  Conserved En.    Temperature Pres. DC (bar) Pressure (bar)
   -1.32417e+03   -1.72452e+03    1.38843e+02   -3.26391e+00   -1.28143e+00

           Step           Time
         422500      845.00000

   Energies (kJ/mol)
        LJ (SR)  Disper. corr.   Coulomb (SR)      Potential    Kinetic En.
   -2.13230e+03   -3.86262e+01    0.00000e+00   -2.17093e+03    8.28445e+02
   Total Energy  Conserved En.    Temperature Pres. DC (bar) Pressure (bar)
   -1.34248e+03   -1.72494e+03    1.33118e+02   -3.26391e+00    2.39838e+00

           Step           Time
         423000      846.00000

   Energies (kJ/mol)
        LJ (SR)  Disper. corr.   Coulomb (SR)      Potential    Kinetic En.
   -2.10873e+03   -3.86262e+01    0.00000e+00   -2.14736e+03    8.23894e+02
   Total Energy  Conserved En.    Temperature Pres. DC (bar) Pressure (bar)
   -1.32346e+03   -1.72531e+03    1.32387e+02   -3.26391e+00   -9.61941e+00

           Step           Time
         423500      847.00000

   Energies (kJ/mol)
        LJ (SR)  Disper. corr.   Coulomb (SR)      Potential    Kinetic En.
   -2.12896e+03   -3.86262e+01    0.00000e+00   -2.16758e+03    8.38961e+02
   Total Energy  Conserved En.    Temperature Pres. DC (bar) Pressure (bar)
   -1.32862e+03   -1.72565e+03    1.34808e+02   -3.26391e+00    8.81225e+00

           Step           Time
         424000      848.00000

   Energies (kJ/mol)
        LJ (SR)  Disper. corr.   Coulomb (SR)      Potential    Kinetic En.
   -2.13241e+03   -3.86262e+01    0.00000e+00   -2.17104e+03    8.21100e+02
   Total Energy  Conserved En.    Temperature Pres. DC (bar) Pressure (bar)
   -1.34994e+03   -1.72596e+03    1.31938e+02   -3.26391e+00    1.53283e+00

           Step           Time
         424500      849.00000

   Energies (kJ/mol)
        LJ (SR)  Disper. corr.   Coulomb (SR)      Potential    Kinetic En.
   -2.11097e+03   -3.86262e+01    0.00000e+00   -2.14959e+03    8.14448e+02
   Total Energy  Conserved En.    Temperature Pres. DC (bar) Pressure (bar)
   -1.33515e+03   -1.72631e+03    1.30869e+02   -3.26391e+00   -1.87872e+01

           Step           Time
         425000      850.00000

   Energies (kJ/mol)
        LJ (SR)  Disper. corr.   Coulomb (SR)      Potential    Kinetic En.
   -2.13520e+03   -3.86262e+01    0.00000e+00   -2.17382e+03    8.10972e+02
   Total Energy  Conserved En.    Temperature Pres. DC (bar) Pressure (bar)
   -1.36285e+03   -1.72665e+03    1.30311e+02   -3.26391e+00    1.06956e+01

           Step           Time
         425500      851.00000

   Energies (kJ/mol)
        LJ (SR)  Disper. corr.   Coulomb (SR)      Potential    Kinetic En.
   -2.14503e+03   -3.86262e+01    0.00000e+00   -2.18366e+03    8.51946e+02
   Total Energy  Conserved En.    Temperature Pres. DC (bar) Pressure (bar)
   -1.33171e+03   -1.72698e+03    1.36895e+02   -3.26391e+00    1.52988e+01

           Step           Time
         426000      852.00000

   Energies (kJ/mol)
        LJ (SR)  Disper. corr.   Coulomb (SR)      Potential    Kinetic En.
   -2.12460e+03   -3.86262e+01    0.00000e+00   -2.16322e+03    7.93112e+02
   Total Energy  Conserved En.    Temperature Pres. DC (bar) Pressure (bar)
   -1.37011e+03   -1.72739e+03    1.27441e+02   -3.26391e+00   -2.24427e+01

           Step           Time
         426500      853.00000

   Energies (kJ/mol)
        LJ (SR)  Disper. corr.   Coulomb (SR)      Potential    Kinetic En.
   -2.10085e+03   -3.86262e+01    0.00000e+00   -2.13947e+03    8.06393e+02
   Total Energy  Conserved En.    Temperature Pres. DC (bar) Pressure (bar)
   -1.33308e+03   -1.72773e+03    1.29575e+02   -3.26391e+00   -1.31033e+01

           Step           Time
         427000      854.00000

   Energies (kJ/mol)
        LJ (SR)  Disper. corr.   Coulomb (SR)      Potential    Kinetic En.
   -2.10664e+03   -3.86262e+01    0.00000e+00   -2.14527e+03    8.38020e+02
   Total Energy  Conserved En.    Temperature Pres. DC (bar) Pressure (bar)
   -1.30725e+03   -1.72809e+03    1.34657e+02   -3.26391e+00   -6.16854e+00

           Step           Time
         427500      855.00000

   Energies (kJ/mol)
        LJ (SR)  Disper. corr.   Coulomb (SR)      Potential    Kinetic En.
   -2.17374e+03   -3.86262e+01    0.00000e+00   -2.21236e+03    8.08393e+02
   Total Energy  Conserved En.    Temperature Pres. DC (bar) Pressure (bar)
   -1.40397e+03   -1.72846e+03    1.29896e+02   -3.26391e+00   -3.09580e+00

           Step           Time
         428000      856.00000

   Energies (kJ/mol)
        LJ (SR)  Disper. corr.   Coulomb (SR)      Potential    Kinetic En.
   -2.19605e+03   -3.86262e+01    0.00000e+00   -2.23468e+03    7.73234e+02
   Total Energy  Conserved En.    Temperature Pres. DC (bar) Pressure (bar)
   -1.46145e+03   -1.72887e+03    1.24247e+02   -3.26391e+00   -2.09701e-01

           Step           Time
         428500      857.00000

   Energies (kJ/mol)
        LJ (SR)  Disper. corr.   Coulomb (SR)      Potential    Kinetic En.
   -2.16642e+03   -3.86262e+01    0.00000e+00   -2.20505e+03    7.89768e+02
   Total Energy  Conserved En.    Temperature Pres. DC (bar) Pressure (bar)
   -1.41528e+03   -1.72922e+03    1.26903e+02   -3.26391e+00   -3.78691e+00

           Step           Time
         429000      858.00000

   Energies (kJ/mol)
        LJ (SR)  Disper. corr.   Coulomb (SR)      Potential    Kinetic En.
   -2.17274e+03   -3.86262e+01    0.00000e+00   -2.21137e+03    8.15573e+02
   Total Energy  Conserved En.    Temperature Pres. DC (bar) Pressure (bar)
   -1.39579e+03   -1.72954e+03    1.31050e+02   -3.26391e+00   -9.54908e+00

           Step           Time
         429500      859.00000

   Energies (kJ/mol)
        LJ (SR)  Disper. corr.   Coulomb (SR)      Potential    Kinetic En.
   -2.13729e+03   -3.86262e+01    0.00000e+00   -2.17591e+03    7.69077e+02
   Total Energy  Conserved En.    Temperature Pres. DC (bar) Pressure (bar)
   -1.40684e+03   -1.72987e+03    1.23579e+02   -3.26391e+00   -3.20430e+00

           Step           Time
         430000      860.00000

   Energies (kJ/mol)
        LJ (SR)  Disper. corr.   Coulomb (SR)      Potential    Kinetic En.
   -2.12886e+03   -3.86262e+01    0.00000e+00   -2.16748e+03    7.83745e+02
   Total Energy  Conserved En.    Temperature Pres. DC (bar) Pressure (bar)
   -1.38374e+03   -1.73018e+03    1.25936e+02   -3.26391e+00    1.01247e+01

           Step           Time
         430500      861.00000

   Energies (kJ/mol)
        LJ (SR)  Disper. corr.   Coulomb (SR)      Potential    Kinetic En.
   -2.11780e+03   -3.86262e+01    0.00000e+00   -2.15643e+03    8.18734e+02
   Total Energy  Conserved En.    Temperature Pres. DC (bar) Pressure (bar)
   -1.33770e+03   -1.73052e+03    1.31558e+02   -3.26391e+00    1.23209e+01

           Step           Time
         431000      862.00000

   Energies (kJ/mol)
        LJ (SR)  Disper. corr.   Coulomb (SR)      Potential    Kinetic En.
   -2.13298e+03   -3.86262e+01    0.00000e+00   -2.17160e+03    7.71919e+02
   Total Energy  Conserved En.    Temperature Pres. DC (bar) Pressure (bar)
   -1.39968e+03   -1.73089e+03    1.24035e+02   -3.26391e+00    1.35500e+00

           Step           Time
         431500      863.00000

   Energies (kJ/mol)
        LJ (SR)  Disper. corr.   Coulomb (SR)      Potential    Kinetic En.
   -2.13520e+03   -3.86262e+01    0.00000e+00   -2.17383e+03    8.36848e+02
   Total Energy  Conserved En.    Temperature Pres. DC (bar) Pressure (bar)
   -1.33698e+03   -1.73125e+03    1.34468e+02   -3.26391e+00   -7.49974e+00

           Step           Time
         432000      864.00000

   Energies (kJ/mol)
        LJ (SR)  Disper. corr.   Coulomb (SR)      Potential    Kinetic En.
   -2.08962e+03   -3.86262e+01    0.00000e+00   -2.12824e+03    7.90271e+02
   Total Energy  Conserved En.    Temperature Pres. DC (bar) Pressure (bar)
   -1.33797e+03   -1.73158e+03    1.26984e+02   -3.26391e+00    4.50472e+00

           Step           Time
         432500      865.00000

   Energies (kJ/mol)
        LJ (SR)  Disper. corr.   Coulomb (SR)      Potential    Kinetic En.
   -2.14829e+03   -3.86262e+01    0.00000e+00   -2.18691e+03    7.93081e+02
   Total Energy  Conserved En.    Temperature Pres. DC (bar) Pressure (bar)
   -1.39383e+03   -1.73194e+03    1.27436e+02   -3.26391e+00   -1.64647e+00

           Step           Time
         433000      866.00000

   Energies (kJ/mol)
        LJ (SR)  Disper. corr.   Coulomb (SR)      Potential    Kinetic En.
   -2.21243e+03   -3.86262e+01    0.00000e+00   -2.25106e+03    8.57932e+02
   Total Energy  Conserved En.    Temperature Pres. DC (bar) Pressure (bar)
   -1.39312e+03   -1.73236e+03    1.37856e+02   -3.26391e+00    1.36970e+01

           Step           Time
         433500      867.00000

   Energies (kJ/mol)
        LJ (SR)  Disper. corr.   Coulomb (SR)      Potential    Kinetic En.
   -2.17877e+03   -3.86262e+01    0.00000e+00   -2.21739e+03    8.14023e+02
   Total Energy  Conserved En.    Temperature Pres. DC (bar) Pressure (bar)
   -1.40337e+03   -1.73271e+03    1.30801e+02   -3.26391e+00   -5.59422e+00

           Step           Time
         434000      868.00000

   Energies (kJ/mol)
        LJ (SR)  Disper. corr.   Coulomb (SR)      Potential    Kinetic En.
   -2.18538e+03   -3.86262e+01    0.00000e+00   -2.22400e+03    7.95011e+02
   Total Energy  Conserved En.    Temperature Pres. DC (bar) Pressure (bar)
   -1.42899e+03   -1.73305e+03    1.27746e+02   -3.26391e+00   -6.72500e+00

           Step           Time
         434500      869.00000

   Energies (kJ/mol)
        LJ (SR)  Disper. corr.   Coulomb (SR)      Potential    Kinetic En.
   -2.15399e+03   -3.86262e+01    0.00000e+00   -2.19262e+03    8.50046e+02
   Total Energy  Conserved En.    Temperature Pres. DC (bar) Pressure (bar)
   -1.34257e+03   -1.73336e+03    1.36589e+02   -3.26391e+00   -2.36616e+00

           Step           Time
         435000      870.00000

   Energies (kJ/mol)
        LJ (SR)  Disper. corr.   Coulomb (SR)      Potential    Kinetic En.
   -2.13879e+03   -3.86262e+01    0.00000e+00   -2.17741e+03    8.07442e+02
   Total Energy  Conserved En.    Temperature Pres. DC (bar) Pressure (bar)
   -1.36997e+03   -1.73372e+03    1.29743e+02   -3.26391e+00    4.05416e+00

           Step           Time
         435500      871.00000

   Energies (kJ/mol)
        LJ (SR)  Disper. corr.   Coulomb (SR)      Potential    Kinetic En.
   -2.15318e+03   -3.86262e+01    0.00000e+00   -2.19181e+03    7.69160e+02
   Total Energy  Conserved En.    Temperature Pres. DC (bar) Pressure (bar)
   -1.42265e+03   -1.73408e+03    1.23592e+02   -3.26391e+00    6.08303e+00

           Step           Time
         436000      872.00000

   Energies (kJ/mol)
        LJ (SR)  Disper. corr.   Coulomb (SR)      Potential    Kinetic En.
   -2.14310e+03   -3.86262e+01    0.00000e+00   -2.18173e+03    7.69553e+02
   Total Energy  Conserved En.    Temperature Pres. DC (bar) Pressure (bar)
   -1.41218e+03   -1.73441e+03    1.23655e+02   -3.26391e+00   -1.38017e+00

           Step           Time
         436500      873.00000

   Energies (kJ/mol)
        LJ (SR)  Disper. corr.   Coulomb (SR)      Potential    Kinetic En.
   -2.13498e+03   -3.86262e+01    0.00000e+00   -2.17361e+03    8.11196e+02
   Total Energy  Conserved En.    Temperature Pres. DC (bar) Pressure (bar)
   -1.36241e+03   -1.73475e+03    1.30347e+02   -3.26391e+00    4.63779e+00

           Step           Time
         437000      874.00000

   Energies (kJ/mol)
        LJ (SR)  Disper. corr.   Coulomb (SR)      Potential    Kinetic En.
   -2.11230e+03   -3.86262e+01    0.00000e+00   -2.15092e+03    7.90920e+02
   Total Energy  Conserved En.    Temperature Pres. DC (bar) Pressure (bar)
   -1.36001e+03   -1.73504e+03    1.27089e+02   -3.26391e+00   -7.02659e+00

           Step           Time
         437500      875.00000

   Energies (kJ/mol)
        LJ (SR)  Disper. corr.   Coulomb (SR)      Potential    Kinetic En.
   -2.11574e+03   -3.86262e+01    0.00000e+00   -2.15437e+03    7.67479e+02
   Total Energy  Conserved En.    Temperature Pres. DC (bar) Pressure (bar)
   -1.38689e+03   -1.73535e+03    1.23322e+02   -3.26391e+00    4.75062e+00

           Step           Time
         438000      876.00000

   Energies (kJ/mol)
        LJ (SR)  Disper. corr.   Coulomb (SR)      Potential    Kinetic En.
   -2.16562e+03   -3.86262e+01    0.00000e+00   -2.20424e+03    8.08900e+02
   Total Energy  Conserved En.    Temperature Pres. DC (bar) Pressure (bar)
   -1.39534e+03   -1.73573e+03    1.29978e+02   -3.26391e+00   -1.54422e+00

           Step           Time
         438500      877.00000

   Energies (kJ/mol)
        LJ (SR)  Disper. corr.   Coulomb (SR)      Potential    Kinetic En.
   -2.13428e+03   -3.86262e+01    0.00000e+00   -2.17290e+03    8.31011e+02
   Total Energy  Conserved En.    Temperature Pres. DC (bar) Pressure (bar)
   -1.34189e+03   -1.73607e+03    1.33531e+02   -3.26391e+00   -3.92234e+00

           Step           Time
         439000      878.00000

   Energies (kJ/mol)
        LJ (SR)  Disper. corr.   Coulomb (SR)      Potential    Kinetic En.
   -2.15596e+03   -3.86262e+01    0.00000e+00   -2.19458e+03    7.73315e+02
   Total Energy  Conserved En.    Temperature Pres. DC (bar) Pressure (bar)
   -1.42127e+03   -1.73641e+03    1.24260e+02   -3.26391e+00   -5.53435e-01

           Step           Time
         439500      879.00000

   Energies (kJ/mol)
        LJ (SR)  Disper. corr.   Coulomb (SR)      Potential    Kinetic En.
   -2.15175e+03   -3.86262e+01    0.00000e+00   -2.19038e+03    7.78964e+02
   Total Energy  Conserved En.    Temperature Pres. DC (bar) Pressure (bar)
   -1.41142e+03   -1.73674e+03    1.25167e+02   -3.26391e+00    6.38228e+00

           Step           Time
         440000      880.00000

   Energies (kJ/mol)
        LJ (SR)  Disper. corr.   Coulomb (SR)      Potential    Kinetic En.
   -2.13630e+03   -3.86262e+01    0.00000e+00   -2.17493e+03    8.06971e+02
   Total Energy  Conserved En.    Temperature Pres. DC (bar) Pressure (bar)
   -1.36795e+03   -1.73713e+03    1.29668e+02   -3.26391e+00   -3.56928e-01

           Step           Time
         440500      881.00000

   Energies (kJ/mol)
        LJ (SR)  Disper. corr.   Coulomb (SR)      Potential    Kinetic En.
   -2.13580e+03   -3.86262e+01    0.00000e+00   -2.17443e+03    8.38403e+02
   Total Energy  Conserved En.    Temperature Pres. DC (bar) Pressure (bar)
   -1.33603e+03   -1.73745e+03    1.34718e+02   -3.26391e+00   -3.22668e+00

           Step           Time
         441000      882.00000

   Energies (kJ/mol)
        LJ (SR)  Disper. corr.   Coulomb (SR)      Potential    Kinetic En.
   -2.14536e+03   -3.86262e+01    0.00000e+00   -2.18398e+03    7.95534e+02
   Total Energy  Conserved En.    Temperature Pres. DC (bar) Pressure (bar)
   -1.38845e+03   -1.73784e+03    1.27830e+02   -3.26391e+00   -2.17853e+01

           Step           Time
         441500      883.00000

   Energies (kJ/mol)
        LJ (SR)  Disper. corr.   Coulomb (SR)      Potential    Kinetic En.
   -2.13397e+03   -3.86262e+01    0.00000e+00   -2.17259e+03    8.31563e+02
   Total Energy  Conserved En.    Temperature Pres. DC (bar) Pressure (bar)
   -1.34103e+03   -1.73820e+03    1.33619e+02   -3.26391e+00   -4.59300e+00

           Step           Time
         442000      884.00000

   Energies (kJ/mol)
        LJ (SR)  Disper. corr.   Coulomb (SR)      Potential    Kinetic En.
   -2.16607e+03   -3.86262e+01    0.00000e+00   -2.20469e+03    8.12794e+02
   Total Energy  Conserved En.    Temperature Pres. DC (bar) Pressure (bar)
   -1.39190e+03   -1.73859e+03    1.30603e+02   -3.26391e+00    5.89710e+00

           Step           Time
         442500      885.00000

   Energies (kJ/mol)
        LJ (SR)  Disper. corr.   Coulomb (SR)      Potential    Kinetic En.
   -2.15567e+03   -3.86262e+01    0.00000e+00   -2.19429e+03    8.14322e+02
   Total Energy  Conserved En.    Temperature Pres. DC (bar) Pressure (bar)
   -1.37997e+03   -1.73899e+03    1.30849e+02   -3.26391e+00   -5.60576e+00

           Step           Time
         443000      886.00000

   Energies (kJ/mol)
        LJ (SR)  Disper. corr.   Coulomb (SR)      Potential    Kinetic En.
   -2.12497e+03   -3.86262e+01    0.00000e+00   -2.16360e+03    8.36559e+02
   Total Energy  Conserved En.    Temperature Pres. DC (bar) Pressure (bar)
   -1.32704e+03   -1.73931e+03    1.34422e+02   -3.26391e+00    8.25036e+00

           Step           Time
         443500      887.00000

   Energies (kJ/mol)
        LJ (SR)  Disper. corr.   Coulomb (SR)      Potential    Kinetic En.
   -2.08147e+03   -3.86262e+01    0.00000e+00   -2.12009e+03    7.82513e+02
   Total Energy  Conserved En.    Temperature Pres. DC (bar) Pressure (bar)
   -1.33758e+03   -1.73964e+03    1.25738e+02   -3.26391e+00   -2.71096e+00

           Step           Time
         444000      888.00000

   Energies (kJ/mol)
        LJ (SR)  Disper. corr.   Coulomb (SR)      Potential    Kinetic En.
   -2.04861e+03   -3.86262e+01    0.00000e+00   -2.08724e+03    8.07760e+02
   Total Energy  Conserved En.    Temperature Pres. DC (bar) Pressure (bar)
   -1.27948e+03   -1.73998e+03    1.29795e+02   -3.26391e+00    3.64954e+00

           Step           Time
         444500      889.00000

   Energies (kJ/mol)
        LJ (SR)  Disper. corr.   Coulomb (SR)      Potential    Kinetic En.
   -2.01561e+03   -3.86262e+01    0.00000e+00   -2.05424e+03    7.73766e+02
   Total Energy  Conserved En.    Temperature Pres. DC (bar) Pressure (bar)
   -1.28047e+03   -1.74027e+03    1.24332e+02   -3.26391e+00    1.05528e+01

           Step           Time
         445000      890.00000

   Energies (kJ/mol)
        LJ (SR)  Disper. corr.   Coulomb (SR)      Potential    Kinetic En.
   -2.06536e+03   -3.86262e+01    0.00000e+00   -2.10398e+03    7.76101e+02
   Total Energy  Conserved En.    Temperature Pres. DC (bar) Pressure (bar)
   -1.32788e+03   -1.74061e+03    1.24707e+02   -3.26391e+00    6.25942e+00

           Step           Time
         445500      891.00000

   Energies (kJ/mol)
        LJ (SR)  Disper. corr.   Coulomb (SR)      Potential    Kinetic En.
   -2.14560e+03   -3.86262e+01    0.00000e+00   -2.18422e+03    8.35308e+02
   Total Energy  Conserved En.    Temperature Pres. DC (bar) Pressure (bar)
   -1.34891e+03   -1.74098e+03    1.34221e+02   -3.26391e+00   -2.74292e+01

           Step           Time
         446000      892.00000

   Energies (kJ/mol)
        LJ (SR)  Disper. corr.   Coulomb (SR)      Potential    Kinetic En.
   -2.13955e+03   -3.86262e+01    0.00000e+00   -2.17817e+03    7.91452e+02
   Total Energy  Conserved En.    Temperature Pres. DC (bar) Pressure (bar)
   -1.38672e+03   -1.74135e+03    1.27174e+02   -3.26391e+00    8.18167e+00

           Step           Time
         446500      893.00000

   Energies (kJ/mol)
        LJ (SR)  Disper. corr.   Coulomb (SR)      Potential    Kinetic En.
   -2.14006e+03   -3.86262e+01    0.00000e+00   -2.17869e+03    8.11225e+02
   Total Energy  Conserved En.    Temperature Pres. DC (bar) Pressure (bar)
   -1.36746e+03   -1.74177e+03    1.30351e+02   -3.26391e+00    9.67746e+00

           Step           Time
         447000      894.00000

   Energies (kJ/mol)
        LJ (SR)  Disper. corr.   Coulomb (SR)      Potential    Kinetic En.
   -2.10380e+03   -3.86262e+01    0.00000e+00   -2.14242e+03    7.97047e+02
   Total Energy  Conserved En.    Temperature Pres. DC (bar) Pressure (bar)
   -1.34538e+03   -1.74211e+03    1.28073e+02   -3.26391e+00   -1.13700e+00

           Step           Time
         447500      895.00000

   Energies (kJ/mol)
        LJ (SR)  Disper. corr.   Coulomb (SR)      Potential    Kinetic En.
   -2.05715e+03   -3.86262e+01    0.00000e+00   -2.09578e+03    7.91708e+02
   Total Energy  Conserved En.    Temperature Pres. DC (bar) Pressure (bar)
   -1.30407e+03   -1.74244e+03    1.27215e+02   -3.26391e+00   -1.73784e+00

           Step           Time
         448000      896.00000

   Energies (kJ/mol)
        LJ (SR)  Disper. corr.   Coulomb (SR)      Potential    Kinetic En.
   -2.09432e+03   -3.86262e+01    0.00000e+00   -2.13294e+03    8.47067e+02
   Total Energy  Conserved En.    Temperature Pres. DC (bar) Pressure (bar)
   -1.28588e+03   -1.74280e+03    1.36111e+02   -3.26391e+00   -1.71593e+01

           Step           Time
         448500      897.00000

   Energies (kJ/mol)
        LJ (SR)  Disper. corr.   Coulomb (SR)      Potential    Kinetic En.
   -2.06615e+03   -3.86262e+01    0.00000e+00   -2.10477e+03    8.42156e+02
   Total Energy  Conserved En.    Temperature Pres. DC (bar) Pressure (bar)
   -1.26262e+03   -1.74313e+03    1.35321e+02   -3.26391e+00   -2.24773e+00

           Step           Time
         449000      898.00000

   Energies (kJ/mol)
        LJ (SR)  Disper. corr.   Coulomb (SR)      Potential    Kinetic En.
   -2.05147e+03   -3.86262e+01    0.00000e+00   -2.09010e+03    7.86356e+02
   Total Energy  Conserved En.    Temperature Pres. DC (bar) Pressure (bar)
   -1.30374e+03   -1.74346e+03    1.26355e+02   -3.26391e+00   -1.17884e+01

           Step           Time
         449500      899.00000

   Energies (kJ/mol)
        LJ (SR)  Disper. corr.   Coulomb (SR)      Potential    Kinetic En.
   -2.02930e+03   -3.86262e+01    0.00000e+00   -2.06793e+03    8.21547e+02
   Total Energy  Conserved En.    Temperature Pres. DC (bar) Pressure (bar)
   -1.24638e+03   -1.74383e+03    1.32010e+02   -3.26391e+00    2.73035e-01

           Step           Time
         450000      900.00000

   Energies (kJ/mol)
        LJ (SR)  Disper. corr.   Coulomb (SR)      Potential    Kinetic En.
   -2.02708e+03   -3.86262e+01    0.00000e+00   -2.06571e+03    8.61608e+02
   Total Energy  Conserved En.    Temperature Pres. DC (bar) Pressure (bar)
   -1.20410e+03   -1.74422e+03    1.38447e+02   -3.26391e+00   -1.08097e+01

           Step           Time
         450500      901.00000

   Energies (kJ/mol)
        LJ (SR)  Disper. corr.   Coulomb (SR)      Potential    Kinetic En.
   -2.06769e+03   -3.86262e+01    0.00000e+00   -2.10632e+03    8.23216e+02
   Total Energy  Conserved En.    Temperature Pres. DC (bar) Pressure (bar)
   -1.28310e+03   -1.74465e+03    1.32278e+02   -3.26391e+00    6.94984e+00

           Step           Time
         451000      902.00000

   Energies (kJ/mol)
        LJ (SR)  Disper. corr.   Coulomb (SR)      Potential    Kinetic En.
   -2.08335e+03   -3.86262e+01    0.00000e+00   -2.12198e+03    7.67527e+02
   Total Energy  Conserved En.    Temperature Pres. DC (bar) Pressure (bar)
   -1.35445e+03   -1.74496e+03    1.23330e+02   -3.26391e+00    2.19989e+01

           Step           Time
         451500      903.00000

   Energies (kJ/mol)
        LJ (SR)  Disper. corr.   Coulomb (SR)      Potential    Kinetic En.
   -2.05679e+03   -3.86262e+01    0.00000e+00   -2.09541e+03    8.13575e+02
   Total Energy  Conserved En.    Temperature Pres. DC (bar) Pressure (bar)
   -1.28184e+03   -1.74535e+03    1.30729e+02   -3.26391e+00    5.74511e+00

           Step           Time
         452000      904.00000

   Energies (kJ/mol)
        LJ (SR)  Disper. corr.   Coulomb (SR)      Potential    Kinetic En.
   -2.09615e+03   -3.86262e+01    0.00000e+00   -2.13478e+03    8.00771e+02
   Total Energy  Conserved En.    Temperature Pres. DC (bar) Pressure (bar)
   -1.33401e+03   -1.74573e+03    1.28672e+02   -3.26391e+00   -1.57408e+01

           Step           Time
         452500      905.00000

   Energies (kJ/mol)
        LJ (SR)  Disper. corr.   Coulomb (SR)      Potential    Kinetic En.
   -2.13080e+03   -3.86262e+01    0.00000e+00   -2.16943e+03    7.79978e+02
   Total Energy  Conserved En.    Temperature Pres. DC (bar) Pressure (bar)
   -1.38945e+03   -1.74613e+03    1.25330e+02   -3.26391e+00   -4.81859e+00

           Step           Time
         453000      906.00000

   Energies (kJ/mol)
        LJ (SR)  Disper. corr.   Coulomb (SR)      Potential    Kinetic En.
   -2.14419e+03   -3.86262e+01    0.00000e+00   -2.18282e+03    7.72660e+02
   Total Energy  Conserved En.    Temperature Pres. DC (bar) Pressure (bar)
   -1.41016e+03   -1.74646e+03    1.24154e+02   -3.26391e+00   -1.48275e+01

           Step           Time
         453500      907.00000

   Energies (kJ/mol)
        LJ (SR)  Disper. corr.   Coulomb (SR)      Potential    Kinetic En.
   -2.14715e+03   -3.86262e+01    0.00000e+00   -2.18578e+03    8.06888e+02
   Total Energy  Conserved En.    Temperature Pres. DC (bar) Pressure (bar)
   -1.37889e+03   -1.74681e+03    1.29654e+02   -3.26391e+00    1.78660e+01

           Step           Time
         454000      908.00000

   Energies (kJ/mol)
        LJ (SR)  Disper. corr.   Coulomb (SR)      Potential    Kinetic En.
   -2.19931e+03   -3.86262e+01    0.00000e+00   -2.23793e+03    7.77762e+02
   Total Energy  Conserved En.    Temperature Pres. DC (bar) Pressure (bar)
   -1.46017e+03   -1.74715e+03    1.24974e+02   -3.26391e+00   -3.91748e+00

           Step           Time
         454500      909.00000

   Energies (kJ/mol)
        LJ (SR)  Disper. corr.   Coulomb (SR)      Potential    Kinetic En.
   -2.17825e+03   -3.86262e+01    0.00000e+00   -2.21688e+03    7.92951e+02
   Total Energy  Conserved En.    Temperature Pres. DC (bar) Pressure (bar)
   -1.42393e+03   -1.74750e+03    1.27415e+02   -3.26391e+00    1.64842e+00

           Step           Time
         455000      910.00000

   Energies (kJ/mol)
        LJ (SR)  Disper. corr.   Coulomb (SR)      Potential    Kinetic En.
   -2.17217e+03   -3.86262e+01    0.00000e+00   -2.21080e+03    7.90790e+02
   Total Energy  Conserved En.    Temperature Pres. DC (bar) Pressure (bar)
   -1.42001e+03   -1.74786e+03    1.27068e+02   -3.26391e+00   -4.14808e+00

           Step           Time
         455500      911.00000

   Energies (kJ/mol)
        LJ (SR)  Disper. corr.   Coulomb (SR)      Potential    Kinetic En.
   -2.19094e+03   -3.86262e+01    0.00000e+00   -2.22957e+03    7.76348e+02
   Total Energy  Conserved En.    Temperature Pres. DC (bar) Pressure (bar)
   -1.45322e+03   -1.74826e+03    1.24747e+02   -3.26391e+00    6.55372e+00

           Step           Time
         456000      912.00000

   Energies (kJ/mol)
        LJ (SR)  Disper. corr.   Coulomb (SR)      Potential    Kinetic En.
   -2.18119e+03   -3.86262e+01    0.00000e+00   -2.21982e+03    8.38100e+02
   Total Energy  Conserved En.    Temperature Pres. DC (bar) Pressure (bar)
   -1.38172e+03   -1.74862e+03    1.34670e+02   -3.26391e+00    1.46687e+01

           Step           Time
         456500      913.00000

   Energies (kJ/mol)
        LJ (SR)  Disper. corr.   Coulomb (SR)      Potential    Kinetic En.
   -2.16113e+03   -3.86262e+01    0.00000e+00   -2.19976e+03    8.46775e+02
   Total Energy  Conserved En.    Temperature Pres. DC (bar) Pressure (bar)
   -1.35298e+03   -1.74901e+03    1.36064e+02   -3.26391e+00   -3.65800e+00

           Step           Time
         457000      914.00000

   Energies (kJ/mol)
        LJ (SR)  Disper. corr.   Coulomb (SR)      Potential    Kinetic En.
   -2.13106e+03   -3.86262e+01    0.00000e+00   -2.16969e+03    8.07115e+02
   Total Energy  Conserved En.    Temperature Pres. DC (bar) Pressure (bar)
   -1.36257e+03   -1.74935e+03    1.29691e+02   -3.26391e+00   -1.62289e+01

           Step           Time
         457500      915.00000

   Energies (kJ/mol)
        LJ (SR)  Disper. corr.   Coulomb (SR)      Potential    Kinetic En.
   -2.14478e+03   -3.86262e+01    0.00000e+00   -2.18340e+03    8.02886e+02
   Total Energy  Conserved En.    Temperature Pres. DC (bar) Pressure (bar)
   -1.38052e+03   -1.74977e+03    1.29011e+02   -3.26391e+00   -2.05628e+00

           Step           Time
         458000      916.00000

   Energies (kJ/mol)
        LJ (SR)  Disper. corr.   Coulomb (SR)      Potential    Kinetic En.
   -2.13195e+03   -3.86262e+01    0.00000e+00   -2.17058e+03    8.86461e+02
   Total Energy  Conserved En.    Temperature Pres. DC (bar) Pressure (bar)
   -1.28412e+03   -1.75015e+03    1.42440e+02   -3.26391e+00    6.78346e+00

           Step           Time
         458500      917.00000

   Energies (kJ/mol)
        LJ (SR)  Disper. corr.   Coulomb (SR)      Potential    Kinetic En.
   -2.11034e+03   -3.86262e+01    0.00000e+00   -2.14897e+03    8.09120e+02
   Total Energy  Conserved En.    Temperature Pres. DC (bar) Pressure (bar)
   -1.33985e+03   -1.75049e+03    1.30013e+02   -3.26391e+00    1.19298e+01

           Step           Time
         459000      918.00000

   Energies (kJ/mol)
        LJ (SR)  Disper. corr.   Coulomb (SR)      Potential    Kinetic En.
   -2.14946e+03   -3.86262e+01    0.00000e+00   -2.18808e+03    7.99072e+02
   Total Energy  Conserved En.    Temperature Pres. DC (bar) Pressure (bar)
   -1.38901e+03   -1.75085e+03    1.28398e+02   -3.26391e+00   -5.88538e-01

           Step           Time
         459500      919.00000

   Energies (kJ/mol)
        LJ (SR)  Disper. corr.   Coulomb (SR)      Potential    Kinetic En.
   -2.16276e+03   -3.86262e+01    0.00000e+00   -2.20139e+03    8.55793e+02
   Total Energy  Conserved En.    Temperature Pres. DC (bar) Pressure (bar)
   -1.34559e+03   -1.75120e+03    1.37513e+02   -3.26391e+00    1.00645e+01

           Step           Time
         460000      920.00000

   Energies (kJ/mol)
        LJ (SR)  Disper. corr.   Coulomb (SR)      Potential    Kinetic En.
   -2.17861e+03   -3.86262e+01    0.00000e+00   -2.21724e+03    8.00443e+02
   Total Energy  Conserved En.    Temperature Pres. DC (bar) Pressure (bar)
   -1.41680e+03   -1.75162e+03    1.28619e+02   -3.26391e+00   -1.53043e+01

           Step           Time
         460500      921.00000

   Energies (kJ/mol)
        LJ (SR)  Disper. corr.   Coulomb (SR)      Potential    Kinetic En.
   -2.23066e+03   -3.86262e+01    0.00000e+00   -2.26929e+03    8.54839e+02
   Total Energy  Conserved En.    Temperature Pres. DC (bar) Pressure (bar)
   -1.41445e+03   -1.75198e+03    1.37359e+02   -3.26391e+00    2.61424e+00

           Step           Time
         461000      922.00000

   Energies (kJ/mol)
        LJ (SR)  Disper. corr.   Coulomb (SR)      Potential    Kinetic En.
   -2.27404e+03   -3.86262e+01    0.00000e+00   -2.31267e+03    7.86018e+02
   Total Energy  Conserved En.    Temperature Pres. DC (bar) Pressure (bar)
   -1.52665e+03   -1.75237e+03    1.26301e+02   -3.26391e+00    7.73027e+00

           Step           Time
         461500      923.00000

   Energies (kJ/mol)
        LJ (SR)  Disper. corr.   Coulomb (SR)      Potential    Kinetic En.
   -2.27364e+03   -3.86262e+01    0.00000e+00   -2.31227e+03    8.07900e+02
   Total Energy  Conserved En.    Temperature Pres. DC (bar) Pressure (bar)
   -1.50437e+03   -1.75278e+03    1.29817e+02   -3.26391e+00   -1.23486e+01

           Step           Time
         462000      924.00000

   Energies (kJ/mol)
        LJ (SR)  Disper. corr.   Coulomb (SR)      Potential    Kinetic En.
   -2.23668e+03   -3.86262e+01    0.00000e+00   -2.27530e+03    8.35519e+02
   Total Energy  Conserved En.    Temperature Pres. DC (bar) Pressure (bar)
   -1.43978e+03   -1.75320e+03    1.34255e+02   -3.26391e+00    6.86368e-01

           Step           Time
         462500      925.00000

   Energies (kJ/mol)
        LJ (SR)  Disper. corr.   Coulomb (SR)      Potential    Kinetic En.
   -2.21647e+03   -3.86262e+01    0.00000e+00   -2.25510e+03    8.21178e+02
   Total Energy  Conserved En.    Temperature Pres. DC (bar) Pressure (bar)
   -1.43392e+03   -1.75356e+03    1.31951e+02   -3.26391e+00   -2.28257e-01

           Step           Time
         463000      926.00000

   Energies (kJ/mol)
        LJ (SR)  Disper. corr.   Coulomb (SR)      Potential    Kinetic En.
   -2.20830e+03   -3.86262e+01    0.00000e+00   -2.24692e+03    8.25479e+02
   Total Energy  Conserved En.    Temperature Pres. DC (bar) Pressure (bar)
   -1.42144e+03   -1.75389e+03    1.32642e+02   -3.26391e+00   -1.26321e+01

           Step           Time
         463500      927.00000

   Energies (kJ/mol)
        LJ (SR)  Disper. corr.   Coulomb (SR)      Potential    Kinetic En.
   -2.15761e+03   -3.86262e+01    0.00000e+00   -2.19624e+03    8.46273e+02
   Total Energy  Conserved En.    Temperature Pres. DC (bar) Pressure (bar)
   -1.34996e+03   -1.75418e+03    1.35983e+02   -3.26391e+00    4.56669e+00

           Step           Time
         464000      928.00000

   Energies (kJ/mol)
        LJ (SR)  Disper. corr.   Coulomb (SR)      Potential    Kinetic En.
   -2.15339e+03   -3.86262e+01    0.00000e+00   -2.19201e+03    8.24605e+02
   Total Energy  Conserved En.    Temperature Pres. DC (bar) Pressure (bar)
   -1.36741e+03   -1.75458e+03    1.32501e+02   -3.26391e+00    4.05571e+00

           Step           Time
         464500      929.00000

   Energies (kJ/mol)
        LJ (SR)  Disper. corr.   Coulomb (SR)      Potential    Kinetic En.
   -2.18961e+03   -3.86262e+01    0.00000e+00   -2.22824e+03    7.69996e+02
   Total Energy  Conserved En.    Temperature Pres. DC (bar) Pressure (bar)
   -1.45824e+03   -1.75495e+03    1.23726e+02   -3.26391e+00   -8.43046e+00

           Step           Time
         465000      930.00000

   Energies (kJ/mol)
        LJ (SR)  Disper. corr.   Coulomb (SR)      Potential    Kinetic En.
   -2.19274e+03   -3.86262e+01    0.00000e+00   -2.23136e+03    7.64622e+02
   Total Energy  Conserved En.    Temperature Pres. DC (bar) Pressure (bar)
   -1.46674e+03   -1.75532e+03    1.22863e+02   -3.26391e+00   -1.60675e+01

           Step           Time
         465500      931.00000

   Energies (kJ/mol)
        LJ (SR)  Disper. corr.   Coulomb (SR)      Potential    Kinetic En.
   -2.19532e+03   -3.86262e+01    0.00000e+00   -2.23395e+03    8.42805e+02
   Total Energy  Conserved En.    Temperature Pres. DC (bar) Pressure (bar)
   -1.39114e+03   -1.75566e+03    1.35426e+02   -3.26391e+00   -6.11145e+00

           Step           Time
         466000      932.00000

   Energies (kJ/mol)
        LJ (SR)  Disper. corr.   Coulomb (SR)      Potential    Kinetic En.
   -2.16692e+03   -3.86262e+01    0.00000e+00   -2.20554e+03    7.85105e+02
   Total Energy  Conserved En.    Temperature Pres. DC (bar) Pressure (bar)
   -1.42044e+03   -1.75598e+03    1.26154e+02   -3.26391e+00    2.45536e+00

           Step           Time
         466500      933.00000

   Energies (kJ/mol)
        LJ (SR)  Disper. corr.   Coulomb (SR)      Potential    Kinetic En.
   -2.13974e+03   -3.86262e+01    0.00000e+00   -2.17836e+03    7.41441e+02
   Total Energy  Conserved En.    Temperature Pres. DC (bar) Pressure (bar)
   -1.43692e+03   -1.75635e+03    1.19138e+02   -3.26391e+00   -1.66643e+01

           Step           Time
         467000      934.00000

   Energies (kJ/mol)
        LJ (SR)  Disper. corr.   Coulomb (SR)      Potential    Kinetic En.
   -2.15622e+03   -3.86262e+01    0.00000e+00   -2.19484e+03    8.24209e+02
   Total Energy  Conserved En.    Temperature Pres. DC (bar) Pressure (bar)
   -1.37063e+03   -1.75672e+03    1.32438e+02   -3.26391e+00   -4.05531e+00

           Step           Time
         467500      935.00000

   Energies (kJ/mol)
        LJ (SR)  Disper. corr.   Coulomb (SR)      Potential    Kinetic En.
   -2.22553e+03   -3.86262e+01    0.00000e+00   -2.26416e+03    8.14611e+02
   Total Energy  Conserved En.    Temperature Pres. DC (bar) Pressure (bar)
   -1.44954e+03   -1.75717e+03    1.30895e+02   -3.26391e+00    4.98726e+00

           Step           Time
         468000      936.00000

   Energies (kJ/mol)
        LJ (SR)  Disper. corr.   Coulomb (SR)      Potential    Kinetic En.
   -2.23937e+03   -3.86262e+01    0.00000e+00   -2.27799e+03    7.99875e+02
   Total Energy  Conserved En.    Temperature Pres. DC (bar) Pressure (bar)
   -1.47812e+03   -1.75753e+03    1.28528e+02   -3.26391e+00   -2.09191e+00

           Step           Time
         468500      937.00000

   Energies (kJ/mol)
        LJ (SR)  Disper. corr.   Coulomb (SR)      Potential    Kinetic En.
   -2.19789e+03   -3.86262e+01    0.00000e+00   -2.23651e+03    7.79046e+02
   Total Energy  Conserved En.    Temperature Pres. DC (bar) Pressure (bar)
   -1.45747e+03   -1.75789e+03    1.25181e+02   -3.26391e+00   -2.83876e+01

           Step           Time
         469000      938.00000

   Energies (kJ/mol)
        LJ (SR)  Disper. corr.   Coulomb (SR)      Potential    Kinetic En.
   -2.16583e+03   -3.86262e+01    0.00000e+00   -2.20446e+03    8.57849e+02
   Total Energy  Conserved En.    Temperature Pres. DC (bar) Pressure (bar)
   -1.34661e+03   -1.75822e+03    1.37843e+02   -3.26391e+00    6.28347e+00

           Step           Time
         469500      939.00000

   Energies (kJ/mol)
        LJ (SR)  Disper. corr.   Coulomb (SR)      Potential    Kinetic En.
   -2.13127e+03   -3.86262e+01    0.00000e+00   -2.16989e+03    8.40161e+02
   Total Energy  Conserved En.    Temperature Pres. DC (bar) Pressure (bar)
   -1.32973e+03   -1.75855e+03    1.35001e+02   -3.26391e+00   -1.10116e+01

           Step           Time
         470000      940.00000

   Energies (kJ/mol)
        LJ (SR)  Disper. corr.   Coulomb (SR)      Potential    Kinetic En.
   -2.10158e+03   -3.86262e+01    0.00000e+00   -2.14021e+03    7.84460e+02
   Total Energy  Conserved En.    Temperature Pres. DC (bar) Pressure (bar)
   -1.35575e+03   -1.75890e+03    1.26051e+02   -3.26391e+00    1.35236e+01

           Step           Time
         470500      941.00000

   Energies (kJ/mol)
        LJ (SR)  Disper. corr.   Coulomb (SR)      Potential    Kinetic En.
   -2.15786e+03   -3.86262e+01    0.00000e+00   -2.19649e+03    8.13564e+02
   Total Energy  Conserved En.    Temperature Pres. DC (bar) Pressure (bar)
   -1.38293e+03   -1.75922e+03    1.30727e+02   -3.26391e+00    7.56538e+00

           Step           Time
         471000      942.00000

   Energies (kJ/mol)
        LJ (SR)  Disper. corr.   Coulomb (SR)      Potential    Kinetic En.
   -2.17591e+03   -3.86262e+01    0.00000e+00   -2.21454e+03    8.22484e+02
   Total Energy  Conserved En.    Temperature Pres. DC (bar) Pressure (bar)
   -1.39206e+03   -1.75963e+03    1.32160e+02   -3.26391e+00   -1.89120e+01

           Step           Time
         471500      943.00000

   Energies (kJ/mol)
        LJ (SR)  Disper. corr.   Coulomb (SR)      Potential    Kinetic En.
   -2.15126e+03   -3.86262e+01    0.00000e+00   -2.18988e+03    8.03419e+02
   Total Energy  Conserved En.    Temperature Pres. DC (bar) Pressure (bar)
   -1.38646e+03   -1.75996e+03    1.29097e+02   -3.26391e+00   -6.78982e+00

           Step           Time
         472000      944.00000

   Energies (kJ/mol)
        LJ (SR)  Disper. corr.   Coulomb (SR)      Potential    Kinetic En.
   -2.21264e+03   -3.86262e+01    0.00000e+00   -2.25126e+03    8.16804e+02
   Total Energy  Conserved En.    Temperature Pres. DC (bar) Pressure (bar)
   -1.43446e+03   -1.76040e+03    1.31248e+02   -3.26391e+00   -1.76825e+00

           Step           Time
         472500      945.00000

   Energies (kJ/mol)
        LJ (SR)  Disper. corr.   Coulomb (SR)      Potential    Kinetic En.
   -2.26912e+03   -3.86262e+01    0.00000e+00   -2.30775e+03    8.09357e+02
   Total Energy  Conserved En.    Temperature Pres. DC (bar) Pressure (bar)
   -1.49839e+03   -1.76080e+03    1.30051e+02   -3.26391e+00   -9.54408e+00

           Step           Time
         473000      946.00000

   Energies (kJ/mol)
        LJ (SR)  Disper. corr.   Coulomb (SR)      Potential    Kinetic En.
   -2.20615e+03   -3.86262e+01    0.00000e+00   -2.24478e+03    8.46806e+02
   Total Energy  Conserved En.    Temperature Pres. DC (bar) Pressure (bar)
   -1.39797e+03   -1.76117e+03    1.36069e+02   -3.26391e+00   -9.88809e-01

           Step           Time
         473500      947.00000

   Energies (kJ/mol)
        LJ (SR)  Disper. corr.   Coulomb (SR)      Potential    Kinetic En.
   -2.15920e+03   -3.86262e+01    0.00000e+00   -2.19783e+03    8.14514e+02
   Total Energy  Conserved En.    Temperature Pres. DC (bar) Pressure (bar)
   -1.38332e+03   -1.76150e+03    1.30880e+02   -3.26391e+00   -6.74649e+00

           Step           Time
         474000      948.00000

   Energies (kJ/mol)
        LJ (SR)  Disper. corr.   Coulomb (SR)      Potential    Kinetic En.
   -2.15318e+03   -3.86262e+01    0.00000e+00   -2.19181e+03    8.00914e+02
   Total Energy  Conserved En.    Temperature Pres. DC (bar) Pressure (bar)
   -1.39089e+03   -1.76182e+03    1.28695e+02   -3.26391e+00   -2.24793e+00

           Step           Time
         474500      949.00000

   Energies (kJ/mol)
        LJ (SR)  Disper. corr.   Coulomb (SR)      Potential    Kinetic En.
   -2.20633e+03   -3.86262e+01    0.00000e+00   -2.24496e+03    7.96761e+02
   Total Energy  Conserved En.    Temperature Pres. DC (bar) Pressure (bar)
   -1.44820e+03   -1.76220e+03    1.28027e+02   -3.26391e+00    2.30839e+00

           Step           Time
         475000      950.00000

   Energies (kJ/mol)
        LJ (SR)  Disper. corr.   Coulomb (SR)      Potential    Kinetic En.
   -2.22513e+03   -3.86262e+01    0.00000e+00   -2.26376e+03    7.83893e+02
   Total Energy  Conserved En.    Temperature Pres. DC (bar) Pressure (bar)
   -1.47986e+03   -1.76253e+03    1.25959e+02   -3.26391e+00    1.07399e+01

           Step           Time
         475500      951.00000

   Energies (kJ/mol)
        LJ (SR)  Disper. corr.   Coulomb (SR)      Potential    Kinetic En.
   -2.18839e+03   -3.86262e+01    0.00000e+00   -2.22702e+03    7.47560e+02
   Total Energy  Conserved En.    Temperature Pres. DC (bar) Pressure (bar)
   -1.47946e+03   -1.76288e+03    1.20121e+02   -3.26391e+00    5.25570e+00

           Step           Time
         476000      952.00000

   Energies (kJ/mol)
        LJ (SR)  Disper. corr.   Coulomb (SR)      Potential    Kinetic En.
   -2.16754e+03   -3.86262e+01    0.00000e+00   -2.20617e+03    7.80214e+02
   Total Energy  Conserved En.    Temperature Pres. DC (bar) Pressure (bar)
   -1.42596e+03   -1.76316e+03    1.25368e+02   -3.26391e+00   -3.42642e+00

           Step           Time
         476500      953.00000

   Energies (kJ/mol)
        LJ (SR)  Disper. corr.   Coulomb (SR)      Potential    Kinetic En.
   -2.17419e+03   -3.86262e+01    0.00000e+00   -2.21282e+03    8.62659e+02
   Total Energy  Conserved En.    Temperature Pres. DC (bar) Pressure (bar)
   -1.35016e+03   -1.76350e+03    1.38616e+02   -3.26391e+00   -1.67165e+01

           Step           Time
         477000      954.00000

   Energies (kJ/mol)
        LJ (SR)  Disper. corr.   Coulomb (SR)      Potential    Kinetic En.
   -2.15617e+03   -3.86262e+01    0.00000e+00   -2.19479e+03    8.16888e+02
   Total Energy  Conserved En.    Temperature Pres. DC (bar) Pressure (bar)
   -1.37790e+03   -1.76385e+03    1.31261e+02   -3.26391e+00   -1.56961e+01

           Step           Time
         477500      955.00000

   Energies (kJ/mol)
        LJ (SR)  Disper. corr.   Coulomb (SR)      Potential    Kinetic En.
   -2.19869e+03   -3.86262e+01    0.00000e+00   -2.23731e+03    7.98523e+02
   Total Energy  Conserved En.    Temperature Pres. DC (bar) Pressure (bar)
   -1.43879e+03   -1.76424e+03    1.28310e+02   -3.26391e+00   -1.85640e+01

           Step           Time
         478000      956.00000

   Energies (kJ/mol)
        LJ (SR)  Disper. corr.   Coulomb (SR)      Potential    Kinetic En.
   -2.20022e+03   -3.86262e+01    0.00000e+00   -2.23885e+03    8.36065e+02
   Total Energy  Conserved En.    Temperature Pres. DC (bar) Pressure (bar)
   -1.40279e+03   -1.76458e+03    1.34343e+02   -3.26391e+00    6.14455e+00

           Step           Time
         478500      957.00000

   Energies (kJ/mol)
        LJ (SR)  Disper. corr.   Coulomb (SR)      Potential    Kinetic En.
   -2.26645e+03   -3.86262e+01    0.00000e+00   -2.30507e+03    7.25266e+02
   Total Energy  Conserved En.    Temperature Pres. DC (bar) Pressure (bar)
   -1.57981e+03   -1.76495e+03    1.16539e+02   -3.26391e+00   -1.38173e+01

           Step           Time
         479000      958.00000

   Energies (kJ/mol)
        LJ (SR)  Disper. corr.   Coulomb (SR)      Potential    Kinetic En.
   -2.33630e+03   -3.86262e+01    0.00000e+00   -2.37492e+03    7.92064e+02
   Total Energy  Conserved En.    Temperature Pres. DC (bar) Pressure (bar)
   -1.58286e+03   -1.76535e+03    1.27272e+02   -3.26391e+00    7.61397e+00

           Step           Time
         479500      959.00000

   Energies (kJ/mol)
        LJ (SR)  Disper. corr.   Coulomb (SR)      Potential    Kinetic En.
   -2.28123e+03   -3.86262e+01    0.00000e+00   -2.31986e+03    8.08740e+02
   Total Energy  Conserved En.    Temperature Pres. DC (bar) Pressure (bar)
   -1.51112e+03   -1.76566e+03    1.29952e+02   -3.26391e+00    6.70293e+00

           Step           Time
         480000      960.00000

   Energies (kJ/mol)
        LJ (SR)  Disper. corr.   Coulomb (SR)      Potential    Kinetic En.
   -2.26074e+03   -3.86262e+01    0.00000e+00   -2.29937e+03    8.27605e+02
   Total Energy  Conserved En.    Temperature Pres. DC (bar) Pressure (bar)
   -1.47176e+03   -1.76600e+03    1.32983e+02   -3.26391e+00   -1.82934e+01

           Step           Time
         480500      961.00000

   Energies (kJ/mol)
        LJ (SR)  Disper. corr.   Coulomb (SR)      Potential    Kinetic En.
   -2.21527e+03   -3.86262e+01    0.00000e+00   -2.25389e+03    8.52124e+02
   Total Energy  Conserved En.    Temperature Pres. DC (bar) Pressure (bar)
   -1.40177e+03   -1.76636e+03    1.36923e+02   -3.26391e+00   -5.37118e+00

           Step           Time
         481000      962.00000

   Energies (kJ/mol)
        LJ (SR)  Disper. corr.   Coulomb (SR)      Potential    Kinetic En.
   -2.17031e+03   -3.86262e+01    0.00000e+00   -2.20894e+03    8.46408e+02
   Total Energy  Conserved En.    Temperature Pres. DC (bar) Pressure (bar)
   -1.36253e+03   -1.76671e+03    1.36005e+02   -3.26391e+00   -2.43227e+01

           Step           Time
         481500      963.00000

   Energies (kJ/mol)
        LJ (SR)  Disper. corr.   Coulomb (SR)      Potential    Kinetic En.
   -2.15755e+03   -3.86262e+01    0.00000e+00   -2.19618e+03    8.12878e+02
   Total Energy  Conserved En.    Temperature Pres. DC (bar) Pressure (bar)
   -1.38330e+03   -1.76706e+03    1.30617e+02   -3.26391e+00   -2.25604e-02

           Step           Time
         482000      964.00000

   Energies (kJ/mol)
        LJ (SR)  Disper. corr.   Coulomb (SR)      Potential    Kinetic En.
   -2.19030e+03   -3.86262e+01    0.00000e+00   -2.22893e+03    8.24539e+02
   Total Energy  Conserved En.    Temperature Pres. DC (bar) Pressure (bar)
   -1.40439e+03   -1.76743e+03    1.32491e+02   -3.26391e+00    2.25903e+00

           Step           Time
         482500      965.00000

   Energies (kJ/mol)
        LJ (SR)  Disper. corr.   Coulomb (SR)      Potential    Kinetic En.
   -2.17924e+03   -3.86262e+01    0.00000e+00   -2.21787e+03    8.03946e+02
   Total Energy  Conserved En.    Temperature Pres. DC (bar) Pressure (bar)
   -1.41392e+03   -1.76781e+03    1.29182e+02   -3.26391e+00   -1.38482e+01

           Step           Time
         483000      966.00000

   Energies (kJ/mol)
        LJ (SR)  Disper. corr.   Coulomb (SR)      Potential    Kinetic En.
   -2.17434e+03   -3.86262e+01    0.00000e+00   -2.21297e+03    8.60379e+02
   Total Energy  Conserved En.    Temperature Pres. DC (bar) Pressure (bar)
   -1.35259e+03   -1.76822e+03    1.38250e+02   -3.26391e+00    6.13902e+00

           Step           Time
         483500      967.00000

   Energies (kJ/mol)
        LJ (SR)  Disper. corr.   Coulomb (SR)      Potential    Kinetic En.
   -2.21274e+03   -3.86262e+01    0.00000e+00   -2.25137e+03    8.31347e+02
   Total Energy  Conserved En.    Temperature Pres. DC (bar) Pressure (bar)
   -1.42002e+03   -1.76857e+03    1.33585e+02   -3.26391e+00    1.09602e+01

           Step           Time
         484000      968.00000

   Energies (kJ/mol)
        LJ (SR)  Disper. corr.   Coulomb (SR)      Potential    Kinetic En.
   -2.16564e+03   -3.86262e+01    0.00000e+00   -2.20426e+03    7.85096e+02
   Total Energy  Conserved En.    Temperature Pres. DC (bar) Pressure (bar)
   -1.41917e+03   -1.76895e+03    1.26153e+02   -3.26391e+00   -4.62159e+00

           Step           Time
         484500      969.00000

   Energies (kJ/mol)
        LJ (SR)  Disper. corr.   Coulomb (SR)      Potential    Kinetic En.
   -2.12572e+03   -3.86262e+01    0.00000e+00   -2.16435e+03    8.06589e+02
   Total Energy  Conserved En.    Temperature Pres. DC (bar) Pressure (bar)
   -1.35776e+03   -1.76932e+03    1.29606e+02   -3.26391e+00   -1.06686e+01

           Step           Time
         485000      970.00000

   Energies (kJ/mol)
        LJ (SR)  Disper. corr.   Coulomb (SR)      Potential    Kinetic En.
   -2.17030e+03   -3.86262e+01    0.00000e+00   -2.20892e+03    7.65643e+02
   Total Energy  Conserved En.    Temperature Pres. DC (bar) Pressure (bar)
   -1.44328e+03   -1.76967e+03    1.23027e+02   -3.26391e+00   -1.21382e+01

           Step           Time
         485500      971.00000

   Energies (kJ/mol)
        LJ (SR)  Disper. corr.   Coulomb (SR)      Potential    Kinetic En.
   -2.26193e+03   -3.86262e+01    0.00000e+00   -2.30055e+03    8.15482e+02
   Total Energy  Conserved En.    Temperature Pres. DC (bar) Pressure (bar)
   -1.48507e+03   -1.77009e+03    1.31035e+02   -3.26391e+00   -1.15484e+01

           Step           Time
         486000      972.00000

   Energies (kJ/mol)
        LJ (SR)  Disper. corr.   Coulomb (SR)      Potential    Kinetic En.
   -2.24660e+03   -3.86262e+01    0.00000e+00   -2.28522e+03    7.99443e+02
   Total Energy  Conserved En.    Temperature Pres. DC (bar) Pressure (bar)
   -1.48578e+03   -1.77051e+03    1.28458e+02   -3.26391e+00   -4.68738e+00

           Step           Time
         486500      973.00000

   Energies (kJ/mol)
        LJ (SR)  Disper. corr.   Coulomb (SR)      Potential    Kinetic En.
   -2.21782e+03   -3.86262e+01    0.00000e+00   -2.25645e+03    8.08071e+02
   Total Energy  Conserved En.    Temperature Pres. DC (bar) Pressure (bar)
   -1.44838e+03   -1.77087e+03    1.29845e+02   -3.26391e+00   -5.59893e+00

           Step           Time
         487000      974.00000

   Energies (kJ/mol)
        LJ (SR)  Disper. corr.   Coulomb (SR)      Potential    Kinetic En.
   -2.24835e+03   -3.86262e+01    0.00000e+00   -2.28697e+03    8.35960e+02
   Total Energy  Conserved En.    Temperature Pres. DC (bar) Pressure (bar)
   -1.45101e+03   -1.77122e+03    1.34326e+02   -3.26391e+00   -3.95335e-01

           Step           Time
         487500      975.00000

   Energies (kJ/mol)
        LJ (SR)  Disper. corr.   Coulomb (SR)      Potential    Kinetic En.
   -2.24991e+03   -3.86262e+01    0.00000e+00   -2.28854e+03    8.09158e+02
   Total Energy  Conserved En.    Temperature Pres. DC (bar) Pressure (bar)
   -1.47938e+03   -1.77164e+03    1.30019e+02   -3.26391e+00   -1.39171e+01

           Step           Time
         488000      976.00000

   Energies (kJ/mol)
        LJ (SR)  Disper. corr.   Coulomb (SR)      Potential    Kinetic En.
   -2.19535e+03   -3.86262e+01    0.00000e+00   -2.23398e+03    8.22849e+02
   Total Energy  Conserved En.    Temperature Pres. DC (bar) Pressure (bar)
   -1.41113e+03   -1.77196e+03    1.32219e+02   -3.26391e+00    3.98780e+00

           Step           Time
         488500      977.00000

   Energies (kJ/mol)
        LJ (SR)  Disper. corr.   Coulomb (SR)      Potential    Kinetic En.
   -2.18845e+03   -3.86262e+01    0.00000e+00   -2.22707e+03    8.06813e+02
   Total Energy  Conserved En.    Temperature Pres. DC (bar) Pressure (bar)
   -1.42026e+03   -1.77241e+03    1.29642e+02   -3.26391e+00   -5.45707e+00

           Step           Time
         489000      978.00000

   Energies (kJ/mol)
        LJ (SR)  Disper. corr.   Coulomb (SR)      Potential    Kinetic En.
   -2.18665e+03   -3.86262e+01    0.00000e+00   -2.22528e+03    8.23763e+02
   Total Energy  Conserved En.    Temperature Pres. DC (bar) Pressure (bar)
   -1.40151e+03   -1.77276e+03    1.32366e+02   -3.26391e+00   -7.13974e+00

           Step           Time
         489500      979.00000

   Energies (kJ/mol)
        LJ (SR)  Disper. corr.   Coulomb (SR)      Potential    Kinetic En.
   -2.19119e+03   -3.86262e+01    0.00000e+00   -2.22982e+03    7.89701e+02
   Total Energy  Conserved En.    Temperature Pres. DC (bar) Pressure (bar)
   -1.44011e+03   -1.77313e+03    1.26893e+02   -3.26391e+00    5.98811e-01

           Step           Time
         490000      980.00000

   Energies (kJ/mol)
        LJ (SR)  Disper. corr.   Coulomb (SR)      Potential    Kinetic En.
   -2.21083e+03   -3.86262e+01    0.00000e+00   -2.24946e+03    8.26845e+02
   Total Energy  Conserved En.    Temperature Pres. DC (bar) Pressure (bar)
   -1.42261e+03   -1.77350e+03    1.32861e+02   -3.26391e+00    8.49425e+00

           Step           Time
         490500      981.00000

   Energies (kJ/mol)
        LJ (SR)  Disper. corr.   Coulomb (SR)      Potential    Kinetic En.
   -2.20866e+03   -3.86262e+01    0.00000e+00   -2.24729e+03    8.51953e+02
   Total Energy  Conserved En.    Temperature Pres. DC (bar) Pressure (bar)
   -1.39533e+03   -1.77390e+03    1.36896e+02   -3.26391e+00    4.19344e+00

           Step           Time
         491000      982.00000

   Energies (kJ/mol)
        LJ (SR)  Disper. corr.   Coulomb (SR)      Potential    Kinetic En.
   -2.18733e+03   -3.86262e+01    0.00000e+00   -2.22596e+03    7.91255e+02
   Total Energy  Conserved En.    Temperature Pres. DC (bar) Pressure (bar)
   -1.43471e+03   -1.77419e+03    1.27142e+02   -3.26391e+00   -1.09890e+01

           Step           Time
         491500      983.00000

   Energies (kJ/mol)
        LJ (SR)  Disper. corr.   Coulomb (SR)      Potential    Kinetic En.
   -2.14571e+03   -3.86262e+01    0.00000e+00   -2.18433e+03    8.02212e+02
   Total Energy  Conserved En.    Temperature Pres. DC (bar) Pressure (bar)
   -1.38212e+03   -1.77452e+03    1.28903e+02   -3.26391e+00   -6.84217e+00

           Step           Time
         492000      984.00000

   Energies (kJ/mol)
        LJ (SR)  Disper. corr.   Coulomb (SR)      Potential    Kinetic En.
   -2.11023e+03   -3.86262e+01    0.00000e+00   -2.14886e+03    8.41963e+02
   Total Energy  Conserved En.    Temperature Pres. DC (bar) Pressure (bar)
   -1.30689e+03   -1.77491e+03    1.35290e+02   -3.26391e+00    8.66926e+00

           Step           Time
         492500      985.00000

   Energies (kJ/mol)
        LJ (SR)  Disper. corr.   Coulomb (SR)      Potential    Kinetic En.
   -2.15858e+03   -3.86262e+01    0.00000e+00   -2.19720e+03    8.32251e+02
   Total Energy  Conserved En.    Temperature Pres. DC (bar) Pressure (bar)
   -1.36495e+03   -1.77530e+03    1.33730e+02   -3.26391e+00   -6.24982e+00

           Step           Time
         493000      986.00000

   Energies (kJ/mol)
        LJ (SR)  Disper. corr.   Coulomb (SR)      Potential    Kinetic En.
   -2.11186e+03   -3.86262e+01    0.00000e+00   -2.15049e+03    7.95958e+02
   Total Energy  Conserved En.    Temperature Pres. DC (bar) Pressure (bar)
   -1.35453e+03   -1.77557e+03    1.27898e+02   -3.26391e+00    6.00775e+00

           Step           Time
         493500      987.00000

   Energies (kJ/mol)
        LJ (SR)  Disper. corr.   Coulomb (SR)      Potential    Kinetic En.
   -2.18669e+03   -3.86262e+01    0.00000e+00   -2.22531e+03    7.91707e+02
   Total Energy  Conserved En.    Temperature Pres. DC (bar) Pressure (bar)
   -1.43361e+03   -1.77600e+03    1.27215e+02   -3.26391e+00   -3.38560e+00

           Step           Time
         494000      988.00000

   Energies (kJ/mol)
        LJ (SR)  Disper. corr.   Coulomb (SR)      Potential    Kinetic En.
   -2.19084e+03   -3.86262e+01    0.00000e+00   -2.22946e+03    8.24866e+02
   Total Energy  Conserved En.    Temperature Pres. DC (bar) Pressure (bar)
   -1.40460e+03   -1.77640e+03    1.32543e+02   -3.26391e+00    7.97990e+00

           Step           Time
         494500      989.00000

   Energies (kJ/mol)
        LJ (SR)  Disper. corr.   Coulomb (SR)      Potential    Kinetic En.
   -2.21555e+03   -3.86262e+01    0.00000e+00   -2.25418e+03    7.61765e+02
   Total Energy  Conserved En.    Temperature Pres. DC (bar) Pressure (bar)
   -1.49242e+03   -1.77685e+03    1.22404e+02   -3.26391e+00   -8.98293e+00

           Step           Time
         495000      990.00000

   Energies (kJ/mol)
        LJ (SR)  Disper. corr.   Coulomb (SR)      Potential    Kinetic En.
   -2.11740e+03   -3.86262e+01    0.00000e+00   -2.15603e+03    8.06849e+02
   Total Energy  Conserved En.    Temperature Pres. DC (bar) Pressure (bar)
   -1.34918e+03   -1.77717e+03    1.29648e+02   -3.26391e+00    6.83401e+00

           Step           Time
         495500      991.00000

   Energies (kJ/mol)
        LJ (SR)  Disper. corr.   Coulomb (SR)      Potential    Kinetic En.
   -2.11511e+03   -3.86262e+01    0.00000e+00   -2.15374e+03    7.41596e+02
   Total Energy  Conserved En.    Temperature Pres. DC (bar) Pressure (bar)
   -1.41214e+03   -1.77750e+03    1.19163e+02   -3.26391e+00   -1.37042e+01

           Step           Time
         496000      992.00000

   Energies (kJ/mol)
        LJ (SR)  Disper. corr.   Coulomb (SR)      Potential    Kinetic En.
   -2.10438e+03   -3.86262e+01    0.00000e+00   -2.14300e+03    7.74524e+02
   Total Energy  Conserved En.    Temperature Pres. DC (bar) Pressure (bar)
   -1.36848e+03   -1.77783e+03    1.24454e+02   -3.26391e+00   -1.12842e+01

           Step           Time
         496500      993.00000

   Energies (kJ/mol)
        LJ (SR)  Disper. corr.   Coulomb (SR)      Potential    Kinetic En.
   -2.13444e+03   -3.86262e+01    0.00000e+00   -2.17306e+03    8.07721e+02
   Total Energy  Conserved En.    Temperature Pres. DC (bar) Pressure (bar)
   -1.36534e+03   -1.77825e+03    1.29788e+02   -3.26391e+00   -4.64255e+00

           Step           Time
         497000      994.00000

   Energies (kJ/mol)
        LJ (SR)  Disper. corr.   Coulomb (SR)      Potential    Kinetic En.
   -2.13463e+03   -3.86262e+01    0.00000e+00   -2.17326e+03    8.05743e+02
   Total Energy  Conserved En.    Temperature Pres. DC (bar) Pressure (bar)
   -1.36751e+03   -1.77863e+03    1.29470e+02   -3.26391e+00   -1.04434e+01

           Step           Time
         497500      995.00000

   Energies (kJ/mol)
        LJ (SR)  Disper. corr.   Coulomb (SR)      Potential    Kinetic En.
   -2.09803e+03   -3.86262e+01    0.00000e+00   -2.13666e+03    8.24208e+02
   Total Energy  Conserved En.    Temperature Pres. DC (bar) Pressure (bar)
   -1.31245e+03   -1.77898e+03    1.32437e+02   -3.26391e+00   -1.52099e+01

           Step           Time
         498000      996.00000

   Energies (kJ/mol)
        LJ (SR)  Disper. corr.   Coulomb (SR)      Potential    Kinetic En.
   -2.08156e+03   -3.86262e+01    0.00000e+00   -2.12019e+03    8.08562e+02
   Total Energy  Conserved En.    Temperature Pres. DC (bar) Pressure (bar)
   -1.31162e+03   -1.77937e+03    1.29923e+02   -3.26391e+00   -1.36411e+01

           Step           Time
         498500      997.00000

   Energies (kJ/mol)
        LJ (SR)  Disper. corr.   Coulomb (SR)      Potential    Kinetic En.
   -2.07620e+03   -3.86262e+01    0.00000e+00   -2.11483e+03    7.46297e+02
   Total Energy  Conserved En.    Temperature Pres. DC (bar) Pressure (bar)
   -1.36853e+03   -1.77973e+03    1.19918e+02   -3.26391e+00   -1.80506e+01

           Step           Time
         499000      998.00000

   Energies (kJ/mol)
        LJ (SR)  Disper. corr.   Coulomb (SR)      Potential    Kinetic En.
   -2.07622e+03   -3.86262e+01    0.00000e+00   -2.11484e+03    8.40339e+02
   Total Energy  Conserved En.    Temperature Pres. DC (bar) Pressure (bar)
   -1.27450e+03   -1.78010e+03    1.35029e+02   -3.26391e+00    4.71088e-01

           Step           Time
         499500      999.00000

   Energies (kJ/mol)
        LJ (SR)  Disper. corr.   Coulomb (SR)      Potential    Kinetic En.
   -2.10307e+03   -3.86262e+01    0.00000e+00   -2.14170e+03    7.77900e+02
   Total Energy  Conserved En.    Temperature Pres. DC (bar) Pressure (bar)
   -1.36380e+03   -1.78047e+03    1.24996e+02   -3.26391e+00   -1.66908e+01

           Step           Time
         500000     1000.00000

   Energies (kJ/mol)
        LJ (SR)  Disper. corr.   Coulomb (SR)      Potential    Kinetic En.
   -2.09992e+03   -3.86262e+01    0.00000e+00   -2.13854e+03    8.17504e+02
   Total Energy  Conserved En.    Temperature Pres. DC (bar) Pressure (bar)
   -1.32104e+03   -1.78088e+03    1.31360e+02   -3.26391e+00    9.13276e+00

           Step           Time
         500500     1001.00000

   Energies (kJ/mol)
        LJ (SR)  Disper. corr.   Coulomb (SR)      Potential    Kinetic En.
   -2.11805e+03   -3.86262e+01    0.00000e+00   -2.15667e+03    8.02601e+02
   Total Energy  Conserved En.    Temperature Pres. DC (bar) Pressure (bar)
   -1.35407e+03   -1.78122e+03    1.28966e+02   -3.26391e+00   -8.49835e+00

           Step           Time
         501000     1002.00000

   Energies (kJ/mol)
        LJ (SR)  Disper. corr.   Coulomb (SR)      Potential    Kinetic En.
   -2.10222e+03   -3.86262e+01    0.00000e+00   -2.14084e+03    8.41047e+02
   Total Energy  Conserved En.    Temperature Pres. DC (bar) Pressure (bar)
   -1.29980e+03   -1.78159e+03    1.35143e+02   -3.26391e+00   -1.78411e+01

           Step           Time
         501500     1003.00000

   Energies (kJ/mol)
        LJ (SR)  Disper. corr.   Coulomb (SR)      Potential    Kinetic En.
   -2.12025e+03   -3.86262e+01    0.00000e+00   -2.15887e+03    8.64656e+02
   Total Energy  Conserved En.    Temperature Pres. DC (bar) Pressure (bar)
   -1.29422e+03   -1.78200e+03    1.38937e+02   -3.26391e+00   -2.06330e+01

           Step           Time
         502000     1004.00000

   Energies (kJ/mol)
        LJ (SR)  Disper. corr.   Coulomb (SR)      Potential    Kinetic En.
   -2.09175e+03   -3.86262e+01    0.00000e+00   -2.13038e+03    7.94372e+02
   Total Energy  Conserved En.    Temperature Pres. DC (bar) Pressure (bar)
   -1.33600e+03   -1.78234e+03    1.27643e+02   -3.26391e+00   -3.49528e+00

           Step           Time
         502500     1005.00000

   Energies (kJ/mol)
        LJ (SR)  Disper. corr.   Coulomb (SR)      Potential    Kinetic En.
   -2.08013e+03   -3.86262e+01    0.00000e+00   -2.11876e+03    8.05173e+02
   Total Energy  Conserved En.    Temperature Pres. DC (bar) Pressure (bar)
   -1.31358e+03   -1.78274e+03    1.29379e+02   -3.26391e+00   -1.31072e+00

           Step           Time
         503000     1006.00000

   Energies (kJ/mol)
        LJ (SR)  Disper. corr.   Coulomb (SR)      Potential    Kinetic En.
   -2.08288e+03   -3.86262e+01    0.00000e+00   -2.12151e+03    8.88800e+02
   Total Energy  Conserved En.    Temperature Pres. DC (bar) Pressure (bar)
   -1.23271e+03   -1.78311e+03    1.42816e+02   -3.26391e+00    3.33814e+00

           Step           Time
         503500     1007.00000

   Energies (kJ/mol)
        LJ (SR)  Disper. corr.   Coulomb (SR)      Potential    Kinetic En.
   -2.08472e+03   -3.86262e+01    0.00000e+00   -2.12334e+03    7.97948e+02
   Total Energy  Conserved En.    Temperature Pres. DC (bar) Pressure (bar)
   -1.32540e+03   -1.78355e+03    1.28218e+02   -3.26391e+00    5.53236e+00

           Step           Time
         504000     1008.00000

   Energies (kJ/mol)
        LJ (SR)  Disper. corr.   Coulomb (SR)      Potential    Kinetic En.
   -2.14029e+03   -3.86262e+01    0.00000e+00   -2.17892e+03    7.99972e+02
   Total Energy  Conserved En.    Temperature Pres. DC (bar) Pressure (bar)
   -1.37895e+03   -1.78391e+03    1.28543e+02   -3.26391e+00    8.37449e-01

           Step           Time
         504500     1009.00000

   Energies (kJ/mol)
        LJ (SR)  Disper. corr.   Coulomb (SR)      Potential    Kinetic En.
   -2.18711e+03   -3.86262e+01    0.00000e+00   -2.22574e+03    8.94501e+02
   Total Energy  Conserved En.    Temperature Pres. DC (bar) Pressure (bar)
   -1.33124e+03   -1.78426e+03    1.43732e+02   -3.26391e+00    6.18540e-02

           Step           Time
         505000     1010.00000

   Energies (kJ/mol)
        LJ (SR)  Disper. corr.   Coulomb (SR)      Potential    Kinetic En.
   -2.17009e+03   -3.86262e+01    0.00000e+00   -2.20872e+03    8.35231e+02
   Total Energy  Conserved En.    Temperature Pres. DC (bar) Pressure (bar)
   -1.37349e+03   -1.78464e+03    1.34209e+02   -3.26391e+00   -1.06734e+01

           Step           Time
         505500     1011.00000

   Energies (kJ/mol)
        LJ (SR)  Disper. corr.   Coulomb (SR)      Potential    Kinetic En.
   -2.10177e+03   -3.86262e+01    0.00000e+00   -2.14039e+03    7.69974e+02
   Total Energy  Conserved En.    Temperature Pres. DC (bar) Pressure (bar)
   -1.37042e+03   -1.78497e+03    1.23723e+02   -3.26391e+00   -1.63869e+01

           Step           Time
         506000     1012.00000

   Energies (kJ/mol)
        LJ (SR)  Disper. corr.   Coulomb (SR)      Potential    Kinetic En.
   -2.11212e+03   -3.86262e+01    0.00000e+00   -2.15074e+03    7.54448e+02
   Total Energy  Conserved En.    Temperature Pres. DC (bar) Pressure (bar)
   -1.39630e+03   -1.78534e+03    1.21228e+02   -3.26391e+00    8.07971e-01

           Step           Time
         506500     1013.00000

   Energies (kJ/mol)
        LJ (SR)  Disper. corr.   Coulomb (SR)      Potential    Kinetic En.
   -2.15141e+03   -3.86262e+01    0.00000e+00   -2.19004e+03    8.87603e+02
   Total Energy  Conserved En.    Temperature Pres. DC (bar) Pressure (bar)
   -1.30243e+03   -1.78576e+03    1.42624e+02   -3.26391e+00    7.45665e+00

           Step           Time
         507000     1014.00000

   Energies (kJ/mol)
        LJ (SR)  Disper. corr.   Coulomb (SR)      Potential    Kinetic En.
   -2.12073e+03   -3.86262e+01    0.00000e+00   -2.15935e+03    7.65940e+02
   Total Energy  Conserved En.    Temperature Pres. DC (bar) Pressure (bar)
   -1.39341e+03   -1.78606e+03    1.23075e+02   -3.26391e+00    3.22193e+00

           Step           Time
         507500     1015.00000

   Energies (kJ/mol)
        LJ (SR)  Disper. corr.   Coulomb (SR)      Potential    Kinetic En.
   -2.13414e+03   -3.86262e+01    0.00000e+00   -2.17277e+03    7.80677e+02
   Total Energy  Conserved En.    Temperature Pres. DC (bar) Pressure (bar)
   -1.39209e+03   -1.78643e+03    1.25443e+02   -3.26391e+00    1.84708e+01

           Step           Time
         508000     1016.00000

   Energies (kJ/mol)
        LJ (SR)  Disper. corr.   Coulomb (SR)      Potential    Kinetic En.
   -2.15327e+03   -3.86262e+01    0.00000e+00   -2.19190e+03    8.21098e+02
   Total Energy  Conserved En.    Temperature Pres. DC (bar) Pressure (bar)
   -1.37080e+03   -1.78677e+03    1.31938e+02   -3.26391e+00   -4.75480e+00

           Step           Time
         508500     1017.00000

   Energies (kJ/mol)
        LJ (SR)  Disper. corr.   Coulomb (SR)      Potential    Kinetic En.
   -2.14637e+03   -3.86262e+01    0.00000e+00   -2.18500e+03    7.62906e+02
   Total Energy  Conserved En.    Temperature Pres. DC (bar) Pressure (bar)
   -1.42209e+03   -1.78716e+03    1.22587e+02   -3.26391e+00   -9.41912e+00

           Step           Time
         509000     1018.00000

   Energies (kJ/mol)
        LJ (SR)  Disper. corr.   Coulomb (SR)      Potential    Kinetic En.
   -2.16018e+03   -3.86262e+01    0.00000e+00   -2.19881e+03    8.21325e+02
   Total Energy  Conserved En.    Temperature Pres. DC (bar) Pressure (bar)
   -1.37748e+03   -1.78753e+03    1.31974e+02   -3.26391e+00   -2.39425e+01

           Step           Time
         509500     1019.00000

   Energies (kJ/mol)
        LJ (SR)  Disper. corr.   Coulomb (SR)      Potential    Kinetic En.
   -2.14131e+03   -3.86262e+01    0.00000e+00   -2.17994e+03    8.46199e+02
   Total Energy  Conserved En.    Temperature Pres. DC (bar) Pressure (bar)
   -1.33374e+03   -1.78788e+03    1.35971e+02   -3.26391e+00    9.87295e+00

           Step           Time
         510000     1020.00000

   Energies (kJ/mol)
        LJ (SR)  Disper. corr.   Coulomb (SR)      Potential    Kinetic En.
   -2.19089e+03   -3.86262e+01    0.00000e+00   -2.22952e+03    7.67347e+02
   Total Energy  Conserved En.    Temperature Pres. DC (bar) Pressure (bar)
   -1.46217e+03   -1.78829e+03    1.23301e+02   -3.26391e+00   -1.06949e+01

           Step           Time
         510500     1021.00000

   Energies (kJ/mol)
        LJ (SR)  Disper. corr.   Coulomb (SR)      Potential    Kinetic En.
   -2.18396e+03   -3.86262e+01    0.00000e+00   -2.22259e+03    7.80105e+02
   Total Energy  Conserved En.    Temperature Pres. DC (bar) Pressure (bar)
   -1.44248e+03   -1.78863e+03    1.25351e+02   -3.26391e+00   -3.50280e+00

           Step           Time
         511000     1022.00000

   Energies (kJ/mol)
        LJ (SR)  Disper. corr.   Coulomb (SR)      Potential    Kinetic En.
   -2.18253e+03   -3.86262e+01    0.00000e+00   -2.22115e+03    7.81153e+02
   Total Energy  Conserved En.    Temperature Pres. DC (bar) Pressure (bar)
   -1.44000e+03   -1.78899e+03    1.25519e+02   -3.26391e+00    8.81537e+00

           Step           Time
         511500     1023.00000

   Energies (kJ/mol)
        LJ (SR)  Disper. corr.   Coulomb (SR)      Potential    Kinetic En.
   -2.25107e+03   -3.86262e+01    0.00000e+00   -2.28969e+03    7.78345e+02
   Total Energy  Conserved En.    Temperature Pres. DC (bar) Pressure (bar)
   -1.51135e+03   -1.78939e+03    1.25068e+02   -3.26391e+00   -1.52423e+01

           Step           Time
         512000     1024.00000

   Energies (kJ/mol)
        LJ (SR)  Disper. corr.   Coulomb (SR)      Potential    Kinetic En.
   -2.21160e+03   -3.86262e+01    0.00000e+00   -2.25023e+03    8.11461e+02
   Total Energy  Conserved En.    Temperature Pres. DC (bar) Pressure (bar)
   -1.43877e+03   -1.78974e+03    1.30389e+02   -3.26391e+00   -1.26291e+01

           Step           Time
         512500     1025.00000

   Energies (kJ/mol)
        LJ (SR)  Disper. corr.   Coulomb (SR)      Potential    Kinetic En.
   -2.21303e+03   -3.86262e+01    0.00000e+00   -2.25165e+03    7.82046e+02
   Total Energy  Conserved En.    Temperature Pres. DC (bar) Pressure (bar)
   -1.46961e+03   -1.79013e+03    1.25663e+02   -3.26391e+00   -3.93020e+00

           Step           Time
         513000     1026.00000

   Energies (kJ/mol)
        LJ (SR)  Disper. corr.   Coulomb (SR)      Potential    Kinetic En.
   -2.21747e+03   -3.86262e+01    0.00000e+00   -2.25609e+03    8.32734e+02
   Total Energy  Conserved En.    Temperature Pres. DC (bar) Pressure (bar)
   -1.42336e+03   -1.79047e+03    1.33808e+02   -3.26391e+00   -1.78703e+01

           Step           Time
         513500     1027.00000

   Energies (kJ/mol)
        LJ (SR)  Disper. corr.   Coulomb (SR)      Potential    Kinetic En.
   -2.19127e+03   -3.86262e+01    0.00000e+00   -2.22989e+03    7.67939e+02
   Total Energy  Conserved En.    Temperature Pres. DC (bar) Pressure (bar)
   -1.46195e+03   -1.79082e+03    1.23396e+02   -3.26391e+00   -9.00842e+00

           Step           Time
         514000     1028.00000

   Energies (kJ/mol)
        LJ (SR)  Disper. corr.   Coulomb (SR)      Potential    Kinetic En.
   -2.18965e+03   -3.86262e+01    0.00000e+00   -2.22827e+03    8.10897e+02
   Total Energy  Conserved En.    Temperature Pres. DC (bar) Pressure (bar)
   -1.41737e+03   -1.79114e+03    1.30299e+02   -3.26391e+00   -1.56934e+01

           Step           Time
         514500     1029.00000

   Energies (kJ/mol)
        LJ (SR)  Disper. corr.   Coulomb (SR)      Potential    Kinetic En.
   -2.24630e+03   -3.86262e+01    0.00000e+00   -2.28493e+03    8.25344e+02
   Total Energy  Conserved En.    Temperature Pres. DC (bar) Pressure (bar)
   -1.45958e+03   -1.79152e+03    1.32620e+02   -3.26391e+00   -2.09860e+01

           Step           Time
         515000     1030.00000

   Energies (kJ/mol)
        LJ (SR)  Disper. corr.   Coulomb (SR)      Potential    Kinetic En.
   -2.19272e+03   -3.86262e+01    0.00000e+00   -2.23135e+03    7.93366e+02
   Total Energy  Conserved En.    Temperature Pres. DC (bar) Pressure (bar)
   -1.43798e+03   -1.79188e+03    1.27482e+02   -3.26391e+00    4.04440e+00

           Step           Time
         515500     1031.00000

   Energies (kJ/mol)
        LJ (SR)  Disper. corr.   Coulomb (SR)      Potential    Kinetic En.
   -2.16594e+03   -3.86262e+01    0.00000e+00   -2.20457e+03    7.78430e+02
   Total Energy  Conserved En.    Temperature Pres. DC (bar) Pressure (bar)
   -1.42614e+03   -1.79226e+03    1.25082e+02   -3.26391e+00   -1.15233e+01

           Step           Time
         516000     1032.00000

   Energies (kJ/mol)
        LJ (SR)  Disper. corr.   Coulomb (SR)      Potential    Kinetic En.
   -2.12785e+03   -3.86262e+01    0.00000e+00   -2.16648e+03    7.62625e+02
   Total Energy  Conserved En.    Temperature Pres. DC (bar) Pressure (bar)
   -1.40385e+03   -1.79260e+03    1.22542e+02   -3.26391e+00    6.50472e+00

           Step           Time
         516500     1033.00000

   Energies (kJ/mol)
        LJ (SR)  Disper. corr.   Coulomb (SR)      Potential    Kinetic En.
   -2.16744e+03   -3.86262e+01    0.00000e+00   -2.20607e+03    7.91064e+02
   Total Energy  Conserved En.    Temperature Pres. DC (bar) Pressure (bar)
   -1.41501e+03   -1.79296e+03    1.27112e+02   -3.26391e+00   -1.05087e+01

           Step           Time
         517000     1034.00000

   Energies (kJ/mol)
        LJ (SR)  Disper. corr.   Coulomb (SR)      Potential    Kinetic En.
   -2.16770e+03   -3.86262e+01    0.00000e+00   -2.20633e+03    7.63306e+02
   Total Energy  Conserved En.    Temperature Pres. DC (bar) Pressure (bar)
   -1.44302e+03   -1.79333e+03    1.22652e+02   -3.26391e+00    5.60944e+00

           Step           Time
         517500     1035.00000

   Energies (kJ/mol)
        LJ (SR)  Disper. corr.   Coulomb (SR)      Potential    Kinetic En.
   -2.12642e+03   -3.86262e+01    0.00000e+00   -2.16505e+03    8.01274e+02
   Total Energy  Conserved En.    Temperature Pres. DC (bar) Pressure (bar)
   -1.36378e+03   -1.79370e+03    1.28752e+02   -3.26391e+00   -1.18275e+01

           Step           Time
         518000     1036.00000

   Energies (kJ/mol)
        LJ (SR)  Disper. corr.   Coulomb (SR)      Potential    Kinetic En.
   -2.15505e+03   -3.86262e+01    0.00000e+00   -2.19368e+03    8.20715e+02
   Total Energy  Conserved En.    Temperature Pres. DC (bar) Pressure (bar)
   -1.37297e+03   -1.79407e+03    1.31876e+02   -3.26391e+00   -1.18355e+01

           Step           Time
         518500     1037.00000

   Energies (kJ/mol)
        LJ (SR)  Disper. corr.   Coulomb (SR)      Potential    Kinetic En.
   -2.15156e+03   -3.86262e+01    0.00000e+00   -2.19019e+03    7.66320e+02
   Total Energy  Conserved En.    Temperature Pres. DC (bar) Pressure (bar)
   -1.42387e+03   -1.79438e+03    1.23136e+02   -3.26391e+00    6.40687e+00

           Step           Time
         519000     1038.00000

   Energies (kJ/mol)
        LJ (SR)  Disper. corr.   Coulomb (SR)      Potential    Kinetic En.
   -2.16701e+03   -3.86262e+01    0.00000e+00   -2.20563e+03    8.10869e+02
   Total Energy  Conserved En.    Temperature Pres. DC (bar) Pressure (bar)
   -1.39476e+03   -1.79473e+03    1.30294e+02   -3.26391e+00   -1.55711e+01

           Step           Time
         519500     1039.00000

   Energies (kJ/mol)
        LJ (SR)  Disper. corr.   Coulomb (SR)      Potential    Kinetic En.
   -2.15306e+03   -3.86262e+01    0.00000e+00   -2.19169e+03    8.16984e+02
   Total Energy  Conserved En.    Temperature Pres. DC (bar) Pressure (bar)
   -1.37470e+03   -1.79508e+03    1.31277e+02   -3.26391e+00   -9.59003e+00

           Step           Time
         520000     1040.00000

   Energies (kJ/mol)
        LJ (SR)  Disper. corr.   Coulomb (SR)      Potential    Kinetic En.
   -2.09718e+03   -3.86262e+01    0.00000e+00   -2.13581e+03    8.12468e+02
   Total Energy  Conserved En.    Temperature Pres. DC (bar) Pressure (bar)
   -1.32334e+03   -1.79546e+03    1.30551e+02   -3.26391e+00    1.16662e+01

           Step           Time
         520500     1041.00000

   Energies (kJ/mol)
        LJ (SR)  Disper. corr.   Coulomb (SR)      Potential    Kinetic En.
   -2.10428e+03   -3.86262e+01    0.00000e+00   -2.14291e+03    8.11554e+02
   Total Energy  Conserved En.    Temperature Pres. DC (bar) Pressure (bar)
   -1.33135e+03   -1.79588e+03    1.30404e+02   -3.26391e+00    1.93082e+01

           Step           Time
         521000     1042.00000

   Energies (kJ/mol)
        LJ (SR)  Disper. corr.   Coulomb (SR)      Potential    Kinetic En.
   -2.08068e+03   -3.86262e+01    0.00000e+00   -2.11930e+03    7.65405e+02
   Total Energy  Conserved En.    Temperature Pres. DC (bar) Pressure (bar)
   -1.35390e+03   -1.79620e+03    1.22989e+02   -3.26391e+00   -1.05995e+01

           Step           Time
         521500     1043.00000

   Energies (kJ/mol)
        LJ (SR)  Disper. corr.   Coulomb (SR)      Potential    Kinetic En.
   -2.12619e+03   -3.86262e+01    0.00000e+00   -2.16482e+03    8.13822e+02
   Total Energy  Conserved En.    Temperature Pres. DC (bar) Pressure (bar)
   -1.35099e+03   -1.79657e+03    1.30769e+02   -3.26391e+00   -1.50219e+01

           Step           Time
         522000     1044.00000

   Energies (kJ/mol)
        LJ (SR)  Disper. corr.   Coulomb (SR)      Potential    Kinetic En.
   -2.14409e+03   -3.86262e+01    0.00000e+00   -2.18271e+03    7.88816e+02
   Total Energy  Conserved En.    Temperature Pres. DC (bar) Pressure (bar)
   -1.39390e+03   -1.79700e+03    1.26751e+02   -3.26391e+00   -1.59867e+01

           Step           Time
         522500     1045.00000

   Energies (kJ/mol)
        LJ (SR)  Disper. corr.   Coulomb (SR)      Potential    Kinetic En.
   -2.17964e+03   -3.86262e+01    0.00000e+00   -2.21826e+03    8.75125e+02
   Total Energy  Conserved En.    Temperature Pres. DC (bar) Pressure (bar)
   -1.34314e+03   -1.79741e+03    1.40619e+02   -3.26391e+00    1.84379e+01

           Step           Time
         523000     1046.00000

   Energies (kJ/mol)
        LJ (SR)  Disper. corr.   Coulomb (SR)      Potential    Kinetic En.
   -2.17318e+03   -3.86262e+01    0.00000e+00   -2.21181e+03    7.95495e+02
   Total Energy  Conserved En.    Temperature Pres. DC (bar) Pressure (bar)
   -1.41631e+03   -1.79771e+03    1.27824e+02   -3.26391e+00   -5.80959e+00

           Step           Time
         523500     1047.00000

   Energies (kJ/mol)
        LJ (SR)  Disper. corr.   Coulomb (SR)      Potential    Kinetic En.
   -2.15714e+03   -3.86262e+01    0.00000e+00   -2.19577e+03    8.66850e+02
   Total Energy  Conserved En.    Temperature Pres. DC (bar) Pressure (bar)
   -1.32892e+03   -1.79809e+03    1.39289e+02   -3.26391e+00    4.22725e+00

           Step           Time
         524000     1048.00000

   Energies (kJ/mol)
        LJ (SR)  Disper. corr.   Coulomb (SR)      Potential    Kinetic En.
   -2.11006e+03   -3.86262e+01    0.00000e+00   -2.14869e+03    8.32826e+02
   Total Energy  Conserved En.    Temperature Pres. DC (bar) Pressure (bar)
   -1.31586e+03   -1.79845e+03    1.33822e+02   -3.26391e+00   -1.50902e-01

           Step           Time
         524500     1049.00000

   Energies (kJ/mol)
        LJ (SR)  Disper. corr.   Coulomb (SR)      Potential    Kinetic En.
   -2.07557e+03   -3.86262e+01    0.00000e+00   -2.11420e+03    8.31531e+02
   Total Energy  Conserved En.    Temperature Pres. DC (bar) Pressure (bar)
   -1.28267e+03   -1.79876e+03    1.33614e+02   -3.26391e+00   -1.35660e+01

           Step           Time
         525000     1050.00000

   Energies (kJ/mol)
        LJ (SR)  Disper. corr.   Coulomb (SR)      Potential    Kinetic En.
   -2.01968e+03   -3.86262e+01    0.00000e+00   -2.05831e+03    8.05064e+02
   Total Energy  Conserved En.    Temperature Pres. DC (bar) Pressure (bar)
   -1.25325e+03   -1.79905e+03    1.29361e+02   -3.26391e+00   -9.39223e+00

           Step           Time
         525500     1051.00000

   Energies (kJ/mol)
        LJ (SR)  Disper. corr.   Coulomb (SR)      Potential    Kinetic En.
   -2.07074e+03   -3.86262e+01    0.00000e+00   -2.10936e+03    8.11878e+02
   Total Energy  Conserved En.    Temperature Pres. DC (bar) Pressure (bar)
   -1.29749e+03   -1.79941e+03    1.30456e+02   -3.26391e+00   -2.92910e+00

           Step           Time
         526000     1052.00000

   Energies (kJ/mol)
        LJ (SR)  Disper. corr.   Coulomb (SR)      Potential    Kinetic En.
   -2.11089e+03   -3.86262e+01    0.00000e+00   -2.14951e+03    8.28221e+02
   Total Energy  Conserved En.    Temperature Pres. DC (bar) Pressure (bar)
   -1.32129e+03   -1.79979e+03    1.33082e+02   -3.26391e+00    3.23391e+00

           Step           Time
         526500     1053.00000

   Energies (kJ/mol)
        LJ (SR)  Disper. corr.   Coulomb (SR)      Potential    Kinetic En.
   -2.12035e+03   -3.86262e+01    0.00000e+00   -2.15898e+03    8.30188e+02
   Total Energy  Conserved En.    Temperature Pres. DC (bar) Pressure (bar)
   -1.32879e+03   -1.80015e+03    1.33398e+02   -3.26391e+00    7.10165e+00

           Step           Time
         527000     1054.00000

   Energies (kJ/mol)
        LJ (SR)  Disper. corr.   Coulomb (SR)      Potential    Kinetic En.
   -2.14425e+03   -3.86262e+01    0.00000e+00   -2.18287e+03    8.53869e+02
   Total Energy  Conserved En.    Temperature Pres. DC (bar) Pressure (bar)
   -1.32901e+03   -1.80056e+03    1.37204e+02   -3.26391e+00   -1.24130e+01

           Step           Time
         527500     1055.00000

   Energies (kJ/mol)
        LJ (SR)  Disper. corr.   Coulomb (SR)      Potential    Kinetic En.
   -2.07263e+03   -3.86262e+01    0.00000e+00   -2.11126e+03    8.08267e+02
   Total Energy  Conserved En.    Temperature Pres. DC (bar) Pressure (bar)
   -1.30299e+03   -1.80090e+03    1.29876e+02   -3.26391e+00   -1.77511e+01

           Step           Time
         528000     1056.00000

   Energies (kJ/mol)
        LJ (SR)  Disper. corr.   Coulomb (SR)      Potential    Kinetic En.
   -2.06676e+03   -3.86262e+01    0.00000e+00   -2.10539e+03    8.03535e+02
   Total Energy  Conserved En.    Temperature Pres. DC (bar) Pressure (bar)
   -1.30185e+03   -1.80126e+03    1.29116e+02   -3.26391e+00   -9.27519e+00

           Step           Time
         528500     1057.00000

   Energies (kJ/mol)
        LJ (SR)  Disper. corr.   Coulomb (SR)      Potential    Kinetic En.
   -2.14920e+03   -3.86262e+01    0.00000e+00   -2.18782e+03    8.37978e+02
   Total Energy  Conserved En.    Temperature Pres. DC (bar) Pressure (bar)
   -1.34985e+03   -1.80164e+03    1.34650e+02   -3.26391e+00   -2.06065e+01

           Step           Time
         529000     1058.00000

   Energies (kJ/mol)
        LJ (SR)  Disper. corr.   Coulomb (SR)      Potential    Kinetic En.
   -2.09114e+03   -3.86262e+01    0.00000e+00   -2.12976e+03    8.03295e+02
   Total Energy  Conserved En.    Temperature Pres. DC (bar) Pressure (bar)
   -1.32647e+03   -1.80201e+03    1.29077e+02   -3.26391e+00    3.49083e+00

           Step           Time
         529500     1059.00000

   Energies (kJ/mol)
        LJ (SR)  Disper. corr.   Coulomb (SR)      Potential    Kinetic En.
   -2.11030e+03   -3.86262e+01    0.00000e+00   -2.14893e+03    8.20861e+02
   Total Energy  Conserved En.    Temperature Pres. DC (bar) Pressure (bar)
   -1.32807e+03   -1.80244e+03    1.31900e+02   -3.26391e+00    6.63268e+00

           Step           Time
         530000     1060.00000

   Energies (kJ/mol)
        LJ (SR)  Disper. corr.   Coulomb (SR)      Potential    Kinetic En.
   -2.11254e+03   -3.86262e+01    0.00000e+00   -2.15116e+03    8.37941e+02
   Total Energy  Conserved En.    Temperature Pres. DC (bar) Pressure (bar)
   -1.31322e+03   -1.80284e+03    1.34644e+02   -3.26391e+00   -3.06141e+01

           Step           Time
         530500     1061.00000

   Energies (kJ/mol)
        LJ (SR)  Disper. corr.   Coulomb (SR)      Potential    Kinetic En.
   -2.11513e+03   -3.86262e+01    0.00000e+00   -2.15376e+03    7.93439e+02
   Total Energy  Conserved En.    Temperature Pres. DC (bar) Pressure (bar)
   -1.36032e+03   -1.80317e+03    1.27493e+02   -3.26391e+00   -3.49613e+00

           Step           Time
         531000     1062.00000

   Energies (kJ/mol)
        LJ (SR)  Disper. corr.   Coulomb (SR)      Potential    Kinetic En.
   -2.15365e+03   -3.86262e+01    0.00000e+00   -2.19228e+03    7.91266e+02
   Total Energy  Conserved En.    Temperature Pres. DC (bar) Pressure (bar)
   -1.40101e+03   -1.80355e+03    1.27144e+02   -3.26391e+00   -5.84158e+00

           Step           Time
         531500     1063.00000

   Energies (kJ/mol)
        LJ (SR)  Disper. corr.   Coulomb (SR)      Potential    Kinetic En.
   -2.19625e+03   -3.86262e+01    0.00000e+00   -2.23488e+03    8.06432e+02
   Total Energy  Conserved En.    Temperature Pres. DC (bar) Pressure (bar)
   -1.42845e+03   -1.80399e+03    1.29581e+02   -3.26391e+00    1.09484e+01

           Step           Time
         532000     1064.00000

   Energies (kJ/mol)
        LJ (SR)  Disper. corr.   Coulomb (SR)      Potential    Kinetic En.
   -2.19175e+03   -3.86262e+01    0.00000e+00   -2.23038e+03    7.95240e+02
   Total Energy  Conserved En.    Temperature Pres. DC (bar) Pressure (bar)
   -1.43514e+03   -1.80438e+03    1.27783e+02   -3.26391e+00    5.83584e-01

           Step           Time
         532500     1065.00000

   Energies (kJ/mol)
        LJ (SR)  Disper. corr.   Coulomb (SR)      Potential    Kinetic En.
   -2.17889e+03   -3.86262e+01    0.00000e+00   -2.21752e+03    7.29187e+02
   Total Energy  Conserved En.    Temperature Pres. DC (bar) Pressure (bar)
   -1.48833e+03   -1.80467e+03    1.17169e+02   -3.26391e+00   -7.37481e+00

           Step           Time
         533000     1066.00000

   Energies (kJ/mol)
        LJ (SR)  Disper. corr.   Coulomb (SR)      Potential    Kinetic En.
   -2.17508e+03   -3.86262e+01    0.00000e+00   -2.21370e+03    7.65777e+02
   Total Energy  Conserved En.    Temperature Pres. DC (bar) Pressure (bar)
   -1.44793e+03   -1.80506e+03    1.23048e+02   -3.26391e+00   -9.57836e+00

           Step           Time
         533500     1067.00000

   Energies (kJ/mol)
        LJ (SR)  Disper. corr.   Coulomb (SR)      Potential    Kinetic En.
   -2.12625e+03   -3.86262e+01    0.00000e+00   -2.16487e+03    8.01290e+02
   Total Energy  Conserved En.    Temperature Pres. DC (bar) Pressure (bar)
   -1.36358e+03   -1.80544e+03    1.28755e+02   -3.26391e+00   -8.75660e+00

           Step           Time
         534000     1068.00000

   Energies (kJ/mol)
        LJ (SR)  Disper. corr.   Coulomb (SR)      Potential    Kinetic En.
   -2.06838e+03   -3.86262e+01    0.00000e+00   -2.10700e+03    7.93948e+02
   Total Energy  Conserved En.    Temperature Pres. DC (bar) Pressure (bar)
   -1.31305e+03   -1.80579e+03    1.27575e+02   -3.26391e+00    9.27279e+00

           Step           Time
         534500     1069.00000

   Energies (kJ/mol)
        LJ (SR)  Disper. corr.   Coulomb (SR)      Potential    Kinetic En.
   -2.08637e+03   -3.86262e+01    0.00000e+00   -2.12500e+03    8.15659e+02
   Total Energy  Conserved En.    Temperature Pres. DC (bar) Pressure (bar)
   -1.30934e+03   -1.80614e+03    1.31064e+02   -3.26391e+00   -1.60037e+01

           Step           Time
         535000     1070.00000

   Energies (kJ/mol)
        LJ (SR)  Disper. corr.   Coulomb (SR)      Potential    Kinetic En.
   -2.10417e+03   -3.86262e+01    0.00000e+00   -2.14279e+03    8.23516e+02
   Total Energy  Conserved En.    Temperature Pres. DC (bar) Pressure (bar)
   -1.31928e+03   -1.80656e+03    1.32326e+02   -3.26391e+00   -6.87119e+00

           Step           Time
         535500     1071.00000

   Energies (kJ/mol)
        LJ (SR)  Disper. corr.   Coulomb (SR)      Potential    Kinetic En.
   -2.07542e+03   -3.86262e+01    0.00000e+00   -2.11405e+03    7.93365e+02
   Total Energy  Conserved En.    Temperature Pres. DC (bar) Pressure (bar)
   -1.32069e+03   -1.80700e+03    1.27481e+02   -3.26391e+00   -2.79138e+00

           Step           Time
         536000     1072.00000

   Energies (kJ/mol)
        LJ (SR)  Disper. corr.   Coulomb (SR)      Potential    Kinetic En.
   -2.09560e+03   -3.86262e+01    0.00000e+00   -2.13423e+03    7.87816e+02
   Total Energy  Conserved En.    Temperature Pres. DC (bar) Pressure (bar)
   -1.34641e+03   -1.80732e+03    1.26590e+02   -3.26391e+00   -2.53177e+01

           Step           Time
         536500     1073.00000

   Energies (kJ/mol)
        LJ (SR)  Disper. corr.   Coulomb (SR)      Potential    Kinetic En.
   -2.09550e+03   -3.86262e+01    0.00000e+00   -2.13413e+03    8.23706e+02
   Total Energy  Conserved En.    Temperature Pres. DC (bar) Pressure (bar)
   -1.31042e+03   -1.80768e+03    1.32357e+02   -3.26391e+00   -1.60205e+00

           Step           Time
         537000     1074.00000

   Energies (kJ/mol)
        LJ (SR)  Disper. corr.   Coulomb (SR)      Potential    Kinetic En.
   -2.11622e+03   -3.86262e+01    0.00000e+00   -2.15485e+03    7.96569e+02
   Total Energy  Conserved En.    Temperature Pres. DC (bar) Pressure (bar)
   -1.35828e+03   -1.80809e+03    1.27996e+02   -3.26391e+00   -2.19287e+01

           Step           Time
         537500     1075.00000

   Energies (kJ/mol)
        LJ (SR)  Disper. corr.   Coulomb (SR)      Potential    Kinetic En.
   -2.17332e+03   -3.86262e+01    0.00000e+00   -2.21195e+03    8.61938e+02
   Total Energy  Conserved En.    Temperature Pres. DC (bar) Pressure (bar)
   -1.35001e+03   -1.80851e+03    1.38500e+02   -3.26391e+00   -7.78982e+00

           Step           Time
         538000     1076.00000

   Energies (kJ/mol)
        LJ (SR)  Disper. corr.   Coulomb (SR)      Potential    Kinetic En.
   -2.13817e+03   -3.86262e+01    0.00000e+00   -2.17680e+03    7.61451e+02
   Total Energy  Conserved En.    Temperature Pres. DC (bar) Pressure (bar)
   -1.41535e+03   -1.80883e+03    1.22353e+02   -3.26391e+00   -8.94578e+00

           Step           Time
         538500     1077.00000

   Energies (kJ/mol)
        LJ (SR)  Disper. corr.   Coulomb (SR)      Potential    Kinetic En.
   -2.17351e+03   -3.86262e+01    0.00000e+00   -2.21213e+03    8.28861e+02
   Total Energy  Conserved En.    Temperature Pres. DC (bar) Pressure (bar)
   -1.38327e+03   -1.80924e+03    1.33185e+02   -3.26391e+00   -1.05787e+01

           Step           Time
         539000     1078.00000

   Energies (kJ/mol)
        LJ (SR)  Disper. corr.   Coulomb (SR)      Potential    Kinetic En.
   -2.11238e+03   -3.86262e+01    0.00000e+00   -2.15100e+03    8.02865e+02
   Total Energy  Conserved En.    Temperature Pres. DC (bar) Pressure (bar)
   -1.34814e+03   -1.80963e+03    1.29008e+02   -3.26391e+00   -5.92279e+00

           Step           Time
         539500     1079.00000

   Energies (kJ/mol)
        LJ (SR)  Disper. corr.   Coulomb (SR)      Potential    Kinetic En.
   -2.08517e+03   -3.86262e+01    0.00000e+00   -2.12379e+03    7.86677e+02
   Total Energy  Conserved En.    Temperature Pres. DC (bar) Pressure (bar)
   -1.33712e+03   -1.81006e+03    1.26407e+02   -3.26391e+00   -1.93336e+01

           Step           Time
         540000     1080.00000

   Energies (kJ/mol)
        LJ (SR)  Disper. corr.   Coulomb (SR)      Potential    Kinetic En.
   -2.04739e+03   -3.86262e+01    0.00000e+00   -2.08601e+03    7.98224e+02
   Total Energy  Conserved En.    Temperature Pres. DC (bar) Pressure (bar)
   -1.28779e+03   -1.81040e+03    1.28262e+02   -3.26391e+00    2.84966e+00

           Step           Time
         540500     1081.00000

   Energies (kJ/mol)
        LJ (SR)  Disper. corr.   Coulomb (SR)      Potential    Kinetic En.
   -2.10369e+03   -3.86262e+01    0.00000e+00   -2.14231e+03    8.63963e+02
   Total Energy  Conserved En.    Temperature Pres. DC (bar) Pressure (bar)
   -1.27835e+03   -1.81079e+03    1.38825e+02   -3.26391e+00    6.75171e+00

           Step           Time
         541000     1082.00000

   Energies (kJ/mol)
        LJ (SR)  Disper. corr.   Coulomb (SR)      Potential    Kinetic En.
   -2.05418e+03   -3.86262e+01    0.00000e+00   -2.09280e+03    8.33162e+02
   Total Energy  Conserved En.    Temperature Pres. DC (bar) Pressure (bar)
   -1.25964e+03   -1.81108e+03    1.33876e+02   -3.26391e+00    9.62545e+00

           Step           Time
         541500     1083.00000

   Energies (kJ/mol)
        LJ (SR)  Disper. corr.   Coulomb (SR)      Potential    Kinetic En.
   -2.02641e+03   -3.86262e+01    0.00000e+00   -2.06504e+03    8.40549e+02
   Total Energy  Conserved En.    Temperature Pres. DC (bar) Pressure (bar)
   -1.22449e+03   -1.81146e+03    1.35063e+02   -3.26391e+00   -1.39064e+01

           Step           Time
         542000     1084.00000

   Energies (kJ/mol)
        LJ (SR)  Disper. corr.   Coulomb (SR)      Potential    Kinetic En.
   -2.00801e+03   -3.86262e+01    0.00000e+00   -2.04663e+03    8.00737e+02
   Total Energy  Conserved En.    Temperature Pres. DC (bar) Pressure (bar)
   -1.24589e+03   -1.81187e+03    1.28666e+02   -3.26391e+00   -1.89101e+01

           Step           Time
         542500     1085.00000

   Energies (kJ/mol)
        LJ (SR)  Disper. corr.   Coulomb (SR)      Potential    Kinetic En.
   -2.03256e+03   -3.86262e+01    0.00000e+00   -2.07118e+03    7.91617e+02
   Total Energy  Conserved En.    Temperature Pres. DC (bar) Pressure (bar)
   -1.27957e+03   -1.81228e+03    1.27201e+02   -3.26391e+00   -4.58831e+00

           Step           Time
         543000     1086.00000

   Energies (kJ/mol)
        LJ (SR)  Disper. corr.   Coulomb (SR)      Potential    Kinetic En.
   -2.06256e+03   -3.86262e+01    0.00000e+00   -2.10118e+03    8.26648e+02
   Total Energy  Conserved En.    Temperature Pres. DC (bar) Pressure (bar)
   -1.27453e+03   -1.81269e+03    1.32830e+02   -3.26391e+00    3.42974e+00

           Step           Time
         543500     1087.00000

   Energies (kJ/mol)
        LJ (SR)  Disper. corr.   Coulomb (SR)      Potential    Kinetic En.
   -2.10815e+03   -3.86262e+01    0.00000e+00   -2.14678e+03    8.05800e+02
   Total Energy  Conserved En.    Temperature Pres. DC (bar) Pressure (bar)
   -1.34098e+03   -1.81307e+03    1.29480e+02   -3.26391e+00   -1.49426e+01

           Step           Time
         544000     1088.00000

   Energies (kJ/mol)
        LJ (SR)  Disper. corr.   Coulomb (SR)      Potential    Kinetic En.
   -2.13382e+03   -3.86262e+01    0.00000e+00   -2.17245e+03    8.62244e+02
   Total Energy  Conserved En.    Temperature Pres. DC (bar) Pressure (bar)
   -1.31020e+03   -1.81349e+03    1.38549e+02   -3.26391e+00   -3.00468e+00

           Step           Time
         544500     1089.00000

   Energies (kJ/mol)
        LJ (SR)  Disper. corr.   Coulomb (SR)      Potential    Kinetic En.
   -2.10144e+03   -3.86262e+01    0.00000e+00   -2.14007e+03    8.05789e+02
   Total Energy  Conserved En.    Temperature Pres. DC (bar) Pressure (bar)
   -1.33428e+03   -1.81385e+03    1.29478e+02   -3.26391e+00    1.98222e+01

           Step           Time
         545000     1090.00000

   Energies (kJ/mol)
        LJ (SR)  Disper. corr.   Coulomb (SR)      Potential    Kinetic En.
   -2.17737e+03   -3.86262e+01    0.00000e+00   -2.21599e+03    8.26664e+02
   Total Energy  Conserved En.    Temperature Pres. DC (bar) Pressure (bar)
   -1.38933e+03   -1.81424e+03    1.32832e+02   -3.26391e+00   -7.35773e+00

           Step           Time
         545500     1091.00000

   Energies (kJ/mol)
        LJ (SR)  Disper. corr.   Coulomb (SR)      Potential    Kinetic En.
   -2.15021e+03   -3.86262e+01    0.00000e+00   -2.18884e+03    8.08667e+02
   Total Energy  Conserved En.    Temperature Pres. DC (bar) Pressure (bar)
   -1.38017e+03   -1.81463e+03    1.29940e+02   -3.26391e+00   -3.16206e+00

           Step           Time
         546000     1092.00000

   Energies (kJ/mol)
        LJ (SR)  Disper. corr.   Coulomb (SR)      Potential    Kinetic En.
   -2.10547e+03   -3.86262e+01    0.00000e+00   -2.14410e+03    8.29531e+02
   Total Energy  Conserved En.    Temperature Pres. DC (bar) Pressure (bar)
   -1.31457e+03   -1.81500e+03    1.33293e+02   -3.26391e+00    2.42440e+00

           Step           Time
         546500     1093.00000

   Energies (kJ/mol)
        LJ (SR)  Disper. corr.   Coulomb (SR)      Potential    Kinetic En.
   -2.12360e+03   -3.86262e+01    0.00000e+00   -2.16223e+03    8.12603e+02
   Total Energy  Conserved En.    Temperature Pres. DC (bar) Pressure (bar)
   -1.34962e+03   -1.81536e+03    1.30573e+02   -3.26391e+00   -1.16303e+01

           Step           Time
         547000     1094.00000

   Energies (kJ/mol)
        LJ (SR)  Disper. corr.   Coulomb (SR)      Potential    Kinetic En.
   -2.09845e+03   -3.86262e+01    0.00000e+00   -2.13708e+03    7.85717e+02
   Total Energy  Conserved En.    Temperature Pres. DC (bar) Pressure (bar)
   -1.35136e+03   -1.81578e+03    1.26253e+02   -3.26391e+00    7.50786e+00

           Step           Time
         547500     1095.00000

   Energies (kJ/mol)
        LJ (SR)  Disper. corr.   Coulomb (SR)      Potential    Kinetic En.
   -2.04544e+03   -3.86262e+01    0.00000e+00   -2.08407e+03    7.79959e+02
   Total Energy  Conserved En.    Temperature Pres. DC (bar) Pressure (bar)
   -1.30411e+03   -1.81614e+03    1.25327e+02   -3.26391e+00    1.40180e+01

           Step           Time
         548000     1096.00000

   Energies (kJ/mol)
        LJ (SR)  Disper. corr.   Coulomb (SR)      Potential    Kinetic En.
   -2.04617e+03   -3.86262e+01    0.00000e+00   -2.08480e+03    7.72225e+02
   Total Energy  Conserved En.    Temperature Pres. DC (bar) Pressure (bar)
   -1.31257e+03   -1.81647e+03    1.24085e+02   -3.26391e+00   -1.89248e+01

           Step           Time
         548500     1097.00000

   Energies (kJ/mol)
        LJ (SR)  Disper. corr.   Coulomb (SR)      Potential    Kinetic En.
   -2.08281e+03   -3.86262e+01    0.00000e+00   -2.12143e+03    8.42897e+02
   Total Energy  Conserved En.    Temperature Pres. DC (bar) Pressure (bar)
   -1.27854e+03   -1.81683e+03    1.35440e+02   -3.26391e+00    9.95821e+00

           Step           Time
         549000     1098.00000

   Energies (kJ/mol)
        LJ (SR)  Disper. corr.   Coulomb (SR)      Potential    Kinetic En.
   -2.04352e+03   -3.86262e+01    0.00000e+00   -2.08214e+03    7.68796e+02
   Total Energy  Conserved En.    Temperature Pres. DC (bar) Pressure (bar)
   -1.31335e+03   -1.81714e+03    1.23534e+02   -3.26391e+00   -4.45855e+00

           Step           Time
         549500     1099.00000

   Energies (kJ/mol)
        LJ (SR)  Disper. corr.   Coulomb (SR)      Potential    Kinetic En.
   -2.00657e+03   -3.86262e+01    0.00000e+00   -2.04520e+03    8.08064e+02
   Total Energy  Conserved En.    Temperature Pres. DC (bar) Pressure (bar)
   -1.23714e+03   -1.81748e+03    1.29843e+02   -3.26391e+00   -1.03292e+01

           Step           Time
         550000     1100.00000

   Energies (kJ/mol)
        LJ (SR)  Disper. corr.   Coulomb (SR)      Potential    Kinetic En.
   -2.00082e+03   -3.86262e+01    0.00000e+00   -2.03945e+03    8.50609e+02
   Total Energy  Conserved En.    Temperature Pres. DC (bar) Pressure (bar)
   -1.18884e+03   -1.81783e+03    1.36680e+02   -3.26391e+00   -1.61601e+01

           Step           Time
         550500     1101.00000

   Energies (kJ/mol)
        LJ (SR)  Disper. corr.   Coulomb (SR)      Potential    Kinetic En.
   -2.01375e+03   -3.86262e+01    0.00000e+00   -2.05238e+03    7.86717e+02
   Total Energy  Conserved En.    Temperature Pres. DC (bar) Pressure (bar)
   -1.26566e+03   -1.81819e+03    1.26413e+02   -3.26391e+00   -1.39555e+01

           Step           Time
         551000     1102.00000

   Energies (kJ/mol)
        LJ (SR)  Disper. corr.   Coulomb (SR)      Potential    Kinetic En.
   -2.07271e+03   -3.86262e+01    0.00000e+00   -2.11134e+03    8.58552e+02
   Total Energy  Conserved En.    Temperature Pres. DC (bar) Pressure (bar)
   -1.25279e+03   -1.81853e+03    1.37956e+02   -3.26391e+00    1.01102e+01

           Step           Time
         551500     1103.00000

   Energies (kJ/mol)
        LJ (SR)  Disper. corr.   Coulomb (SR)      Potential    Kinetic En.
   -2.13170e+03   -3.86262e+01    0.00000e+00   -2.17032e+03    8.45480e+02
   Total Energy  Conserved En.    Temperature Pres. DC (bar) Pressure (bar)
   -1.32484e+03   -1.81893e+03    1.35856e+02   -3.26391e+00   -1.07522e+01

           Step           Time
         552000     1104.00000

   Energies (kJ/mol)
        LJ (SR)  Disper. corr.   Coulomb (SR)      Potential    Kinetic En.
   -2.13187e+03   -3.86262e+01    0.00000e+00   -2.17050e+03    7.91707e+02
   Total Energy  Conserved En.    Temperature Pres. DC (bar) Pressure (bar)
   -1.37879e+03   -1.81930e+03    1.27215e+02   -3.26391e+00   -1.29371e+01

           Step           Time
         552500     1105.00000

   Energies (kJ/mol)
        LJ (SR)  Disper. corr.   Coulomb (SR)      Potential    Kinetic En.
   -2.09509e+03   -3.86262e+01    0.00000e+00   -2.13372e+03    8.61403e+02
   Total Energy  Conserved En.    Temperature Pres. DC (bar) Pressure (bar)
   -1.27232e+03   -1.81966e+03    1.38414e+02   -3.26391e+00    8.26907e+00

           Step           Time
         553000     1106.00000

   Energies (kJ/mol)
        LJ (SR)  Disper. corr.   Coulomb (SR)      Potential    Kinetic En.
   -2.01353e+03   -3.86262e+01    0.00000e+00   -2.05216e+03    7.60473e+02
   Total Energy  Conserved En.    Temperature Pres. DC (bar) Pressure (bar)
   -1.29168e+03   -1.82004e+03    1.22196e+02   -3.26391e+00   -1.28220e+01

           Step           Time
         553500     1107.00000

   Energies (kJ/mol)
        LJ (SR)  Disper. corr.   Coulomb (SR)      Potential    Kinetic En.
   -2.03436e+03   -3.86262e+01    0.00000e+00   -2.07299e+03    8.04445e+02
   Total Energy  Conserved En.    Temperature Pres. DC (bar) Pressure (bar)
   -1.26854e+03   -1.82037e+03    1.29262e+02   -3.26391e+00   -6.14978e+00

           Step           Time
         554000     1108.00000

   Energies (kJ/mol)
        LJ (SR)  Disper. corr.   Coulomb (SR)      Potential    Kinetic En.
   -1.97695e+03   -3.86262e+01    0.00000e+00   -2.01557e+03    8.45761e+02
   Total Energy  Conserved En.    Temperature Pres. DC (bar) Pressure (bar)
   -1.16981e+03   -1.82074e+03    1.35901e+02   -3.26391e+00   -2.14390e-01

           Step           Time
         554500     1109.00000

   Energies (kJ/mol)
        LJ (SR)  Disper. corr.   Coulomb (SR)      Potential    Kinetic En.
   -1.99510e+03   -3.86262e+01    0.00000e+00   -2.03373e+03    7.71831e+02
   Total Energy  Conserved En.    Temperature Pres. DC (bar) Pressure (bar)
   -1.26190e+03   -1.82109e+03    1.24021e+02   -3.26391e+00   -4.17317e+00

           Step           Time
         555000     1110.00000

   Energies (kJ/mol)
        LJ (SR)  Disper. corr.   Coulomb (SR)      Potential    Kinetic En.
   -2.02177e+03   -3.86262e+01    0.00000e+00   -2.06039e+03    8.36845e+02
   Total Energy  Conserved En.    Temperature Pres. DC (bar) Pressure (bar)
   -1.22355e+03   -1.82149e+03    1.34468e+02   -3.26391e+00   -2.02246e+01

           Step           Time
         555500     1111.00000

   Energies (kJ/mol)
        LJ (SR)  Disper. corr.   Coulomb (SR)      Potential    Kinetic En.
   -2.01271e+03   -3.86262e+01    0.00000e+00   -2.05134e+03    7.56020e+02
   Total Energy  Conserved En.    Temperature Pres. DC (bar) Pressure (bar)
   -1.29532e+03   -1.82189e+03    1.21481e+02   -3.26391e+00   -1.82413e+01

           Step           Time
         556000     1112.00000

   Energies (kJ/mol)
        LJ (SR)  Disper. corr.   Coulomb (SR)      Potential    Kinetic En.
   -2.07344e+03   -3.86262e+01    0.00000e+00   -2.11207e+03    8.17995e+02
   Total Energy  Conserved En.    Temperature Pres. DC (bar) Pressure (bar)
   -1.29407e+03   -1.82220e+03    1.31439e+02   -3.26391e+00   -1.04234e+01

           Step           Time
         556500     1113.00000

   Energies (kJ/mol)
        LJ (SR)  Disper. corr.   Coulomb (SR)      Potential    Kinetic En.
   -2.06757e+03   -3.86262e+01    0.00000e+00   -2.10620e+03    8.69115e+02
   Total Energy  Conserved En.    Temperature Pres. DC (bar) Pressure (bar)
   -1.23709e+03   -1.82258e+03    1.39653e+02   -3.26391e+00   -9.88379e+00

           Step           Time
         557000     1114.00000

   Energies (kJ/mol)
        LJ (SR)  Disper. corr.   Coulomb (SR)      Potential    Kinetic En.
   -2.04743e+03   -3.86262e+01    0.00000e+00   -2.08606e+03    7.72767e+02
   Total Energy  Conserved En.    Temperature Pres. DC (bar) Pressure (bar)
   -1.31329e+03   -1.82297e+03    1.24172e+02   -3.26391e+00   -7.20142e+00

           Step           Time
         557500     1115.00000

   Energies (kJ/mol)
        LJ (SR)  Disper. corr.   Coulomb (SR)      Potential    Kinetic En.
   -1.99838e+03   -3.86262e+01    0.00000e+00   -2.03701e+03    7.55035e+02
   Total Energy  Conserved En.    Temperature Pres. DC (bar) Pressure (bar)
   -1.28197e+03   -1.82325e+03    1.21322e+02   -3.26391e+00    2.64926e+00

           Step           Time
         558000     1116.00000

   Energies (kJ/mol)
        LJ (SR)  Disper. corr.   Coulomb (SR)      Potential    Kinetic En.
   -1.97526e+03   -3.86262e+01    0.00000e+00   -2.01389e+03    7.58835e+02
   Total Energy  Conserved En.    Temperature Pres. DC (bar) Pressure (bar)
   -1.25505e+03   -1.82360e+03    1.21933e+02   -3.26391e+00   -2.48475e+01

           Step           Time
         558500     1117.00000

   Energies (kJ/mol)
        LJ (SR)  Disper. corr.   Coulomb (SR)      Potential    Kinetic En.
   -1.91555e+03   -3.86262e+01    0.00000e+00   -1.95417e+03    8.29286e+02
   Total Energy  Conserved En.    Temperature Pres. DC (bar) Pressure (bar)
   -1.12489e+03   -1.82385e+03    1.33253e+02   -3.26391e+00   -1.40344e+01

           Step           Time
         559000     1118.00000

   Energies (kJ/mol)
        LJ (SR)  Disper. corr.   Coulomb (SR)      Potential    Kinetic En.
   -1.93927e+03   -3.86262e+01    0.00000e+00   -1.97789e+03    8.21631e+02
   Total Energy  Conserved En.    Temperature Pres. DC (bar) Pressure (bar)
   -1.15626e+03   -1.82418e+03    1.32023e+02   -3.26391e+00   -1.07886e+01

           Step           Time
         559500     1119.00000

   Energies (kJ/mol)
        LJ (SR)  Disper. corr.   Coulomb (SR)      Potential    Kinetic En.
   -1.93580e+03   -3.86262e+01    0.00000e+00   -1.97442e+03    7.87116e+02
   Total Energy  Conserved En.    Temperature Pres. DC (bar) Pressure (bar)
   -1.18731e+03   -1.82452e+03    1.26477e+02   -3.26391e+00    7.23724e+00

           Step           Time
         560000     1120.00000

   Energies (kJ/mol)
        LJ (SR)  Disper. corr.   Coulomb (SR)      Potential    Kinetic En.
   -1.99063e+03   -3.86262e+01    0.00000e+00   -2.02926e+03    8.16608e+02
   Total Energy  Conserved En.    Temperature Pres. DC (bar) Pressure (bar)
   -1.21265e+03   -1.82492e+03    1.31216e+02   -3.26391e+00    8.64726e-01

           Step           Time
         560500     1121.00000

   Energies (kJ/mol)
        LJ (SR)  Disper. corr.   Coulomb (SR)      Potential    Kinetic En.
   -1.98179e+03   -3.86262e+01    0.00000e+00   -2.02042e+03    8.38070e+02
   Total Energy  Conserved En.    Temperature Pres. DC (bar) Pressure (bar)
   -1.18235e+03   -1.82527e+03    1.34665e+02   -3.26391e+00   -4.25184e+00

           Step           Time
         561000     1122.00000

   Energies (kJ/mol)
        LJ (SR)  Disper. corr.   Coulomb (SR)      Potential    Kinetic En.
   -1.99894e+03   -3.86262e+01    0.00000e+00   -2.03757e+03    8.03985e+02
   Total Energy  Conserved En.    Temperature Pres. DC (bar) Pressure (bar)
   -1.23358e+03   -1.82560e+03    1.29188e+02   -3.26391e+00   -1.26154e+01

           Step           Time
         561500     1123.00000

   Energies (kJ/mol)
        LJ (SR)  Disper. corr.   Coulomb (SR)      Potential    Kinetic En.
   -2.03265e+03   -3.86262e+01    0.00000e+00   -2.07127e+03    7.98211e+02
   Total Energy  Conserved En.    Temperature Pres. DC (bar) Pressure (bar)
   -1.27306e+03   -1.82595e+03    1.28260e+02   -3.26391e+00   -1.79841e+01

           Step           Time
         562000     1124.00000

   Energies (kJ/mol)
        LJ (SR)  Disper. corr.   Coulomb (SR)      Potential    Kinetic En.
   -2.05329e+03   -3.86262e+01    0.00000e+00   -2.09191e+03    8.00327e+02
   Total Energy  Conserved En.    Temperature Pres. DC (bar) Pressure (bar)
   -1.29159e+03   -1.82630e+03    1.28600e+02   -3.26391e+00   -1.05825e+01

           Step           Time
         562500     1125.00000

   Energies (kJ/mol)
        LJ (SR)  Disper. corr.   Coulomb (SR)      Potential    Kinetic En.
   -2.03680e+03   -3.86262e+01    0.00000e+00   -2.07543e+03    7.97927e+02
   Total Energy  Conserved En.    Temperature Pres. DC (bar) Pressure (bar)
   -1.27750e+03   -1.82669e+03    1.28214e+02   -3.26391e+00   -9.38756e+00

           Step           Time
         563000     1126.00000

   Energies (kJ/mol)
        LJ (SR)  Disper. corr.   Coulomb (SR)      Potential    Kinetic En.
   -2.04033e+03   -3.86262e+01    0.00000e+00   -2.07896e+03    8.33189e+02
   Total Energy  Conserved En.    Temperature Pres. DC (bar) Pressure (bar)
   -1.24577e+03   -1.82707e+03    1.33880e+02   -3.26391e+00    1.02083e+01

           Step           Time
         563500     1127.00000

   Energies (kJ/mol)
        LJ (SR)  Disper. corr.   Coulomb (SR)      Potential    Kinetic En.
   -2.04509e+03   -3.86262e+01    0.00000e+00   -2.08372e+03    7.83879e+02
   Total Energy  Conserved En.    Temperature Pres. DC (bar) Pressure (bar)
   -1.29984e+03   -1.82741e+03    1.25957e+02   -3.26391e+00   -1.40452e+01

           Step           Time
         564000     1128.00000

   Energies (kJ/mol)
        LJ (SR)  Disper. corr.   Coulomb (SR)      Potential    Kinetic En.
   -2.03683e+03   -3.86262e+01    0.00000e+00   -2.07545e+03    7.88131e+02
   Total Energy  Conserved En.    Temperature Pres. DC (bar) Pressure (bar)
   -1.28732e+03   -1.82772e+03    1.26641e+02   -3.26391e+00   -8.38091e+00

           Step           Time
         564500     1129.00000

   Energies (kJ/mol)
        LJ (SR)  Disper. corr.   Coulomb (SR)      Potential    Kinetic En.
   -2.07449e+03   -3.86262e+01    0.00000e+00   -2.11312e+03    7.67745e+02
   Total Energy  Conserved En.    Temperature Pres. DC (bar) Pressure (bar)
   -1.34537e+03   -1.82810e+03    1.23365e+02   -3.26391e+00    6.57479e+00

           Step           Time
         565000     1130.00000

   Energies (kJ/mol)
        LJ (SR)  Disper. corr.   Coulomb (SR)      Potential    Kinetic En.
   -2.08865e+03   -3.86262e+01    0.00000e+00   -2.12728e+03    7.97649e+02
   Total Energy  Conserved En.    Temperature Pres. DC (bar) Pressure (bar)
   -1.32963e+03   -1.82847e+03    1.28170e+02   -3.26391e+00    1.19184e+01

           Step           Time
         565500     1131.00000

   Energies (kJ/mol)
        LJ (SR)  Disper. corr.   Coulomb (SR)      Potential    Kinetic En.
   -2.06104e+03   -3.86262e+01    0.00000e+00   -2.09967e+03    7.97741e+02
   Total Energy  Conserved En.    Temperature Pres. DC (bar) Pressure (bar)
   -1.30193e+03   -1.82882e+03    1.28185e+02   -3.26391e+00    1.85186e-01

           Step           Time
         566000     1132.00000

   Energies (kJ/mol)
        LJ (SR)  Disper. corr.   Coulomb (SR)      Potential    Kinetic En.
   -2.01434e+03   -3.86262e+01    0.00000e+00   -2.05296e+03    7.75580e+02
   Total Energy  Conserved En.    Temperature Pres. DC (bar) Pressure (bar)
   -1.27738e+03   -1.82914e+03    1.24624e+02   -3.26391e+00   -1.06486e+01

           Step           Time
         566500     1133.00000

   Energies (kJ/mol)
        LJ (SR)  Disper. corr.   Coulomb (SR)      Potential    Kinetic En.
   -1.99205e+03   -3.86262e+01    0.00000e+00   -2.03068e+03    8.03899e+02
   Total Energy  Conserved En.    Temperature Pres. DC (bar) Pressure (bar)
   -1.22678e+03   -1.82948e+03    1.29174e+02   -3.26391e+00    5.97052e+00

           Step           Time
         567000     1134.00000

   Energies (kJ/mol)
        LJ (SR)  Disper. corr.   Coulomb (SR)      Potential    Kinetic En.
   -1.99544e+03   -3.86262e+01    0.00000e+00   -2.03407e+03    8.31013e+02
   Total Energy  Conserved En.    Temperature Pres. DC (bar) Pressure (bar)
   -1.20306e+03   -1.82983e+03    1.33531e+02   -3.26391e+00   -9.20464e-01

           Step           Time
         567500     1135.00000

   Energies (kJ/mol)
        LJ (SR)  Disper. corr.   Coulomb (SR)      Potential    Kinetic En.
   -2.01531e+03   -3.86262e+01    0.00000e+00   -2.05394e+03    8.58245e+02
   Total Energy  Conserved En.    Temperature Pres. DC (bar) Pressure (bar)
   -1.19569e+03   -1.83024e+03    1.37907e+02   -3.26391e+00   -3.37944e+00

           Step           Time
         568000     1136.00000

   Energies (kJ/mol)
        LJ (SR)  Disper. corr.   Coulomb (SR)      Potential    Kinetic En.
   -2.00305e+03   -3.86262e+01    0.00000e+00   -2.04168e+03    7.50364e+02
   Total Energy  Conserved En.    Temperature Pres. DC (bar) Pressure (bar)
   -1.29131e+03   -1.83059e+03    1.20572e+02   -3.26391e+00   -1.00453e+01

           Step           Time
         568500     1137.00000

   Energies (kJ/mol)
        LJ (SR)  Disper. corr.   Coulomb (SR)      Potential    Kinetic En.
   -2.04357e+03   -3.86262e+01    0.00000e+00   -2.08220e+03    8.38878e+02
   Total Energy  Conserved En.    Temperature Pres. DC (bar) Pressure (bar)
   -1.24332e+03   -1.83096e+03    1.34795e+02   -3.26391e+00   -8.35458e+00

           Step           Time
         569000     1138.00000

   Energies (kJ/mol)
        LJ (SR)  Disper. corr.   Coulomb (SR)      Potential    Kinetic En.
   -2.05686e+03   -3.86262e+01    0.00000e+00   -2.09549e+03    8.26450e+02
   Total Energy  Conserved En.    Temperature Pres. DC (bar) Pressure (bar)
   -1.26904e+03   -1.83134e+03    1.32798e+02   -3.26391e+00    2.03169e+00

           Step           Time
         569500     1139.00000

   Energies (kJ/mol)
        LJ (SR)  Disper. corr.   Coulomb (SR)      Potential    Kinetic En.
   -2.09749e+03   -3.86262e+01    0.00000e+00   -2.13612e+03    7.73493e+02
   Total Energy  Conserved En.    Temperature Pres. DC (bar) Pressure (bar)
   -1.36262e+03   -1.83173e+03    1.24288e+02   -3.26391e+00    8.38399e+00

           Step           Time
         570000     1140.00000

   Energies (kJ/mol)
        LJ (SR)  Disper. corr.   Coulomb (SR)      Potential    Kinetic En.
   -2.10600e+03   -3.86262e+01    0.00000e+00   -2.14462e+03    8.10761e+02
   Total Energy  Conserved En.    Temperature Pres. DC (bar) Pressure (bar)
   -1.33386e+03   -1.83207e+03    1.30277e+02   -3.26391e+00   -2.15976e+01

           Step           Time
         570500     1141.00000

   Energies (kJ/mol)
        LJ (SR)  Disper. corr.   Coulomb (SR)      Potential    Kinetic En.
   -2.09246e+03   -3.86262e+01    0.00000e+00   -2.13109e+03    8.25443e+02
   Total Energy  Conserved En.    Temperature Pres. DC (bar) Pressure (bar)
   -1.30565e+03   -1.83249e+03    1.32636e+02   -3.26391e+00   -6.27381e+00

           Step           Time
         571000     1142.00000

   Energies (kJ/mol)
        LJ (SR)  Disper. corr.   Coulomb (SR)      Potential    Kinetic En.
   -2.05544e+03   -3.86262e+01    0.00000e+00   -2.09407e+03    8.02812e+02
   Total Energy  Conserved En.    Temperature Pres. DC (bar) Pressure (bar)
   -1.29125e+03   -1.83276e+03    1.28999e+02   -3.26391e+00   -2.01281e+01

           Step           Time
         571500     1143.00000

   Energies (kJ/mol)
        LJ (SR)  Disper. corr.   Coulomb (SR)      Potential    Kinetic En.
   -1.98165e+03   -3.86262e+01    0.00000e+00   -2.02028e+03    8.10271e+02
   Total Energy  Conserved En.    Temperature Pres. DC (bar) Pressure (bar)
   -1.21001e+03   -1.83310e+03    1.30198e+02   -3.26391e+00    1.14182e+01

           Step           Time
         572000     1144.00000

   Energies (kJ/mol)
        LJ (SR)  Disper. corr.   Coulomb (SR)      Potential    Kinetic En.
   -2.01427e+03   -3.86262e+01    0.00000e+00   -2.05290e+03    8.02680e+02
   Total Energy  Conserved En.    Temperature Pres. DC (bar) Pressure (bar)
   -1.25022e+03   -1.83341e+03    1.28978e+02   -3.26391e+00   -7.73753e+00

           Step           Time
         572500     1145.00000

   Energies (kJ/mol)
        LJ (SR)  Disper. corr.   Coulomb (SR)      Potential    Kinetic En.
   -2.04254e+03   -3.86262e+01    0.00000e+00   -2.08117e+03    8.10686e+02
   Total Energy  Conserved En.    Temperature Pres. DC (bar) Pressure (bar)
   -1.27048e+03   -1.83378e+03    1.30265e+02   -3.26391e+00   -2.60491e+01

           Step           Time
         573000     1146.00000

   Energies (kJ/mol)
        LJ (SR)  Disper. corr.   Coulomb (SR)      Potential    Kinetic En.
   -1.99321e+03   -3.86262e+01    0.00000e+00   -2.03184e+03    7.67352e+02
   Total Energy  Conserved En.    Temperature Pres. DC (bar) Pressure (bar)
   -1.26449e+03   -1.83417e+03    1.23302e+02   -3.26391e+00   -6.53772e+00

           Step           Time
         573500     1147.00000

   Energies (kJ/mol)
        LJ (SR)  Disper. corr.   Coulomb (SR)      Potential    Kinetic En.
   -2.02959e+03   -3.86262e+01    0.00000e+00   -2.06822e+03    8.46248e+02
   Total Energy  Conserved En.    Temperature Pres. DC (bar) Pressure (bar)
   -1.22197e+03   -1.83453e+03    1.35979e+02   -3.26391e+00   -4.27441e+00

           Step           Time
         574000     1148.00000

   Energies (kJ/mol)
        LJ (SR)  Disper. corr.   Coulomb (SR)      Potential    Kinetic En.
   -2.03199e+03   -3.86262e+01    0.00000e+00   -2.07062e+03    7.84871e+02
   Total Energy  Conserved En.    Temperature Pres. DC (bar) Pressure (bar)
   -1.28575e+03   -1.83487e+03    1.26117e+02   -3.26391e+00   -1.22019e+01

           Step           Time
         574500     1149.00000

   Energies (kJ/mol)
        LJ (SR)  Disper. corr.   Coulomb (SR)      Potential    Kinetic En.
   -1.99578e+03   -3.86262e+01    0.00000e+00   -2.03440e+03    8.31319e+02
   Total Energy  Conserved En.    Temperature Pres. DC (bar) Pressure (bar)
   -1.20308e+03   -1.83525e+03    1.33580e+02   -3.26391e+00   -1.67842e+01

           Step           Time
         575000     1150.00000

   Energies (kJ/mol)
        LJ (SR)  Disper. corr.   Coulomb (SR)      Potential    Kinetic En.
   -1.97410e+03   -3.86262e+01    0.00000e+00   -2.01273e+03    8.15775e+02
   Total Energy  Conserved En.    Temperature Pres. DC (bar) Pressure (bar)
   -1.19696e+03   -1.83553e+03    1.31082e+02   -3.26391e+00   -2.38068e+00

           Step           Time
         575500     1151.00000

   Energies (kJ/mol)
        LJ (SR)  Disper. corr.   Coulomb (SR)      Potential    Kinetic En.
   -2.03408e+03   -3.86262e+01    0.00000e+00   -2.07271e+03    8.63910e+02
   Total Energy  Conserved En.    Temperature Pres. DC (bar) Pressure (bar)
   -1.20880e+03   -1.83591e+03    1.38817e+02   -3.26391e+00    1.71857e+01

           Step           Time
         576000     1152.00000

   Energies (kJ/mol)
        LJ (SR)  Disper. corr.   Coulomb (SR)      Potential    Kinetic En.
   -2.07995e+03   -3.86262e+01    0.00000e+00   -2.11858e+03    7.83689e+02
   Total Energy  Conserved En.    Temperature Pres. DC (bar) Pressure (bar)
   -1.33489e+03   -1.83629e+03    1.25927e+02   -3.26391e+00   -1.28928e+01

           Step           Time
         576500     1153.00000

   Energies (kJ/mol)
        LJ (SR)  Disper. corr.   Coulomb (SR)      Potential    Kinetic En.
   -2.05856e+03   -3.86262e+01    0.00000e+00   -2.09718e+03    8.43034e+02
   Total Energy  Conserved En.    Temperature Pres. DC (bar) Pressure (bar)
   -1.25415e+03   -1.83668e+03    1.35462e+02   -3.26391e+00   -2.27877e-01

           Step           Time
         577000     1154.00000

   Energies (kJ/mol)
        LJ (SR)  Disper. corr.   Coulomb (SR)      Potential    Kinetic En.
   -2.10398e+03   -3.86262e+01    0.00000e+00   -2.14260e+03    7.97536e+02
   Total Energy  Conserved En.    Temperature Pres. DC (bar) Pressure (bar)
   -1.34507e+03   -1.83707e+03    1.28152e+02   -3.26391e+00    3.68295e+00

           Step           Time
         577500     1155.00000

   Energies (kJ/mol)
        LJ (SR)  Disper. corr.   Coulomb (SR)      Potential    Kinetic En.
   -2.13594e+03   -3.86262e+01    0.00000e+00   -2.17457e+03    8.39812e+02
   Total Energy  Conserved En.    Temperature Pres. DC (bar) Pressure (bar)
   -1.33476e+03   -1.83747e+03    1.34945e+02   -3.26391e+00   -1.35152e-01

           Step           Time
         578000     1156.00000

   Energies (kJ/mol)
        LJ (SR)  Disper. corr.   Coulomb (SR)      Potential    Kinetic En.
   -2.14384e+03   -3.86262e+01    0.00000e+00   -2.18247e+03    8.43462e+02
   Total Energy  Conserved En.    Temperature Pres. DC (bar) Pressure (bar)
   -1.33900e+03   -1.83778e+03    1.35531e+02   -3.26391e+00    5.11024e+00

           Step           Time
         578500     1157.00000

   Energies (kJ/mol)
        LJ (SR)  Disper. corr.   Coulomb (SR)      Potential    Kinetic En.
   -2.11958e+03   -3.86262e+01    0.00000e+00   -2.15821e+03    8.03733e+02
   Total Energy  Conserved En.    Temperature Pres. DC (bar) Pressure (bar)
   -1.35448e+03   -1.83813e+03    1.29147e+02   -3.26391e+00   -3.65354e+00

           Step           Time
         579000     1158.00000

   Energies (kJ/mol)
        LJ (SR)  Disper. corr.   Coulomb (SR)      Potential    Kinetic En.
   -2.08790e+03   -3.86262e+01    0.00000e+00   -2.12653e+03    7.87469e+02
   Total Energy  Conserved En.    Temperature Pres. DC (bar) Pressure (bar)
   -1.33906e+03   -1.83850e+03    1.26534e+02   -3.26391e+00   -3.46750e-01

           Step           Time
         579500     1159.00000

   Energies (kJ/mol)
        LJ (SR)  Disper. corr.   Coulomb (SR)      Potential    Kinetic En.
   -2.07907e+03   -3.86262e+01    0.00000e+00   -2.11770e+03    8.05759e+02
   Total Energy  Conserved En.    Temperature Pres. DC (bar) Pressure (bar)
   -1.31194e+03   -1.83882e+03    1.29473e+02   -3.26391e+00   -7.30156e+00

           Step           Time
         580000     1160.00000

   Energies (kJ/mol)
        LJ (SR)  Disper. corr.   Coulomb (SR)      Potential    Kinetic En.
   -2.08342e+03   -3.86262e+01    0.00000e+00   -2.12205e+03    7.97893e+02
   Total Energy  Conserved En.    Temperature Pres. DC (bar) Pressure (bar)
   -1.32415e+03   -1.83919e+03    1.28209e+02   -3.26391e+00    1.13796e+00

           Step           Time
         580500     1161.00000

   Energies (kJ/mol)
        LJ (SR)  Disper. corr.   Coulomb (SR)      Potential    Kinetic En.
   -2.06450e+03   -3.86262e+01    0.00000e+00   -2.10313e+03    7.36818e+02
   Total Energy  Conserved En.    Temperature Pres. DC (bar) Pressure (bar)
   -1.36631e+03   -1.83951e+03    1.18395e+02   -3.26391e+00   -1.94862e+01

           Step           Time
         581000     1162.00000

   Energies (kJ/mol)
        LJ (SR)  Disper. corr.   Coulomb (SR)      Potential    Kinetic En.
   -2.04070e+03   -3.86262e+01    0.00000e+00   -2.07933e+03    7.92038e+02
   Total Energy  Conserved En.    Temperature Pres. DC (bar) Pressure (bar)
   -1.28729e+03   -1.83984e+03    1.27268e+02   -3.26391e+00    2.01803e+00

           Step           Time
         581500     1163.00000

   Energies (kJ/mol)
        LJ (SR)  Disper. corr.   Coulomb (SR)      Potential    Kinetic En.
   -2.02607e+03   -3.86262e+01    0.00000e+00   -2.06469e+03    8.34474e+02
   Total Energy  Conserved En.    Temperature Pres. DC (bar) Pressure (bar)
   -1.23022e+03   -1.84014e+03    1.34087e+02   -3.26391e+00    1.02339e+01

           Step           Time
         582000     1164.00000

   Energies (kJ/mol)
        LJ (SR)  Disper. corr.   Coulomb (SR)      Potential    Kinetic En.
   -2.02336e+03   -3.86262e+01    0.00000e+00   -2.06198e+03    8.01323e+02
   Total Energy  Conserved En.    Temperature Pres. DC (bar) Pressure (bar)
   -1.26066e+03   -1.84053e+03    1.28760e+02   -3.26391e+00   -4.84651e+00

           Step           Time
         582500     1165.00000

   Energies (kJ/mol)
        LJ (SR)  Disper. corr.   Coulomb (SR)      Potential    Kinetic En.
   -2.01871e+03   -3.86262e+01    0.00000e+00   -2.05734e+03    7.59479e+02
   Total Energy  Conserved En.    Temperature Pres. DC (bar) Pressure (bar)
   -1.29786e+03   -1.84086e+03    1.22037e+02   -3.26391e+00   -9.96809e+00

           Step           Time
         583000     1166.00000

   Energies (kJ/mol)
        LJ (SR)  Disper. corr.   Coulomb (SR)      Potential    Kinetic En.
   -2.08314e+03   -3.86262e+01    0.00000e+00   -2.12177e+03    8.35640e+02
   Total Energy  Conserved En.    Temperature Pres. DC (bar) Pressure (bar)
   -1.28613e+03   -1.84120e+03    1.34274e+02   -3.26391e+00   -9.99766e+00

           Step           Time
         583500     1167.00000

   Energies (kJ/mol)
        LJ (SR)  Disper. corr.   Coulomb (SR)      Potential    Kinetic En.
   -2.11375e+03   -3.86262e+01    0.00000e+00   -2.15238e+03    8.05466e+02
   Total Energy  Conserved En.    Temperature Pres. DC (bar) Pressure (bar)
   -1.34691e+03   -1.84155e+03    1.29426e+02   -3.26391e+00   -4.83593e+00

           Step           Time
         584000     1168.00000

   Energies (kJ/mol)
        LJ (SR)  Disper. corr.   Coulomb (SR)      Potential    Kinetic En.
   -2.08907e+03   -3.86262e+01    0.00000e+00   -2.12770e+03    7.79239e+02
   Total Energy  Conserved En.    Temperature Pres. DC (bar) Pressure (bar)
   -1.34846e+03   -1.84187e+03    1.25212e+02   -3.26391e+00   -6.05569e-01

           Step           Time
         584500     1169.00000

   Energies (kJ/mol)
        LJ (SR)  Disper. corr.   Coulomb (SR)      Potential    Kinetic En.
   -2.08275e+03   -3.86262e+01    0.00000e+00   -2.12138e+03    8.17085e+02
   Total Energy  Conserved En.    Temperature Pres. DC (bar) Pressure (bar)
   -1.30429e+03   -1.84226e+03    1.31293e+02   -3.26391e+00   -5.13151e+00

           Step           Time
         585000     1170.00000

   Energies (kJ/mol)
        LJ (SR)  Disper. corr.   Coulomb (SR)      Potential    Kinetic En.
   -2.03163e+03   -3.86262e+01    0.00000e+00   -2.07025e+03    8.48982e+02
   Total Energy  Conserved En.    Temperature Pres. DC (bar) Pressure (bar)
   -1.22127e+03   -1.84257e+03    1.36418e+02   -3.26391e+00    9.08855e+00

           Step           Time
         585500     1171.00000

   Energies (kJ/mol)
        LJ (SR)  Disper. corr.   Coulomb (SR)      Potential    Kinetic En.
   -2.03878e+03   -3.86262e+01    0.00000e+00   -2.07740e+03    8.15821e+02
   Total Energy  Conserved En.    Temperature Pres. DC (bar) Pressure (bar)
   -1.26158e+03   -1.84298e+03    1.31090e+02   -3.26391e+00   -1.01402e+01

           Step           Time
         586000     1172.00000

   Energies (kJ/mol)
        LJ (SR)  Disper. corr.   Coulomb (SR)      Potential    Kinetic En.
   -2.06266e+03   -3.86262e+01    0.00000e+00   -2.10128e+03    8.23119e+02
   Total Energy  Conserved En.    Temperature Pres. DC (bar) Pressure (bar)
   -1.27816e+03   -1.84340e+03    1.32262e+02   -3.26391e+00   -1.41964e+01

           Step           Time
         586500     1173.00000

   Energies (kJ/mol)
        LJ (SR)  Disper. corr.   Coulomb (SR)      Potential    Kinetic En.
   -2.11443e+03   -3.86262e+01    0.00000e+00   -2.15305e+03    8.57756e+02
   Total Energy  Conserved En.    Temperature Pres. DC (bar) Pressure (bar)
   -1.29530e+03   -1.84379e+03    1.37828e+02   -3.26391e+00   -2.45676e+01

           Step           Time
         587000     1174.00000

   Energies (kJ/mol)
        LJ (SR)  Disper. corr.   Coulomb (SR)      Potential    Kinetic En.
   -2.10092e+03   -3.86262e+01    0.00000e+00   -2.13955e+03    8.19908e+02
   Total Energy  Conserved En.    Temperature Pres. DC (bar) Pressure (bar)
   -1.31964e+03   -1.84417e+03    1.31746e+02   -3.26391e+00    1.74150e+01

           Step           Time
         587500     1175.00000

   Energies (kJ/mol)
        LJ (SR)  Disper. corr.   Coulomb (SR)      Potential    Kinetic En.
   -2.12405e+03   -3.86262e+01    0.00000e+00   -2.16268e+03    7.84642e+02
   Total Energy  Conserved En.    Temperature Pres. DC (bar) Pressure (bar)
   -1.37804e+03   -1.84461e+03    1.26080e+02   -3.26391e+00   -1.28479e+00

           Step           Time
         588000     1176.00000

   Energies (kJ/mol)
        LJ (SR)  Disper. corr.   Coulomb (SR)      Potential    Kinetic En.
   -2.14033e+03   -3.86262e+01    0.00000e+00   -2.17895e+03    8.02520e+02
   Total Energy  Conserved En.    Temperature Pres. DC (bar) Pressure (bar)
   -1.37643e+03   -1.84499e+03    1.28953e+02   -3.26391e+00   -1.05177e+01

           Step           Time
         588500     1177.00000

   Energies (kJ/mol)
        LJ (SR)  Disper. corr.   Coulomb (SR)      Potential    Kinetic En.
   -2.07393e+03   -3.86262e+01    0.00000e+00   -2.11256e+03    8.49227e+02
   Total Energy  Conserved En.    Temperature Pres. DC (bar) Pressure (bar)
   -1.26333e+03   -1.84531e+03    1.36458e+02   -3.26391e+00   -5.82584e+00

           Step           Time
         589000     1178.00000

   Energies (kJ/mol)
        LJ (SR)  Disper. corr.   Coulomb (SR)      Potential    Kinetic En.
   -2.07408e+03   -3.86262e+01    0.00000e+00   -2.11271e+03    8.24061e+02
   Total Energy  Conserved En.    Temperature Pres. DC (bar) Pressure (bar)
   -1.28865e+03   -1.84563e+03    1.32414e+02   -3.26391e+00    8.66736e+00

           Step           Time
         589500     1179.00000

   Energies (kJ/mol)
        LJ (SR)  Disper. corr.   Coulomb (SR)      Potential    Kinetic En.
   -2.08536e+03   -3.86262e+01    0.00000e+00   -2.12399e+03    8.11630e+02
   Total Energy  Conserved En.    Temperature Pres. DC (bar) Pressure (bar)
   -1.31236e+03   -1.84601e+03    1.30416e+02   -3.26391e+00   -1.11700e+00

           Step           Time
         590000     1180.00000

   Energies (kJ/mol)
        LJ (SR)  Disper. corr.   Coulomb (SR)      Potential    Kinetic En.
   -2.08786e+03   -3.86262e+01    0.00000e+00   -2.12648e+03    8.13541e+02
   Total Energy  Conserved En.    Temperature Pres. DC (bar) Pressure (bar)
   -1.31294e+03   -1.84635e+03    1.30723e+02   -3.26391e+00   -1.20811e+01

           Step           Time
         590500     1181.00000

   Energies (kJ/mol)
        LJ (SR)  Disper. corr.   Coulomb (SR)      Potential    Kinetic En.
   -2.10504e+03   -3.86262e+01    0.00000e+00   -2.14367e+03    8.64813e+02
   Total Energy  Conserved En.    Temperature Pres. DC (bar) Pressure (bar)
   -1.27886e+03   -1.84676e+03    1.38962e+02   -3.26391e+00   -1.22651e+01

           Step           Time
         591000     1182.00000

   Energies (kJ/mol)
        LJ (SR)  Disper. corr.   Coulomb (SR)      Potential    Kinetic En.
   -2.06085e+03   -3.86262e+01    0.00000e+00   -2.09947e+03    8.50843e+02
   Total Energy  Conserved En.    Temperature Pres. DC (bar) Pressure (bar)
   -1.24863e+03   -1.84713e+03    1.36717e+02   -3.26391e+00   -5.55330e+00

           Step           Time
         591500     1183.00000

   Energies (kJ/mol)
        LJ (SR)  Disper. corr.   Coulomb (SR)      Potential    Kinetic En.
   -2.02960e+03   -3.86262e+01    0.00000e+00   -2.06822e+03    8.25987e+02
   Total Energy  Conserved En.    Temperature Pres. DC (bar) Pressure (bar)
   -1.24224e+03   -1.84747e+03    1.32723e+02   -3.26391e+00   -1.41014e+01

           Step           Time
         592000     1184.00000

   Energies (kJ/mol)
        LJ (SR)  Disper. corr.   Coulomb (SR)      Potential    Kinetic En.
   -2.07858e+03   -3.86262e+01    0.00000e+00   -2.11721e+03    7.87025e+02
   Total Energy  Conserved En.    Temperature Pres. DC (bar) Pressure (bar)
   -1.33018e+03   -1.84783e+03    1.26463e+02   -3.26391e+00   -2.13507e+01

           Step           Time
         592500     1185.00000

   Energies (kJ/mol)
        LJ (SR)  Disper. corr.   Coulomb (SR)      Potential    Kinetic En.
   -2.08344e+03   -3.86262e+01    0.00000e+00   -2.12206e+03    7.87311e+02
   Total Energy  Conserved En.    Temperature Pres. DC (bar) Pressure (bar)
   -1.33475e+03   -1.84819e+03    1.26509e+02   -3.26391e+00    1.92979e-01

           Step           Time
         593000     1186.00000

   Energies (kJ/mol)
        LJ (SR)  Disper. corr.   Coulomb (SR)      Potential    Kinetic En.
   -2.07842e+03   -3.86262e+01    0.00000e+00   -2.11704e+03    7.87871e+02
   Total Energy  Conserved En.    Temperature Pres. DC (bar) Pressure (bar)
   -1.32917e+03   -1.84858e+03    1.26599e+02   -3.26391e+00    1.70378e+01

           Step           Time
         593500     1187.00000

   Energies (kJ/mol)
        LJ (SR)  Disper. corr.   Coulomb (SR)      Potential    Kinetic En.
   -2.07567e+03   -3.86262e+01    0.00000e+00   -2.11430e+03    7.89015e+02
   Total Energy  Conserved En.    Temperature Pres. DC (bar) Pressure (bar)
   -1.32528e+03   -1.84891e+03    1.26783e+02   -3.26391e+00    1.05694e+01

           Step           Time
         594000     1188.00000

   Energies (kJ/mol)
        LJ (SR)  Disper. corr.   Coulomb (SR)      Potential    Kinetic En.
   -2.10203e+03   -3.86262e+01    0.00000e+00   -2.14066e+03    8.16962e+02
   Total Energy  Conserved En.    Temperature Pres. DC (bar) Pressure (bar)
   -1.32370e+03   -1.84927e+03    1.31273e+02   -3.26391e+00   -5.78935e-01

           Step           Time
         594500     1189.00000

   Energies (kJ/mol)
        LJ (SR)  Disper. corr.   Coulomb (SR)      Potential    Kinetic En.
   -2.13871e+03   -3.86262e+01    0.00000e+00   -2.17733e+03    8.11769e+02
   Total Energy  Conserved En.    Temperature Pres. DC (bar) Pressure (bar)
   -1.36556e+03   -1.84964e+03    1.30439e+02   -3.26391e+00    4.53223e+00

           Step           Time
         595000     1190.00000

   Energies (kJ/mol)
        LJ (SR)  Disper. corr.   Coulomb (SR)      Potential    Kinetic En.
   -2.11007e+03   -3.86262e+01    0.00000e+00   -2.14870e+03    7.92811e+02
   Total Energy  Conserved En.    Temperature Pres. DC (bar) Pressure (bar)
   -1.35589e+03   -1.85002e+03    1.27392e+02   -3.26391e+00   -2.18120e+00

           Step           Time
         595500     1191.00000

   Energies (kJ/mol)
        LJ (SR)  Disper. corr.   Coulomb (SR)      Potential    Kinetic En.
   -2.10097e+03   -3.86262e+01    0.00000e+00   -2.13959e+03    8.55698e+02
   Total Energy  Conserved En.    Temperature Pres. DC (bar) Pressure (bar)
   -1.28389e+03   -1.85039e+03    1.37497e+02   -3.26391e+00    7.84414e+00

           Step           Time
         596000     1192.00000

   Energies (kJ/mol)
        LJ (SR)  Disper. corr.   Coulomb (SR)      Potential    Kinetic En.
   -2.03054e+03   -3.86262e+01    0.00000e+00   -2.06917e+03    7.84026e+02
   Total Energy  Conserved En.    Temperature Pres. DC (bar) Pressure (bar)
   -1.28514e+03   -1.85075e+03    1.25981e+02   -3.26391e+00   -5.00581e+00

           Step           Time
         596500     1193.00000

   Energies (kJ/mol)
        LJ (SR)  Disper. corr.   Coulomb (SR)      Potential    Kinetic En.
   -2.02113e+03   -3.86262e+01    0.00000e+00   -2.05976e+03    7.82083e+02
   Total Energy  Conserved En.    Temperature Pres. DC (bar) Pressure (bar)
   -1.27768e+03   -1.85110e+03    1.25669e+02   -3.26391e+00   -1.74594e+01

           Step           Time
         597000     1194.00000

   Energies (kJ/mol)
        LJ (SR)  Disper. corr.   Coulomb (SR)      Potential    Kinetic En.
   -2.05862e+03   -3.86262e+01    0.00000e+00   -2.09725e+03    8.39150e+02
   Total Energy  Conserved En.    Temperature Pres. DC (bar) Pressure (bar)
   -1.25810e+03   -1.85148e+03    1.34838e+02   -3.26391e+00   -7.91596e+00

           Step           Time
         597500     1195.00000

   Energies (kJ/mol)
        LJ (SR)  Disper. corr.   Coulomb (SR)      Potential    Kinetic En.
   -2.08755e+03   -3.86262e+01    0.00000e+00   -2.12618e+03    8.28495e+02
   Total Energy  Conserved En.    Temperature Pres. DC (bar) Pressure (bar)
   -1.29768e+03   -1.85187e+03    1.33126e+02   -3.26391e+00    1.48977e-01

           Step           Time
         598000     1196.00000

   Energies (kJ/mol)
        LJ (SR)  Disper. corr.   Coulomb (SR)      Potential    Kinetic En.
   -2.12598e+03   -3.86262e+01    0.00000e+00   -2.16461e+03    8.54469e+02
   Total Energy  Conserved En.    Temperature Pres. DC (bar) Pressure (bar)
   -1.31014e+03   -1.85224e+03    1.37300e+02   -3.26391e+00   -3.20076e+00

           Step           Time
         598500     1197.00000

   Energies (kJ/mol)
        LJ (SR)  Disper. corr.   Coulomb (SR)      Potential    Kinetic En.
   -2.11857e+03   -3.86262e+01    0.00000e+00   -2.15719e+03    8.46136e+02
   Total Energy  Conserved En.    Temperature Pres. DC (bar) Pressure (bar)
   -1.31106e+03   -1.85256e+03    1.35961e+02   -3.26391e+00    1.07327e+01

           Step           Time
         599000     1198.00000

   Energies (kJ/mol)
        LJ (SR)  Disper. corr.   Coulomb (SR)      Potential    Kinetic En.
   -2.05949e+03   -3.86262e+01    0.00000e+00   -2.09811e+03    8.48897e+02
   Total Energy  Conserved En.    Temperature Pres. DC (bar) Pressure (bar)
   -1.24922e+03   -1.85291e+03    1.36405e+02   -3.26391e+00   -6.10875e-01

           Step           Time
         599500     1199.00000

   Energies (kJ/mol)
        LJ (SR)  Disper. corr.   Coulomb (SR)      Potential    Kinetic En.
   -2.06182e+03   -3.86262e+01    0.00000e+00   -2.10045e+03    8.33049e+02
   Total Energy  Conserved En.    Temperature Pres. DC (bar) Pressure (bar)
   -1.26740e+03   -1.85331e+03    1.33858e+02   -3.26391e+00   -1.21859e+01

           Step           Time
         600000     1200.00000

   Energies (kJ/mol)
        LJ (SR)  Disper. corr.   Coulomb (SR)      Potential    Kinetic En.
   -2.05082e+03   -3.86262e+01    0.00000e+00   -2.08945e+03    7.95739e+02
   Total Energy  Conserved En.    Temperature Pres. DC (bar) Pressure (bar)
   -1.29371e+03   -1.85371e+03    1.27863e+02   -3.26391e+00    1.23021e+01

           Step           Time
         600500     1201.00000

   Energies (kJ/mol)
        LJ (SR)  Disper. corr.   Coulomb (SR)      Potential    Kinetic En.
   -2.09558e+03   -3.86262e+01    0.00000e+00   -2.13420e+03    8.25000e+02
   Total Energy  Conserved En.    Temperature Pres. DC (bar) Pressure (bar)
   -1.30920e+03   -1.85411e+03    1.32565e+02   -3.26391e+00   -9.53160e-01

           Step           Time
         601000     1202.00000

   Energies (kJ/mol)
        LJ (SR)  Disper. corr.   Coulomb (SR)      Potential    Kinetic En.
   -2.10303e+03   -3.86262e+01    0.00000e+00   -2.14165e+03    8.31639e+02
   Total Energy  Conserved En.    Temperature Pres. DC (bar) Pressure (bar)
   -1.31001e+03   -1.85453e+03    1.33631e+02   -3.26391e+00   -8.25624e+00

           Step           Time
         601500     1203.00000

   Energies (kJ/mol)
        LJ (SR)  Disper. corr.   Coulomb (SR)      Potential    Kinetic En.
   -2.16356e+03   -3.86262e+01    0.00000e+00   -2.20218e+03    7.57838e+02
   Total Energy  Conserved En.    Temperature Pres. DC (bar) Pressure (bar)
   -1.44435e+03   -1.85488e+03    1.21773e+02   -3.26391e+00   -1.13430e+01

           Step           Time
         602000     1204.00000

   Energies (kJ/mol)
        LJ (SR)  Disper. corr.   Coulomb (SR)      Potential    Kinetic En.
   -2.08147e+03   -3.86262e+01    0.00000e+00   -2.12009e+03    7.79917e+02
   Total Energy  Conserved En.    Temperature Pres. DC (bar) Pressure (bar)
   -1.34018e+03   -1.85515e+03    1.25321e+02   -3.26391e+00    2.38603e+01

           Step           Time
         602500     1205.00000

   Energies (kJ/mol)
        LJ (SR)  Disper. corr.   Coulomb (SR)      Potential    Kinetic En.
   -2.08822e+03   -3.86262e+01    0.00000e+00   -2.12685e+03    7.25838e+02
   Total Energy  Conserved En.    Temperature Pres. DC (bar) Pressure (bar)
   -1.40101e+03   -1.85551e+03    1.16631e+02   -3.26391e+00   -2.68204e+01

           Step           Time
         603000     1206.00000

   Energies (kJ/mol)
        LJ (SR)  Disper. corr.   Coulomb (SR)      Potential    Kinetic En.
   -2.07646e+03   -3.86262e+01    0.00000e+00   -2.11508e+03    8.37093e+02
   Total Energy  Conserved En.    Temperature Pres. DC (bar) Pressure (bar)
   -1.27799e+03   -1.85588e+03    1.34508e+02   -3.26391e+00   -8.13019e+00

           Step           Time
         603500     1207.00000

   Energies (kJ/mol)
        LJ (SR)  Disper. corr.   Coulomb (SR)      Potential    Kinetic En.
   -2.10417e+03   -3.86262e+01    0.00000e+00   -2.14280e+03    8.30871e+02
   Total Energy  Conserved En.    Temperature Pres. DC (bar) Pressure (bar)
   -1.31193e+03   -1.85624e+03    1.33508e+02   -3.26391e+00    1.33873e+01

           Step           Time
         604000     1208.00000

   Energies (kJ/mol)
        LJ (SR)  Disper. corr.   Coulomb (SR)      Potential    Kinetic En.
   -2.09206e+03   -3.86262e+01    0.00000e+00   -2.13068e+03    7.89510e+02
   Total Energy  Conserved En.    Temperature Pres. DC (bar) Pressure (bar)
   -1.34117e+03   -1.85658e+03    1.26862e+02   -3.26391e+00   -2.43283e+01

           Step           Time
         604500     1209.00000

   Energies (kJ/mol)
        LJ (SR)  Disper. corr.   Coulomb (SR)      Potential    Kinetic En.
   -2.08288e+03   -3.86262e+01    0.00000e+00   -2.12151e+03    8.96354e+02
   Total Energy  Conserved En.    Temperature Pres. DC (bar) Pressure (bar)
   -1.22515e+03   -1.85700e+03    1.44030e+02   -3.26391e+00    1.11913e+00

           Step           Time
         605000     1210.00000

   Energies (kJ/mol)
        LJ (SR)  Disper. corr.   Coulomb (SR)      Potential    Kinetic En.
   -2.07154e+03   -3.86262e+01    0.00000e+00   -2.11017e+03    7.73648e+02
   Total Energy  Conserved En.    Temperature Pres. DC (bar) Pressure (bar)
   -1.33652e+03   -1.85737e+03    1.24313e+02   -3.26391e+00   -4.86979e+00

           Step           Time
         605500     1211.00000

   Energies (kJ/mol)
        LJ (SR)  Disper. corr.   Coulomb (SR)      Potential    Kinetic En.
   -2.07194e+03   -3.86262e+01    0.00000e+00   -2.11056e+03    7.79258e+02
   Total Energy  Conserved En.    Temperature Pres. DC (bar) Pressure (bar)
   -1.33130e+03   -1.85769e+03    1.25215e+02   -3.26391e+00   -1.11048e+01

           Step           Time
         606000     1212.00000

   Energies (kJ/mol)
        LJ (SR)  Disper. corr.   Coulomb (SR)      Potential    Kinetic En.
   -2.06058e+03   -3.86262e+01    0.00000e+00   -2.09920e+03    8.40053e+02
   Total Energy  Conserved En.    Temperature Pres. DC (bar) Pressure (bar)
   -1.25915e+03   -1.85809e+03    1.34983e+02   -3.26391e+00    2.51689e+01

           Step           Time
         606500     1213.00000

   Energies (kJ/mol)
        LJ (SR)  Disper. corr.   Coulomb (SR)      Potential    Kinetic En.
   -2.08286e+03   -3.86262e+01    0.00000e+00   -2.12148e+03    8.21386e+02
   Total Energy  Conserved En.    Temperature Pres. DC (bar) Pressure (bar)
   -1.30010e+03   -1.85848e+03    1.31984e+02   -3.26391e+00   -6.53586e+00

           Step           Time
         607000     1214.00000

   Energies (kJ/mol)
        LJ (SR)  Disper. corr.   Coulomb (SR)      Potential    Kinetic En.
   -2.02422e+03   -3.86262e+01    0.00000e+00   -2.06284e+03    8.08713e+02
   Total Energy  Conserved En.    Temperature Pres. DC (bar) Pressure (bar)
   -1.25413e+03   -1.85882e+03    1.29948e+02   -3.26391e+00   -3.71589e+00

           Step           Time
         607500     1215.00000

   Energies (kJ/mol)
        LJ (SR)  Disper. corr.   Coulomb (SR)      Potential    Kinetic En.
   -2.03555e+03   -3.86262e+01    0.00000e+00   -2.07417e+03    8.12370e+02
   Total Energy  Conserved En.    Temperature Pres. DC (bar) Pressure (bar)
   -1.26180e+03   -1.85910e+03    1.30535e+02   -3.26391e+00   -2.73050e+01

           Step           Time
         608000     1216.00000

   Energies (kJ/mol)
        LJ (SR)  Disper. corr.   Coulomb (SR)      Potential    Kinetic En.
   -1.98254e+03   -3.86262e+01    0.00000e+00   -2.02116e+03    7.65371e+02
   Total Energy  Conserved En.    Temperature Pres. DC (bar) Pressure (bar)
   -1.25579e+03   -1.85946e+03    1.22983e+02   -3.26391e+00   -9.53714e+00

           Step           Time
         608500     1217.00000

   Energies (kJ/mol)
        LJ (SR)  Disper. corr.   Coulomb (SR)      Potential    Kinetic En.
   -2.01701e+03   -3.86262e+01    0.00000e+00   -2.05564e+03    8.09032e+02
   Total Energy  Conserved En.    Temperature Pres. DC (bar) Pressure (bar)
   -1.24661e+03   -1.85984e+03    1.29999e+02   -3.26391e+00    1.13030e+01

           Step           Time
         609000     1218.00000

   Energies (kJ/mol)
        LJ (SR)  Disper. corr.   Coulomb (SR)      Potential    Kinetic En.
   -2.04287e+03   -3.86262e+01    0.00000e+00   -2.08149e+03    7.68041e+02
   Total Energy  Conserved En.    Temperature Pres. DC (bar) Pressure (bar)
   -1.31345e+03   -1.86013e+03    1.23412e+02   -3.26391e+00   -3.77460e+00

           Step           Time
         609500     1219.00000

   Energies (kJ/mol)
        LJ (SR)  Disper. corr.   Coulomb (SR)      Potential    Kinetic En.
   -2.07023e+03   -3.86262e+01    0.00000e+00   -2.10886e+03    8.44360e+02
   Total Energy  Conserved En.    Temperature Pres. DC (bar) Pressure (bar)
   -1.26450e+03   -1.86054e+03    1.35676e+02   -3.26391e+00    5.73455e+00

           Step           Time
         610000     1220.00000

   Energies (kJ/mol)
        LJ (SR)  Disper. corr.   Coulomb (SR)      Potential    Kinetic En.
   -2.08504e+03   -3.86262e+01    0.00000e+00   -2.12366e+03    8.88164e+02
   Total Energy  Conserved En.    Temperature Pres. DC (bar) Pressure (bar)
   -1.23550e+03   -1.86093e+03    1.42714e+02   -3.26391e+00   -7.30320e+00

           Step           Time
         610500     1221.00000

   Energies (kJ/mol)
        LJ (SR)  Disper. corr.   Coulomb (SR)      Potential    Kinetic En.
   -2.09090e+03   -3.86262e+01    0.00000e+00   -2.12953e+03    8.56047e+02
   Total Energy  Conserved En.    Temperature Pres. DC (bar) Pressure (bar)
   -1.27348e+03   -1.86137e+03    1.37553e+02   -3.26391e+00    1.45211e+01

           Step           Time
         611000     1222.00000

   Energies (kJ/mol)
        LJ (SR)  Disper. corr.   Coulomb (SR)      Potential    Kinetic En.
   -2.09239e+03   -3.86262e+01    0.00000e+00   -2.13102e+03    8.15673e+02
   Total Energy  Conserved En.    Temperature Pres. DC (bar) Pressure (bar)
   -1.31535e+03   -1.86170e+03    1.31066e+02   -3.26391e+00   -7.50274e+00

           Step           Time
         611500     1223.00000

   Energies (kJ/mol)
        LJ (SR)  Disper. corr.   Coulomb (SR)      Potential    Kinetic En.
   -2.07024e+03   -3.86262e+01    0.00000e+00   -2.10886e+03    8.09492e+02
   Total Energy  Conserved En.    Temperature Pres. DC (bar) Pressure (bar)
   -1.29937e+03   -1.86202e+03    1.30073e+02   -3.26391e+00    2.45266e+00

           Step           Time
         612000     1224.00000

   Energies (kJ/mol)
        LJ (SR)  Disper. corr.   Coulomb (SR)      Potential    Kinetic En.
   -2.09290e+03   -3.86262e+01    0.00000e+00   -2.13153e+03    8.03602e+02
   Total Energy  Conserved En.    Temperature Pres. DC (bar) Pressure (bar)
   -1.32793e+03   -1.86242e+03    1.29126e+02   -3.26391e+00   -6.58723e+00

           Step           Time
         612500     1225.00000

   Energies (kJ/mol)
        LJ (SR)  Disper. corr.   Coulomb (SR)      Potential    Kinetic En.
   -2.01868e+03   -3.86262e+01    0.00000e+00   -2.05730e+03    7.86034e+02
   Total Energy  Conserved En.    Temperature Pres. DC (bar) Pressure (bar)
   -1.27127e+03   -1.86274e+03    1.26303e+02   -3.26391e+00    1.70698e+01

           Step           Time
         613000     1226.00000

   Energies (kJ/mol)
        LJ (SR)  Disper. corr.   Coulomb (SR)      Potential    Kinetic En.
   -2.00798e+03   -3.86262e+01    0.00000e+00   -2.04661e+03    8.39952e+02
   Total Energy  Conserved En.    Temperature Pres. DC (bar) Pressure (bar)
   -1.20666e+03   -1.86313e+03    1.34967e+02   -3.26391e+00    3.64362e-01

           Step           Time
         613500     1227.00000

   Energies (kJ/mol)
        LJ (SR)  Disper. corr.   Coulomb (SR)      Potential    Kinetic En.
   -2.03354e+03   -3.86262e+01    0.00000e+00   -2.07217e+03    8.17903e+02
   Total Energy  Conserved En.    Temperature Pres. DC (bar) Pressure (bar)
   -1.25426e+03   -1.86347e+03    1.31424e+02   -3.26391e+00   -2.36568e+01

           Step           Time
         614000     1228.00000

   Energies (kJ/mol)
        LJ (SR)  Disper. corr.   Coulomb (SR)      Potential    Kinetic En.
   -2.03216e+03   -3.86262e+01    0.00000e+00   -2.07078e+03    8.15094e+02
   Total Energy  Conserved En.    Temperature Pres. DC (bar) Pressure (bar)
   -1.25569e+03   -1.86379e+03    1.30973e+02   -3.26391e+00    4.68056e+00

           Step           Time
         614500     1229.00000

   Energies (kJ/mol)
        LJ (SR)  Disper. corr.   Coulomb (SR)      Potential    Kinetic En.
   -2.05881e+03   -3.86262e+01    0.00000e+00   -2.09743e+03    8.04380e+02
   Total Energy  Conserved En.    Temperature Pres. DC (bar) Pressure (bar)
   -1.29305e+03   -1.86418e+03    1.29251e+02   -3.26391e+00    4.70905e+00

           Step           Time
         615000     1230.00000

   Energies (kJ/mol)
        LJ (SR)  Disper. corr.   Coulomb (SR)      Potential    Kinetic En.
   -2.08739e+03   -3.86262e+01    0.00000e+00   -2.12602e+03    8.12279e+02
   Total Energy  Conserved En.    Temperature Pres. DC (bar) Pressure (bar)
   -1.31374e+03   -1.86461e+03    1.30521e+02   -3.26391e+00   -1.20929e+01

           Step           Time
         615500     1231.00000

   Energies (kJ/mol)
        LJ (SR)  Disper. corr.   Coulomb (SR)      Potential    Kinetic En.
   -2.09155e+03   -3.86262e+01    0.00000e+00   -2.13018e+03    8.37665e+02
   Total Energy  Conserved En.    Temperature Pres. DC (bar) Pressure (bar)
   -1.29251e+03   -1.86499e+03    1.34600e+02   -3.26391e+00   -1.13573e+01

           Step           Time
         616000     1232.00000

   Energies (kJ/mol)
        LJ (SR)  Disper. corr.   Coulomb (SR)      Potential    Kinetic En.
   -2.06138e+03   -3.86262e+01    0.00000e+00   -2.10000e+03    7.93713e+02
   Total Energy  Conserved En.    Temperature Pres. DC (bar) Pressure (bar)
   -1.30629e+03   -1.86533e+03    1.27537e+02   -3.26391e+00   -6.99211e+00

           Step           Time
         616500     1233.00000

   Energies (kJ/mol)
        LJ (SR)  Disper. corr.   Coulomb (SR)      Potential    Kinetic En.
   -2.07855e+03   -3.86262e+01    0.00000e+00   -2.11717e+03    8.03119e+02
   Total Energy  Conserved En.    Temperature Pres. DC (bar) Pressure (bar)
   -1.31405e+03   -1.86570e+03    1.29049e+02   -3.26391e+00   -1.47791e+01

           Step           Time
         617000     1234.00000

   Energies (kJ/mol)
        LJ (SR)  Disper. corr.   Coulomb (SR)      Potential    Kinetic En.
   -2.07135e+03   -3.86262e+01    0.00000e+00   -2.10997e+03    8.05449e+02
   Total Energy  Conserved En.    Temperature Pres. DC (bar) Pressure (bar)
   -1.30452e+03   -1.86610e+03    1.29423e+02   -3.26391e+00   -2.68645e+01

           Step           Time
         617500     1235.00000

   Energies (kJ/mol)
        LJ (SR)  Disper. corr.   Coulomb (SR)      Potential    Kinetic En.
   -2.01203e+03   -3.86262e+01    0.00000e+00   -2.05065e+03    8.08985e+02
   Total Energy  Conserved En.    Temperature Pres. DC (bar) Pressure (bar)
   -1.24167e+03   -1.86648e+03    1.29991e+02   -3.26391e+00   -1.45407e+01

           Step           Time
         618000     1236.00000

   Energies (kJ/mol)
        LJ (SR)  Disper. corr.   Coulomb (SR)      Potential    Kinetic En.
   -1.98173e+03   -3.86262e+01    0.00000e+00   -2.02036e+03    7.79668e+02
   Total Energy  Conserved En.    Temperature Pres. DC (bar) Pressure (bar)
   -1.24069e+03   -1.86676e+03    1.25281e+02   -3.26391e+00   -6.86709e+00

           Step           Time
         618500     1237.00000

   Energies (kJ/mol)
        LJ (SR)  Disper. corr.   Coulomb (SR)      Potential    Kinetic En.
   -2.02891e+03   -3.86262e+01    0.00000e+00   -2.06753e+03    8.23342e+02
   Total Energy  Conserved En.    Temperature Pres. DC (bar) Pressure (bar)
   -1.24419e+03   -1.86712e+03    1.32298e+02   -3.26391e+00   -6.64780e+00

           Step           Time
         619000     1238.00000

   Energies (kJ/mol)
        LJ (SR)  Disper. corr.   Coulomb (SR)      Potential    Kinetic En.
   -2.00601e+03   -3.86262e+01    0.00000e+00   -2.04463e+03    8.02559e+02
   Total Energy  Conserved En.    Temperature Pres. DC (bar) Pressure (bar)
   -1.24207e+03   -1.86750e+03    1.28959e+02   -3.26391e+00    2.24459e+00

           Step           Time
         619500     1239.00000

   Energies (kJ/mol)
        LJ (SR)  Disper. corr.   Coulomb (SR)      Potential    Kinetic En.
   -2.00625e+03   -3.86262e+01    0.00000e+00   -2.04488e+03    7.66168e+02
   Total Energy  Conserved En.    Temperature Pres. DC (bar) Pressure (bar)
   -1.27871e+03   -1.86785e+03    1.23111e+02   -3.26391e+00   -1.38106e+01

           Step           Time
         620000     1240.00000

   Energies (kJ/mol)
        LJ (SR)  Disper. corr.   Coulomb (SR)      Potential    Kinetic En.
   -2.03171e+03   -3.86262e+01    0.00000e+00   -2.07033e+03    7.84236e+02
   Total Energy  Conserved En.    Temperature Pres. DC (bar) Pressure (bar)
   -1.28610e+03   -1.86825e+03    1.26015e+02   -3.26391e+00    6.23399e+00

           Step           Time
         620500     1241.00000

   Energies (kJ/mol)
        LJ (SR)  Disper. corr.   Coulomb (SR)      Potential    Kinetic En.
   -2.01627e+03   -3.86262e+01    0.00000e+00   -2.05490e+03    8.13569e+02
   Total Energy  Conserved En.    Temperature Pres. DC (bar) Pressure (bar)
   -1.24133e+03   -1.86857e+03    1.30728e+02   -3.26391e+00   -2.49450e+00

           Step           Time
         621000     1242.00000

   Energies (kJ/mol)
        LJ (SR)  Disper. corr.   Coulomb (SR)      Potential    Kinetic En.
   -2.04106e+03   -3.86262e+01    0.00000e+00   -2.07968e+03    8.33407e+02
   Total Energy  Conserved En.    Temperature Pres. DC (bar) Pressure (bar)
   -1.24628e+03   -1.86905e+03    1.33916e+02   -3.26391e+00   -5.22219e+00

           Step           Time
         621500     1243.00000

   Energies (kJ/mol)
        LJ (SR)  Disper. corr.   Coulomb (SR)      Potential    Kinetic En.
   -2.05089e+03   -3.86262e+01    0.00000e+00   -2.08952e+03    8.15685e+02
   Total Energy  Conserved En.    Temperature Pres. DC (bar) Pressure (bar)
   -1.27383e+03   -1.86948e+03    1.31068e+02   -3.26391e+00    1.46606e+00

           Step           Time
         622000     1244.00000

   Energies (kJ/mol)
        LJ (SR)  Disper. corr.   Coulomb (SR)      Potential    Kinetic En.
   -2.05698e+03   -3.86262e+01    0.00000e+00   -2.09561e+03    7.61238e+02
   Total Energy  Conserved En.    Temperature Pres. DC (bar) Pressure (bar)
   -1.33437e+03   -1.86981e+03    1.22319e+02   -3.26391e+00   -1.49832e+00

           Step           Time
         622500     1245.00000

   Energies (kJ/mol)
        LJ (SR)  Disper. corr.   Coulomb (SR)      Potential    Kinetic En.
   -2.07325e+03   -3.86262e+01    0.00000e+00   -2.11188e+03    8.58170e+02
   Total Energy  Conserved En.    Temperature Pres. DC (bar) Pressure (bar)
   -1.25371e+03   -1.87018e+03    1.37895e+02   -3.26391e+00   -1.53370e+01

           Step           Time
         623000     1246.00000

   Energies (kJ/mol)
        LJ (SR)  Disper. corr.   Coulomb (SR)      Potential    Kinetic En.
   -2.02320e+03   -3.86262e+01    0.00000e+00   -2.06182e+03    8.12893e+02
   Total Energy  Conserved En.    Temperature Pres. DC (bar) Pressure (bar)
   -1.24893e+03   -1.87046e+03    1.30619e+02   -3.26391e+00    8.10444e+00

           Step           Time
         623500     1247.00000

   Energies (kJ/mol)
        LJ (SR)  Disper. corr.   Coulomb (SR)      Potential    Kinetic En.
   -2.05146e+03   -3.86262e+01    0.00000e+00   -2.09008e+03    8.55248e+02
   Total Energy  Conserved En.    Temperature Pres. DC (bar) Pressure (bar)
   -1.23484e+03   -1.87086e+03    1.37425e+02   -3.26391e+00   -6.18706e+00

           Step           Time
         624000     1248.00000

   Energies (kJ/mol)
        LJ (SR)  Disper. corr.   Coulomb (SR)      Potential    Kinetic En.
   -2.02659e+03   -3.86262e+01    0.00000e+00   -2.06521e+03    8.25063e+02
   Total Energy  Conserved En.    Temperature Pres. DC (bar) Pressure (bar)
   -1.24015e+03   -1.87122e+03    1.32575e+02   -3.26391e+00   -5.11740e+00

           Step           Time
         624500     1249.00000

   Energies (kJ/mol)
        LJ (SR)  Disper. corr.   Coulomb (SR)      Potential    Kinetic En.
   -2.01646e+03   -3.86262e+01    0.00000e+00   -2.05508e+03    7.82532e+02
   Total Energy  Conserved En.    Temperature Pres. DC (bar) Pressure (bar)
   -1.27255e+03   -1.87156e+03    1.25741e+02   -3.26391e+00   -1.30483e+01

           Step           Time
         625000     1250.00000

   Energies (kJ/mol)
        LJ (SR)  Disper. corr.   Coulomb (SR)      Potential    Kinetic En.
   -2.05576e+03   -3.86262e+01    0.00000e+00   -2.09439e+03    7.81663e+02
   Total Energy  Conserved En.    Temperature Pres. DC (bar) Pressure (bar)
   -1.31272e+03   -1.87193e+03    1.25601e+02   -3.26391e+00   -9.70003e+00

           Step           Time
         625500     1251.00000

   Energies (kJ/mol)
        LJ (SR)  Disper. corr.   Coulomb (SR)      Potential    Kinetic En.
   -2.04380e+03   -3.86262e+01    0.00000e+00   -2.08242e+03    7.87206e+02
   Total Energy  Conserved En.    Temperature Pres. DC (bar) Pressure (bar)
   -1.29522e+03   -1.87230e+03    1.26492e+02   -3.26391e+00   -1.18121e+01

           Step           Time
         626000     1252.00000

   Energies (kJ/mol)
        LJ (SR)  Disper. corr.   Coulomb (SR)      Potential    Kinetic En.
   -2.04895e+03   -3.86262e+01    0.00000e+00   -2.08758e+03    8.32244e+02
   Total Energy  Conserved En.    Temperature Pres. DC (bar) Pressure (bar)
   -1.25533e+03   -1.87269e+03    1.33729e+02   -3.26391e+00    1.35806e+01

           Step           Time
         626500     1253.00000

   Energies (kJ/mol)
        LJ (SR)  Disper. corr.   Coulomb (SR)      Potential    Kinetic En.
   -2.03293e+03   -3.86262e+01    0.00000e+00   -2.07156e+03    7.62548e+02
   Total Energy  Conserved En.    Temperature Pres. DC (bar) Pressure (bar)
   -1.30901e+03   -1.87301e+03    1.22530e+02   -3.26391e+00   -3.54410e+00

           Step           Time
         627000     1254.00000

   Energies (kJ/mol)
        LJ (SR)  Disper. corr.   Coulomb (SR)      Potential    Kinetic En.
   -2.00151e+03   -3.86262e+01    0.00000e+00   -2.04013e+03    8.37940e+02
   Total Energy  Conserved En.    Temperature Pres. DC (bar) Pressure (bar)
   -1.20219e+03   -1.87336e+03    1.34644e+02   -3.26391e+00   -1.02310e+00

           Step           Time
         627500     1255.00000

   Energies (kJ/mol)
        LJ (SR)  Disper. corr.   Coulomb (SR)      Potential    Kinetic En.
   -1.95183e+03   -3.86262e+01    0.00000e+00   -1.99046e+03    8.02909e+02
   Total Energy  Conserved En.    Temperature Pres. DC (bar) Pressure (bar)
   -1.18755e+03   -1.87371e+03    1.29015e+02   -3.26391e+00   -4.21943e-01

           Step           Time
         628000     1256.00000

   Energies (kJ/mol)
        LJ (SR)  Disper. corr.   Coulomb (SR)      Potential    Kinetic En.
   -1.98716e+03   -3.86262e+01    0.00000e+00   -2.02579e+03    8.39135e+02
   Total Energy  Conserved En.    Temperature Pres. DC (bar) Pressure (bar)
   -1.18665e+03   -1.87412e+03    1.34836e+02   -3.26391e+00   -1.20922e+01

           Step           Time
         628500     1257.00000

   Energies (kJ/mol)
        LJ (SR)  Disper. corr.   Coulomb (SR)      Potential    Kinetic En.
   -2.03469e+03   -3.86262e+01    0.00000e+00   -2.07331e+03    7.93219e+02
   Total Energy  Conserved En.    Temperature Pres. DC (bar) Pressure (bar)
   -1.28009e+03   -1.87446e+03    1.27458e+02   -3.26391e+00   -1.19537e+01

           Step           Time
         629000     1258.00000

   Energies (kJ/mol)
        LJ (SR)  Disper. corr.   Coulomb (SR)      Potential    Kinetic En.
   -2.07508e+03   -3.86262e+01    0.00000e+00   -2.11371e+03    8.68895e+02
   Total Energy  Conserved En.    Temperature Pres. DC (bar) Pressure (bar)
   -1.24481e+03   -1.87490e+03    1.39618e+02   -3.26391e+00   -1.07158e+01

           Step           Time
         629500     1259.00000

   Energies (kJ/mol)
        LJ (SR)  Disper. corr.   Coulomb (SR)      Potential    Kinetic En.
   -2.01764e+03   -3.86262e+01    0.00000e+00   -2.05627e+03    7.59676e+02
   Total Energy  Conserved En.    Temperature Pres. DC (bar) Pressure (bar)
   -1.29659e+03   -1.87527e+03    1.22068e+02   -3.26391e+00   -1.10623e+01

           Step           Time
         630000     1260.00000

   Energies (kJ/mol)
        LJ (SR)  Disper. corr.   Coulomb (SR)      Potential    Kinetic En.
   -2.00171e+03   -3.86262e+01    0.00000e+00   -2.04033e+03    7.96450e+02
   Total Energy  Conserved En.    Temperature Pres. DC (bar) Pressure (bar)
   -1.24388e+03   -1.87555e+03    1.27977e+02   -3.26391e+00    7.66129e+00

           Step           Time
         630500     1261.00000

   Energies (kJ/mol)
        LJ (SR)  Disper. corr.   Coulomb (SR)      Potential    Kinetic En.
   -2.03884e+03   -3.86262e+01    0.00000e+00   -2.07746e+03    7.99464e+02
   Total Energy  Conserved En.    Temperature Pres. DC (bar) Pressure (bar)
   -1.27800e+03   -1.87592e+03    1.28462e+02   -3.26391e+00    6.51551e+00

           Step           Time
         631000     1262.00000

   Energies (kJ/mol)
        LJ (SR)  Disper. corr.   Coulomb (SR)      Potential    Kinetic En.
   -2.01567e+03   -3.86262e+01    0.00000e+00   -2.05430e+03    8.15074e+02
   Total Energy  Conserved En.    Temperature Pres. DC (bar) Pressure (bar)
   -1.23922e+03   -1.87622e+03    1.30970e+02   -3.26391e+00    8.89502e+00

           Step           Time
         631500     1263.00000

   Energies (kJ/mol)
        LJ (SR)  Disper. corr.   Coulomb (SR)      Potential    Kinetic En.
   -1.98004e+03   -3.86262e+01    0.00000e+00   -2.01867e+03    7.90504e+02
   Total Energy  Conserved En.    Temperature Pres. DC (bar) Pressure (bar)
   -1.22816e+03   -1.87652e+03    1.27022e+02   -3.26391e+00   -5.52242e+00

           Step           Time
         632000     1264.00000

   Energies (kJ/mol)
        LJ (SR)  Disper. corr.   Coulomb (SR)      Potential    Kinetic En.
   -1.99016e+03   -3.86262e+01    0.00000e+00   -2.02879e+03    8.49167e+02
   Total Energy  Conserved En.    Temperature Pres. DC (bar) Pressure (bar)
   -1.17962e+03   -1.87690e+03    1.36448e+02   -3.26391e+00   -1.67908e+01

           Step           Time
         632500     1265.00000

   Energies (kJ/mol)
        LJ (SR)  Disper. corr.   Coulomb (SR)      Potential    Kinetic En.
   -1.99695e+03   -3.86262e+01    0.00000e+00   -2.03558e+03    8.57613e+02
   Total Energy  Conserved En.    Temperature Pres. DC (bar) Pressure (bar)
   -1.17796e+03   -1.87729e+03    1.37805e+02   -3.26391e+00    1.18098e+01

           Step           Time
         633000     1266.00000

   Energies (kJ/mol)
        LJ (SR)  Disper. corr.   Coulomb (SR)      Potential    Kinetic En.
   -1.95900e+03   -3.86262e+01    0.00000e+00   -1.99763e+03    8.19397e+02
   Total Energy  Conserved En.    Temperature Pres. DC (bar) Pressure (bar)
   -1.17823e+03   -1.87764e+03    1.31664e+02   -3.26391e+00   -1.20336e+00

           Step           Time
         633500     1267.00000

   Energies (kJ/mol)
        LJ (SR)  Disper. corr.   Coulomb (SR)      Potential    Kinetic En.
   -1.90819e+03   -3.86262e+01    0.00000e+00   -1.94682e+03    8.34198e+02
   Total Energy  Conserved En.    Temperature Pres. DC (bar) Pressure (bar)
   -1.11262e+03   -1.87795e+03    1.34043e+02   -3.26391e+00    1.25521e+01

           Step           Time
         634000     1268.00000

   Energies (kJ/mol)
        LJ (SR)  Disper. corr.   Coulomb (SR)      Potential    Kinetic En.
   -1.95634e+03   -3.86262e+01    0.00000e+00   -1.99497e+03    8.12288e+02
   Total Energy  Conserved En.    Temperature Pres. DC (bar) Pressure (bar)
   -1.18268e+03   -1.87838e+03    1.30522e+02   -3.26391e+00   -1.16049e+01

           Step           Time
         634500     1269.00000

   Energies (kJ/mol)
        LJ (SR)  Disper. corr.   Coulomb (SR)      Potential    Kinetic En.
   -2.01802e+03   -3.86262e+01    0.00000e+00   -2.05665e+03    8.89823e+02
   Total Energy  Conserved En.    Temperature Pres. DC (bar) Pressure (bar)
   -1.16683e+03   -1.87868e+03    1.42981e+02   -3.26391e+00    1.99411e+00

           Step           Time
         635000     1270.00000

   Energies (kJ/mol)
        LJ (SR)  Disper. corr.   Coulomb (SR)      Potential    Kinetic En.
   -2.00808e+03   -3.86262e+01    0.00000e+00   -2.04671e+03    8.26713e+02
   Total Energy  Conserved En.    Temperature Pres. DC (bar) Pressure (bar)
   -1.22000e+03   -1.87904e+03    1.32840e+02   -3.26391e+00   -1.24839e+01

           Step           Time
         635500     1271.00000

   Energies (kJ/mol)
        LJ (SR)  Disper. corr.   Coulomb (SR)      Potential    Kinetic En.
   -2.00492e+03   -3.86262e+01    0.00000e+00   -2.04355e+03    7.78026e+02
   Total Energy  Conserved En.    Temperature Pres. DC (bar) Pressure (bar)
   -1.26553e+03   -1.87943e+03    1.25017e+02   -3.26391e+00    2.67056e+00

           Step           Time
         636000     1272.00000

   Energies (kJ/mol)
        LJ (SR)  Disper. corr.   Coulomb (SR)      Potential    Kinetic En.
   -1.98250e+03   -3.86262e+01    0.00000e+00   -2.02113e+03    8.10527e+02
   Total Energy  Conserved En.    Temperature Pres. DC (bar) Pressure (bar)
   -1.21060e+03   -1.87980e+03    1.30239e+02   -3.26391e+00    7.44834e+00

           Step           Time
         636500     1273.00000

   Energies (kJ/mol)
        LJ (SR)  Disper. corr.   Coulomb (SR)      Potential    Kinetic En.
   -1.97273e+03   -3.86262e+01    0.00000e+00   -2.01136e+03    7.81405e+02
   Total Energy  Conserved En.    Temperature Pres. DC (bar) Pressure (bar)
   -1.22995e+03   -1.88013e+03    1.25560e+02   -3.26391e+00    6.10411e+00

           Step           Time
         637000     1274.00000

   Energies (kJ/mol)
        LJ (SR)  Disper. corr.   Coulomb (SR)      Potential    Kinetic En.
   -1.98114e+03   -3.86262e+01    0.00000e+00   -2.01977e+03    8.15928e+02
   Total Energy  Conserved En.    Temperature Pres. DC (bar) Pressure (bar)
   -1.20384e+03   -1.88054e+03    1.31107e+02   -3.26391e+00    3.44902e-01

           Step           Time
         637500     1275.00000

   Energies (kJ/mol)
        LJ (SR)  Disper. corr.   Coulomb (SR)      Potential    Kinetic En.
   -1.98774e+03   -3.86262e+01    0.00000e+00   -2.02637e+03    8.12973e+02
   Total Energy  Conserved En.    Temperature Pres. DC (bar) Pressure (bar)
   -1.21339e+03   -1.88086e+03    1.30632e+02   -3.26391e+00   -1.00737e+01

           Step           Time
         638000     1276.00000

   Energies (kJ/mol)
        LJ (SR)  Disper. corr.   Coulomb (SR)      Potential    Kinetic En.
   -1.98911e+03   -3.86262e+01    0.00000e+00   -2.02774e+03    8.29814e+02
   Total Energy  Conserved En.    Temperature Pres. DC (bar) Pressure (bar)
   -1.19792e+03   -1.88127e+03    1.33338e+02   -3.26391e+00   -1.28031e+01

           Step           Time
         638500     1277.00000

   Energies (kJ/mol)
        LJ (SR)  Disper. corr.   Coulomb (SR)      Potential    Kinetic En.
   -2.00399e+03   -3.86262e+01    0.00000e+00   -2.04262e+03    7.68367e+02
   Total Energy  Conserved En.    Temperature Pres. DC (bar) Pressure (bar)
   -1.27425e+03   -1.88168e+03    1.23465e+02   -3.26391e+00   -2.11354e+01

           Step           Time
         639000     1278.00000

   Energies (kJ/mol)
        LJ (SR)  Disper. corr.   Coulomb (SR)      Potential    Kinetic En.
   -2.00208e+03   -3.86262e+01    0.00000e+00   -2.04071e+03    7.79820e+02
   Total Energy  Conserved En.    Temperature Pres. DC (bar) Pressure (bar)
   -1.26089e+03   -1.88203e+03    1.25305e+02   -3.26391e+00   -2.00552e+01

           Step           Time
         639500     1279.00000

   Energies (kJ/mol)
        LJ (SR)  Disper. corr.   Coulomb (SR)      Potential    Kinetic En.
   -1.96305e+03   -3.86262e+01    0.00000e+00   -2.00168e+03    7.68863e+02
   Total Energy  Conserved En.    Temperature Pres. DC (bar) Pressure (bar)
   -1.23282e+03   -1.88229e+03    1.23544e+02   -3.26391e+00   -9.00771e+00

           Step           Time
         640000     1280.00000

   Energies (kJ/mol)
        LJ (SR)  Disper. corr.   Coulomb (SR)      Potential    Kinetic En.
   -1.95899e+03   -3.86262e+01    0.00000e+00   -1.99761e+03    8.12870e+02
   Total Energy  Conserved En.    Temperature Pres. DC (bar) Pressure (bar)
   -1.18474e+03   -1.88264e+03    1.30616e+02   -3.26391e+00    1.57162e+01

           Step           Time
         640500     1281.00000

   Energies (kJ/mol)
        LJ (SR)  Disper. corr.   Coulomb (SR)      Potential    Kinetic En.
   -1.99719e+03   -3.86262e+01    0.00000e+00   -2.03582e+03    8.15408e+02
   Total Energy  Conserved En.    Temperature Pres. DC (bar) Pressure (bar)
   -1.22041e+03   -1.88300e+03    1.31023e+02   -3.26391e+00   -8.50958e+00

           Step           Time
         641000     1282.00000

   Energies (kJ/mol)
        LJ (SR)  Disper. corr.   Coulomb (SR)      Potential    Kinetic En.
   -2.02362e+03   -3.86262e+01    0.00000e+00   -2.06225e+03    8.43736e+02
   Total Energy  Conserved En.    Temperature Pres. DC (bar) Pressure (bar)
   -1.21851e+03   -1.88339e+03    1.35575e+02   -3.26391e+00    1.77753e+01

           Step           Time
         641500     1283.00000

   Energies (kJ/mol)
        LJ (SR)  Disper. corr.   Coulomb (SR)      Potential    Kinetic En.
   -1.96978e+03   -3.86262e+01    0.00000e+00   -2.00841e+03    7.41674e+02
   Total Energy  Conserved En.    Temperature Pres. DC (bar) Pressure (bar)
   -1.26673e+03   -1.88370e+03    1.19175e+02   -3.26391e+00   -6.74328e+00

           Step           Time
         642000     1284.00000

   Energies (kJ/mol)
        LJ (SR)  Disper. corr.   Coulomb (SR)      Potential    Kinetic En.
   -1.95085e+03   -3.86262e+01    0.00000e+00   -1.98948e+03    8.38153e+02
   Total Energy  Conserved En.    Temperature Pres. DC (bar) Pressure (bar)
   -1.15133e+03   -1.88410e+03    1.34678e+02   -3.26391e+00   -7.58849e+00

           Step           Time
         642500     1285.00000

   Energies (kJ/mol)
        LJ (SR)  Disper. corr.   Coulomb (SR)      Potential    Kinetic En.
   -1.99146e+03   -3.86262e+01    0.00000e+00   -2.03009e+03    8.11709e+02
   Total Energy  Conserved En.    Temperature Pres. DC (bar) Pressure (bar)
   -1.21838e+03   -1.88448e+03    1.30429e+02   -3.26391e+00    2.91777e-01

           Step           Time
         643000     1286.00000

   Energies (kJ/mol)
        LJ (SR)  Disper. corr.   Coulomb (SR)      Potential    Kinetic En.
   -1.95308e+03   -3.86262e+01    0.00000e+00   -1.99170e+03    7.96389e+02
   Total Energy  Conserved En.    Temperature Pres. DC (bar) Pressure (bar)
   -1.19531e+03   -1.88483e+03    1.27967e+02   -3.26391e+00   -6.19882e+00

           Step           Time
         643500     1287.00000

   Energies (kJ/mol)
        LJ (SR)  Disper. corr.   Coulomb (SR)      Potential    Kinetic En.
   -1.98379e+03   -3.86262e+01    0.00000e+00   -2.02241e+03    8.40934e+02
   Total Energy  Conserved En.    Temperature Pres. DC (bar) Pressure (bar)
   -1.18148e+03   -1.88518e+03    1.35125e+02   -3.26391e+00   -2.51091e+01

           Step           Time
         644000     1288.00000

   Energies (kJ/mol)
        LJ (SR)  Disper. corr.   Coulomb (SR)      Potential    Kinetic En.
   -1.95545e+03   -3.86262e+01    0.00000e+00   -1.99408e+03    7.61847e+02
   Total Energy  Conserved En.    Temperature Pres. DC (bar) Pressure (bar)
   -1.23223e+03   -1.88551e+03    1.22417e+02   -3.26391e+00    1.39412e+01

           Step           Time
         644500     1289.00000

   Energies (kJ/mol)
        LJ (SR)  Disper. corr.   Coulomb (SR)      Potential    Kinetic En.
   -1.93722e+03   -3.86262e+01    0.00000e+00   -1.97584e+03    7.74360e+02
   Total Energy  Conserved En.    Temperature Pres. DC (bar) Pressure (bar)
   -1.20148e+03   -1.88581e+03    1.24428e+02   -3.26391e+00    1.03183e+00

           Step           Time
         645000     1290.00000

   Energies (kJ/mol)
        LJ (SR)  Disper. corr.   Coulomb (SR)      Potential    Kinetic En.
   -1.89670e+03   -3.86262e+01    0.00000e+00   -1.93533e+03    8.70529e+02
   Total Energy  Conserved En.    Temperature Pres. DC (bar) Pressure (bar)
   -1.06480e+03   -1.88615e+03    1.39881e+02   -3.26391e+00    1.64315e+01

           Step           Time
         645500     1291.00000

   Energies (kJ/mol)
        LJ (SR)  Disper. corr.   Coulomb (SR)      Potential    Kinetic En.
   -1.90101e+03   -3.86262e+01    0.00000e+00   -1.93964e+03    7.75799e+02
   Total Energy  Conserved En.    Temperature Pres. DC (bar) Pressure (bar)
   -1.16384e+03   -1.88649e+03    1.24659e+02   -3.26391e+00   -1.14586e+01

           Step           Time
         646000     1292.00000

   Energies (kJ/mol)
        LJ (SR)  Disper. corr.   Coulomb (SR)      Potential    Kinetic En.
   -1.92347e+03   -3.86262e+01    0.00000e+00   -1.96210e+03    8.49482e+02
   Total Energy  Conserved En.    Temperature Pres. DC (bar) Pressure (bar)
   -1.11261e+03   -1.88689e+03    1.36499e+02   -3.26391e+00   -4.17981e+00

           Step           Time
         646500     1293.00000

   Energies (kJ/mol)
        LJ (SR)  Disper. corr.   Coulomb (SR)      Potential    Kinetic En.
   -1.93948e+03   -3.86262e+01    0.00000e+00   -1.97810e+03    8.02959e+02
   Total Energy  Conserved En.    Temperature Pres. DC (bar) Pressure (bar)
   -1.17514e+03   -1.88729e+03    1.29023e+02   -3.26391e+00   -7.32586e+00

           Step           Time
         647000     1294.00000

   Energies (kJ/mol)
        LJ (SR)  Disper. corr.   Coulomb (SR)      Potential    Kinetic En.
   -1.91264e+03   -3.86262e+01    0.00000e+00   -1.95127e+03    8.68184e+02
   Total Energy  Conserved En.    Temperature Pres. DC (bar) Pressure (bar)
   -1.08308e+03   -1.88758e+03    1.39504e+02   -3.26391e+00    2.14835e-01

           Step           Time
         647500     1295.00000

   Energies (kJ/mol)
        LJ (SR)  Disper. corr.   Coulomb (SR)      Potential    Kinetic En.
   -1.94582e+03   -3.86262e+01    0.00000e+00   -1.98444e+03    7.92119e+02
   Total Energy  Conserved En.    Temperature Pres. DC (bar) Pressure (bar)
   -1.19232e+03   -1.88796e+03    1.27281e+02   -3.26391e+00   -9.26534e+00

           Step           Time
         648000     1296.00000

   Energies (kJ/mol)
        LJ (SR)  Disper. corr.   Coulomb (SR)      Potential    Kinetic En.
   -1.91158e+03   -3.86262e+01    0.00000e+00   -1.95021e+03    7.81430e+02
   Total Energy  Conserved En.    Temperature Pres. DC (bar) Pressure (bar)
   -1.16878e+03   -1.88827e+03    1.25564e+02   -3.26391e+00   -2.21311e+01

           Step           Time
         648500     1297.00000

   Energies (kJ/mol)
        LJ (SR)  Disper. corr.   Coulomb (SR)      Potential    Kinetic En.
   -1.88306e+03   -3.86262e+01    0.00000e+00   -1.92168e+03    8.09189e+02
   Total Energy  Conserved En.    Temperature Pres. DC (bar) Pressure (bar)
   -1.11249e+03   -1.88858e+03    1.30024e+02   -3.26391e+00   -8.29999e-01

           Step           Time
         649000     1298.00000

   Energies (kJ/mol)
        LJ (SR)  Disper. corr.   Coulomb (SR)      Potential    Kinetic En.
   -1.91777e+03   -3.86262e+01    0.00000e+00   -1.95640e+03    7.87836e+02
   Total Energy  Conserved En.    Temperature Pres. DC (bar) Pressure (bar)
   -1.16856e+03   -1.88903e+03    1.26593e+02   -3.26391e+00   -4.68801e+00

           Step           Time
         649500     1299.00000

   Energies (kJ/mol)
        LJ (SR)  Disper. corr.   Coulomb (SR)      Potential    Kinetic En.
   -1.92252e+03   -3.86262e+01    0.00000e+00   -1.96115e+03    8.11302e+02
   Total Energy  Conserved En.    Temperature Pres. DC (bar) Pressure (bar)
   -1.14985e+03   -1.88938e+03    1.30364e+02   -3.26391e+00    4.36846e+00

           Step           Time
         650000     1300.00000

   Energies (kJ/mol)
        LJ (SR)  Disper. corr.   Coulomb (SR)      Potential    Kinetic En.
   -1.91091e+03   -3.86262e+01    0.00000e+00   -1.94954e+03    8.19966e+02
   Total Energy  Conserved En.    Temperature Pres. DC (bar) Pressure (bar)
   -1.12957e+03   -1.88976e+03    1.31756e+02   -3.26391e+00   -1.99716e+01

           Step           Time
         650500     1301.00000

   Energies (kJ/mol)
        LJ (SR)  Disper. corr.   Coulomb (SR)      Potential    Kinetic En.
   -1.89264e+03   -3.86262e+01    0.00000e+00   -1.93126e+03    8.08465e+02
   Total Energy  Conserved En.    Temperature Pres. DC (bar) Pressure (bar)
   -1.12280e+03   -1.89007e+03    1.29908e+02   -3.26391e+00    7.11655e+00

           Step           Time
         651000     1302.00000

   Energies (kJ/mol)
        LJ (SR)  Disper. corr.   Coulomb (SR)      Potential    Kinetic En.
   -1.92329e+03   -3.86262e+01    0.00000e+00   -1.96191e+03    8.17450e+02
   Total Energy  Conserved En.    Temperature Pres. DC (bar) Pressure (bar)
   -1.14446e+03   -1.89048e+03    1.31352e+02   -3.26391e+00   -4.01044e+00

           Step           Time
         651500     1303.00000

   Energies (kJ/mol)
        LJ (SR)  Disper. corr.   Coulomb (SR)      Potential    Kinetic En.
   -1.89029e+03   -3.86262e+01    0.00000e+00   -1.92891e+03    8.49856e+02
   Total Energy  Conserved En.    Temperature Pres. DC (bar) Pressure (bar)
   -1.07906e+03   -1.89081e+03    1.36559e+02   -3.26391e+00   -4.57242e-01

           Step           Time
         652000     1304.00000

   Energies (kJ/mol)
        LJ (SR)  Disper. corr.   Coulomb (SR)      Potential    Kinetic En.
   -1.87926e+03   -3.86262e+01    0.00000e+00   -1.91789e+03    7.70564e+02
   Total Energy  Conserved En.    Temperature Pres. DC (bar) Pressure (bar)
   -1.14733e+03   -1.89117e+03    1.23818e+02   -3.26391e+00   -1.50276e+00

           Step           Time
         652500     1305.00000

   Energies (kJ/mol)
        LJ (SR)  Disper. corr.   Coulomb (SR)      Potential    Kinetic En.
   -1.86289e+03   -3.86262e+01    0.00000e+00   -1.90152e+03    8.11977e+02
   Total Energy  Conserved En.    Temperature Pres. DC (bar) Pressure (bar)
   -1.08954e+03   -1.89155e+03    1.30472e+02   -3.26391e+00    3.29577e+00

           Step           Time
         653000     1306.00000

   Energies (kJ/mol)
        LJ (SR)  Disper. corr.   Coulomb (SR)      Potential    Kinetic En.
   -1.88053e+03   -3.86262e+01    0.00000e+00   -1.91916e+03    7.64941e+02
   Total Energy  Conserved En.    Temperature Pres. DC (bar) Pressure (bar)
   -1.15422e+03   -1.89193e+03    1.22914e+02   -3.26391e+00   -1.62592e+01

           Step           Time
         653500     1307.00000

   Energies (kJ/mol)
        LJ (SR)  Disper. corr.   Coulomb (SR)      Potential    Kinetic En.
   -1.93934e+03   -3.86262e+01    0.00000e+00   -1.97796e+03    7.89353e+02
   Total Energy  Conserved En.    Temperature Pres. DC (bar) Pressure (bar)
   -1.18861e+03   -1.89227e+03    1.26837e+02   -3.26391e+00   -1.15139e+01

           Step           Time
         654000     1308.00000

   Energies (kJ/mol)
        LJ (SR)  Disper. corr.   Coulomb (SR)      Potential    Kinetic En.
   -1.93965e+03   -3.86262e+01    0.00000e+00   -1.97828e+03    8.23560e+02
   Total Energy  Conserved En.    Temperature Pres. DC (bar) Pressure (bar)
   -1.15472e+03   -1.89258e+03    1.32333e+02   -3.26391e+00    1.61867e+01

           Step           Time
         654500     1309.00000

   Energies (kJ/mol)
        LJ (SR)  Disper. corr.   Coulomb (SR)      Potential    Kinetic En.
   -2.02541e+03   -3.86262e+01    0.00000e+00   -2.06403e+03    7.92293e+02
   Total Energy  Conserved En.    Temperature Pres. DC (bar) Pressure (bar)
   -1.27174e+03   -1.89297e+03    1.27309e+02   -3.26391e+00   -8.58293e+00

           Step           Time
         655000     1310.00000

   Energies (kJ/mol)
        LJ (SR)  Disper. corr.   Coulomb (SR)      Potential    Kinetic En.
   -2.04326e+03   -3.86262e+01    0.00000e+00   -2.08189e+03    7.46597e+02
   Total Energy  Conserved En.    Temperature Pres. DC (bar) Pressure (bar)
   -1.33529e+03   -1.89335e+03    1.19967e+02   -3.26391e+00   -2.36497e-01

           Step           Time
         655500     1311.00000

   Energies (kJ/mol)
        LJ (SR)  Disper. corr.   Coulomb (SR)      Potential    Kinetic En.
   -2.01673e+03   -3.86262e+01    0.00000e+00   -2.05536e+03    9.16391e+02
   Total Energy  Conserved En.    Temperature Pres. DC (bar) Pressure (bar)
   -1.13897e+03   -1.89373e+03    1.47250e+02   -3.26391e+00   -3.35433e+00

           Step           Time
         656000     1312.00000

   Energies (kJ/mol)
        LJ (SR)  Disper. corr.   Coulomb (SR)      Potential    Kinetic En.
   -1.96547e+03   -3.86262e+01    0.00000e+00   -2.00410e+03    8.06128e+02
   Total Energy  Conserved En.    Temperature Pres. DC (bar) Pressure (bar)
   -1.19797e+03   -1.89410e+03    1.29532e+02   -3.26391e+00    6.97707e+00

           Step           Time
         656500     1313.00000

   Energies (kJ/mol)
        LJ (SR)  Disper. corr.   Coulomb (SR)      Potential    Kinetic En.
   -1.99109e+03   -3.86262e+01    0.00000e+00   -2.02972e+03    8.56789e+02
   Total Energy  Conserved En.    Temperature Pres. DC (bar) Pressure (bar)
   -1.17293e+03   -1.89448e+03    1.37673e+02   -3.26391e+00    3.27703e+00

           Step           Time
         657000     1314.00000

   Energies (kJ/mol)
        LJ (SR)  Disper. corr.   Coulomb (SR)      Potential    Kinetic En.
   -1.95522e+03   -3.86262e+01    0.00000e+00   -1.99385e+03    8.08062e+02
   Total Energy  Conserved En.    Temperature Pres. DC (bar) Pressure (bar)
   -1.18578e+03   -1.89479e+03    1.29843e+02   -3.26391e+00   -6.56822e+00

           Step           Time
         657500     1315.00000

   Energies (kJ/mol)
        LJ (SR)  Disper. corr.   Coulomb (SR)      Potential    Kinetic En.
   -1.95613e+03   -3.86262e+01    0.00000e+00   -1.99475e+03    8.05091e+02
   Total Energy  Conserved En.    Temperature Pres. DC (bar) Pressure (bar)
   -1.18966e+03   -1.89508e+03    1.29366e+02   -3.26391e+00   -1.35229e+01

           Step           Time
         658000     1316.00000

   Energies (kJ/mol)
        LJ (SR)  Disper. corr.   Coulomb (SR)      Potential    Kinetic En.
   -1.93839e+03   -3.86262e+01    0.00000e+00   -1.97702e+03    7.60039e+02
   Total Energy  Conserved En.    Temperature Pres. DC (bar) Pressure (bar)
   -1.21698e+03   -1.89546e+03    1.22126e+02   -3.26391e+00    5.71733e+00

           Step           Time
         658500     1317.00000

   Energies (kJ/mol)
        LJ (SR)  Disper. corr.   Coulomb (SR)      Potential    Kinetic En.
   -1.92318e+03   -3.86262e+01    0.00000e+00   -1.96181e+03    7.77029e+02
   Total Energy  Conserved En.    Temperature Pres. DC (bar) Pressure (bar)
   -1.18478e+03   -1.89571e+03    1.24857e+02   -3.26391e+00   -9.41562e+00

           Step           Time
         659000     1318.00000

   Energies (kJ/mol)
        LJ (SR)  Disper. corr.   Coulomb (SR)      Potential    Kinetic En.
   -1.99376e+03   -3.86262e+01    0.00000e+00   -2.03238e+03    8.10001e+02
   Total Energy  Conserved En.    Temperature Pres. DC (bar) Pressure (bar)
   -1.22238e+03   -1.89610e+03    1.30155e+02   -3.26391e+00   -1.27848e+01

           Step           Time
         659500     1319.00000

   Energies (kJ/mol)
        LJ (SR)  Disper. corr.   Coulomb (SR)      Potential    Kinetic En.
   -1.95708e+03   -3.86262e+01    0.00000e+00   -1.99570e+03    7.74201e+02
   Total Energy  Conserved En.    Temperature Pres. DC (bar) Pressure (bar)
   -1.22150e+03   -1.89641e+03    1.24402e+02   -3.26391e+00   -9.49932e+00

           Step           Time
         660000     1320.00000

   Energies (kJ/mol)
        LJ (SR)  Disper. corr.   Coulomb (SR)      Potential    Kinetic En.
   -1.91887e+03   -3.86262e+01    0.00000e+00   -1.95749e+03    7.88684e+02
   Total Energy  Conserved En.    Temperature Pres. DC (bar) Pressure (bar)
   -1.16881e+03   -1.89682e+03    1.26729e+02   -3.26391e+00   -4.06801e+00

           Step           Time
         660500     1321.00000

   Energies (kJ/mol)
        LJ (SR)  Disper. corr.   Coulomb (SR)      Potential    Kinetic En.
   -1.91995e+03   -3.86262e+01    0.00000e+00   -1.95858e+03    8.53470e+02
   Total Energy  Conserved En.    Temperature Pres. DC (bar) Pressure (bar)
   -1.10511e+03   -1.89713e+03    1.37139e+02   -3.26391e+00   -6.05330e+00

           Step           Time
         661000     1322.00000

   Energies (kJ/mol)
        LJ (SR)  Disper. corr.   Coulomb (SR)      Potential    Kinetic En.
   -1.88291e+03   -3.86262e+01    0.00000e+00   -1.92154e+03    8.11443e+02
   Total Energy  Conserved En.    Temperature Pres. DC (bar) Pressure (bar)
   -1.11010e+03   -1.89749e+03    1.30386e+02   -3.26391e+00    6.68129e+00

           Step           Time
         661500     1323.00000

   Energies (kJ/mol)
        LJ (SR)  Disper. corr.   Coulomb (SR)      Potential    Kinetic En.
   -1.88426e+03   -3.86262e+01    0.00000e+00   -1.92289e+03    8.07775e+02
   Total Energy  Conserved En.    Temperature Pres. DC (bar) Pressure (bar)
   -1.11511e+03   -1.89777e+03    1.29797e+02   -3.26391e+00    7.19084e-01

           Step           Time
         662000     1324.00000

   Energies (kJ/mol)
        LJ (SR)  Disper. corr.   Coulomb (SR)      Potential    Kinetic En.
   -1.87894e+03   -3.86262e+01    0.00000e+00   -1.91757e+03    7.64766e+02
   Total Energy  Conserved En.    Temperature Pres. DC (bar) Pressure (bar)
   -1.15280e+03   -1.89811e+03    1.22886e+02   -3.26391e+00   -1.16319e+01

           Step           Time
         662500     1325.00000

   Energies (kJ/mol)
        LJ (SR)  Disper. corr.   Coulomb (SR)      Potential    Kinetic En.
   -1.89637e+03   -3.86262e+01    0.00000e+00   -1.93499e+03    9.01822e+02
   Total Energy  Conserved En.    Temperature Pres. DC (bar) Pressure (bar)
   -1.03317e+03   -1.89845e+03    1.44909e+02   -3.26391e+00   -1.25464e+01

           Step           Time
         663000     1326.00000

   Energies (kJ/mol)
        LJ (SR)  Disper. corr.   Coulomb (SR)      Potential    Kinetic En.
   -1.87263e+03   -3.86262e+01    0.00000e+00   -1.91126e+03    7.95433e+02
   Total Energy  Conserved En.    Temperature Pres. DC (bar) Pressure (bar)
   -1.11582e+03   -1.89886e+03    1.27814e+02   -3.26391e+00   -1.35468e-01

           Step           Time
         663500     1327.00000

   Energies (kJ/mol)
        LJ (SR)  Disper. corr.   Coulomb (SR)      Potential    Kinetic En.
   -1.91650e+03   -3.86262e+01    0.00000e+00   -1.95513e+03    8.48160e+02
   Total Energy  Conserved En.    Temperature Pres. DC (bar) Pressure (bar)
   -1.10697e+03   -1.89927e+03    1.36286e+02   -3.26391e+00    1.60789e+01

           Step           Time
         664000     1328.00000

   Energies (kJ/mol)
        LJ (SR)  Disper. corr.   Coulomb (SR)      Potential    Kinetic En.
   -1.92950e+03   -3.86262e+01    0.00000e+00   -1.96812e+03    8.33043e+02
   Total Energy  Conserved En.    Temperature Pres. DC (bar) Pressure (bar)
   -1.13508e+03   -1.89959e+03    1.33857e+02   -3.26391e+00   -5.81266e+00

           Step           Time
         664500     1329.00000

   Energies (kJ/mol)
        LJ (SR)  Disper. corr.   Coulomb (SR)      Potential    Kinetic En.
   -1.89892e+03   -3.86262e+01    0.00000e+00   -1.93755e+03    7.88348e+02
   Total Energy  Conserved En.    Temperature Pres. DC (bar) Pressure (bar)
   -1.14920e+03   -1.89992e+03    1.26675e+02   -3.26391e+00   -1.83393e+01

           Step           Time
         665000     1330.00000

   Energies (kJ/mol)
        LJ (SR)  Disper. corr.   Coulomb (SR)      Potential    Kinetic En.
   -1.92367e+03   -3.86262e+01    0.00000e+00   -1.96230e+03    8.32800e+02
   Total Energy  Conserved En.    Temperature Pres. DC (bar) Pressure (bar)
   -1.12950e+03   -1.90031e+03    1.33818e+02   -3.26391e+00   -1.79601e+01

           Step           Time
         665500     1331.00000

   Energies (kJ/mol)
        LJ (SR)  Disper. corr.   Coulomb (SR)      Potential    Kinetic En.
   -1.94588e+03   -3.86262e+01    0.00000e+00   -1.98451e+03    8.11956e+02
   Total Energy  Conserved En.    Temperature Pres. DC (bar) Pressure (bar)
   -1.17255e+03   -1.90059e+03    1.30469e+02   -3.26391e+00   -4.20734e+00

           Step           Time
         666000     1332.00000

   Energies (kJ/mol)
        LJ (SR)  Disper. corr.   Coulomb (SR)      Potential    Kinetic En.
   -2.00475e+03   -3.86262e+01    0.00000e+00   -2.04338e+03    8.25769e+02
   Total Energy  Conserved En.    Temperature Pres. DC (bar) Pressure (bar)
   -1.21761e+03   -1.90096e+03    1.32688e+02   -3.26391e+00    3.46610e+00

           Step           Time
         666500     1333.00000

   Energies (kJ/mol)
        LJ (SR)  Disper. corr.   Coulomb (SR)      Potential    Kinetic En.
   -2.05638e+03   -3.86262e+01    0.00000e+00   -2.09501e+03    8.00679e+02
   Total Energy  Conserved En.    Temperature Pres. DC (bar) Pressure (bar)
   -1.29433e+03   -1.90134e+03    1.28657e+02   -3.26391e+00   -2.70217e+00

           Step           Time
         667000     1334.00000

   Energies (kJ/mol)
        LJ (SR)  Disper. corr.   Coulomb (SR)      Potential    Kinetic En.
   -2.06671e+03   -3.86262e+01    0.00000e+00   -2.10533e+03    8.19893e+02
   Total Energy  Conserved En.    Temperature Pres. DC (bar) Pressure (bar)
   -1.28544e+03   -1.90169e+03    1.31744e+02   -3.26391e+00    4.52623e+00

           Step           Time
         667500     1335.00000

   Energies (kJ/mol)
        LJ (SR)  Disper. corr.   Coulomb (SR)      Potential    Kinetic En.
   -2.12008e+03   -3.86262e+01    0.00000e+00   -2.15870e+03    8.33503e+02
   Total Energy  Conserved En.    Temperature Pres. DC (bar) Pressure (bar)
   -1.32520e+03   -1.90206e+03    1.33931e+02   -3.26391e+00   -2.15944e+01

           Step           Time
         668000     1336.00000

   Energies (kJ/mol)
        LJ (SR)  Disper. corr.   Coulomb (SR)      Potential    Kinetic En.
   -2.07518e+03   -3.86262e+01    0.00000e+00   -2.11381e+03    7.99585e+02
   Total Energy  Conserved En.    Temperature Pres. DC (bar) Pressure (bar)
   -1.31422e+03   -1.90244e+03    1.28481e+02   -3.26391e+00    9.66081e+00

           Step           Time
         668500     1337.00000

   Energies (kJ/mol)
        LJ (SR)  Disper. corr.   Coulomb (SR)      Potential    Kinetic En.
   -2.08896e+03   -3.86262e+01    0.00000e+00   -2.12758e+03    7.78558e+02
   Total Energy  Conserved En.    Temperature Pres. DC (bar) Pressure (bar)
   -1.34903e+03   -1.90275e+03    1.25102e+02   -3.26391e+00   -1.34059e+01

           Step           Time
         669000     1338.00000

   Energies (kJ/mol)
        LJ (SR)  Disper. corr.   Coulomb (SR)      Potential    Kinetic En.
   -2.04124e+03   -3.86262e+01    0.00000e+00   -2.07987e+03    8.46295e+02
   Total Energy  Conserved En.    Temperature Pres. DC (bar) Pressure (bar)
   -1.23357e+03   -1.90304e+03    1.35986e+02   -3.26391e+00   -2.50421e+01

           Step           Time
         669500     1339.00000

   Energies (kJ/mol)
        LJ (SR)  Disper. corr.   Coulomb (SR)      Potential    Kinetic En.
   -2.00207e+03   -3.86262e+01    0.00000e+00   -2.04070e+03    8.01008e+02
   Total Energy  Conserved En.    Temperature Pres. DC (bar) Pressure (bar)
   -1.23969e+03   -1.90337e+03    1.28710e+02   -3.26391e+00    1.03101e+01

           Step           Time
         670000     1340.00000

   Energies (kJ/mol)
        LJ (SR)  Disper. corr.   Coulomb (SR)      Potential    Kinetic En.
   -2.00196e+03   -3.86262e+01    0.00000e+00   -2.04059e+03    8.02248e+02
   Total Energy  Conserved En.    Temperature Pres. DC (bar) Pressure (bar)
   -1.23834e+03   -1.90376e+03    1.28909e+02   -3.26391e+00   -8.07450e+00

           Step           Time
         670500     1341.00000

   Energies (kJ/mol)
        LJ (SR)  Disper. corr.   Coulomb (SR)      Potential    Kinetic En.
   -1.98519e+03   -3.86262e+01    0.00000e+00   -2.02382e+03    8.37745e+02
   Total Energy  Conserved En.    Temperature Pres. DC (bar) Pressure (bar)
   -1.18608e+03   -1.90411e+03    1.34613e+02   -3.26391e+00    6.56544e+00

           Step           Time
         671000     1342.00000

   Energies (kJ/mol)
        LJ (SR)  Disper. corr.   Coulomb (SR)      Potential    Kinetic En.
   -1.96442e+03   -3.86262e+01    0.00000e+00   -2.00305e+03    8.04416e+02
   Total Energy  Conserved En.    Temperature Pres. DC (bar) Pressure (bar)
   -1.19863e+03   -1.90446e+03    1.29257e+02   -3.26391e+00   -3.68900e+00

           Step           Time
         671500     1343.00000

   Energies (kJ/mol)
        LJ (SR)  Disper. corr.   Coulomb (SR)      Potential    Kinetic En.
   -1.94530e+03   -3.86262e+01    0.00000e+00   -1.98393e+03    8.23579e+02
   Total Energy  Conserved En.    Temperature Pres. DC (bar) Pressure (bar)
   -1.16035e+03   -1.90479e+03    1.32336e+02   -3.26391e+00   -2.70889e+01

           Step           Time
         672000     1344.00000

   Energies (kJ/mol)
        LJ (SR)  Disper. corr.   Coulomb (SR)      Potential    Kinetic En.
   -1.97445e+03   -3.86262e+01    0.00000e+00   -2.01307e+03    7.51874e+02
   Total Energy  Conserved En.    Temperature Pres. DC (bar) Pressure (bar)
   -1.26120e+03   -1.90513e+03    1.20815e+02   -3.26391e+00   -9.52851e+00

           Step           Time
         672500     1345.00000

   Energies (kJ/mol)
        LJ (SR)  Disper. corr.   Coulomb (SR)      Potential    Kinetic En.
   -1.98464e+03   -3.86262e+01    0.00000e+00   -2.02327e+03    8.09013e+02
   Total Energy  Conserved En.    Temperature Pres. DC (bar) Pressure (bar)
   -1.21425e+03   -1.90550e+03    1.29996e+02   -3.26391e+00   -7.74283e+00

           Step           Time
         673000     1346.00000

   Energies (kJ/mol)
        LJ (SR)  Disper. corr.   Coulomb (SR)      Potential    Kinetic En.
   -2.01849e+03   -3.86262e+01    0.00000e+00   -2.05712e+03    8.18441e+02
   Total Energy  Conserved En.    Temperature Pres. DC (bar) Pressure (bar)
   -1.23868e+03   -1.90580e+03    1.31511e+02   -3.26391e+00   -2.78607e+00

           Step           Time
         673500     1347.00000

   Energies (kJ/mol)
        LJ (SR)  Disper. corr.   Coulomb (SR)      Potential    Kinetic En.
   -2.00132e+03   -3.86262e+01    0.00000e+00   -2.03995e+03    7.90767e+02
   Total Energy  Conserved En.    Temperature Pres. DC (bar) Pressure (bar)
   -1.24918e+03   -1.90607e+03    1.27064e+02   -3.26391e+00   -6.40221e-01

           Step           Time
         674000     1348.00000

   Energies (kJ/mol)
        LJ (SR)  Disper. corr.   Coulomb (SR)      Potential    Kinetic En.
   -1.99621e+03   -3.86262e+01    0.00000e+00   -2.03484e+03    7.80148e+02
   Total Energy  Conserved En.    Temperature Pres. DC (bar) Pressure (bar)
   -1.25469e+03   -1.90643e+03    1.25358e+02   -3.26391e+00   -8.86934e+00

           Step           Time
         674500     1349.00000

   Energies (kJ/mol)
        LJ (SR)  Disper. corr.   Coulomb (SR)      Potential    Kinetic En.
   -1.98594e+03   -3.86262e+01    0.00000e+00   -2.02457e+03    8.41848e+02
   Total Energy  Conserved En.    Temperature Pres. DC (bar) Pressure (bar)
   -1.18272e+03   -1.90671e+03    1.35272e+02   -3.26391e+00   -6.59734e+00

           Step           Time
         675000     1350.00000

   Energies (kJ/mol)
        LJ (SR)  Disper. corr.   Coulomb (SR)      Potential    Kinetic En.
   -1.97434e+03   -3.86262e+01    0.00000e+00   -2.01297e+03    7.76196e+02
   Total Energy  Conserved En.    Temperature Pres. DC (bar) Pressure (bar)
   -1.23677e+03   -1.90706e+03    1.24723e+02   -3.26391e+00   -1.15808e+01

           Step           Time
         675500     1351.00000

   Energies (kJ/mol)
        LJ (SR)  Disper. corr.   Coulomb (SR)      Potential    Kinetic En.
   -1.93752e+03   -3.86262e+01    0.00000e+00   -1.97615e+03    7.65993e+02
   Total Energy  Conserved En.    Temperature Pres. DC (bar) Pressure (bar)
   -1.21015e+03   -1.90739e+03    1.23083e+02   -3.26391e+00   -8.62787e+00

           Step           Time
         676000     1352.00000

   Energies (kJ/mol)
        LJ (SR)  Disper. corr.   Coulomb (SR)      Potential    Kinetic En.
   -1.92199e+03   -3.86262e+01    0.00000e+00   -1.96062e+03    7.54145e+02
   Total Energy  Conserved En.    Temperature Pres. DC (bar) Pressure (bar)
   -1.20648e+03   -1.90774e+03    1.21179e+02   -3.26391e+00   -1.85869e+00

           Step           Time
         676500     1353.00000

   Energies (kJ/mol)
        LJ (SR)  Disper. corr.   Coulomb (SR)      Potential    Kinetic En.
   -1.97114e+03   -3.86262e+01    0.00000e+00   -2.00976e+03    8.13943e+02
   Total Energy  Conserved En.    Temperature Pres. DC (bar) Pressure (bar)
   -1.19582e+03   -1.90810e+03    1.30788e+02   -3.26391e+00   -2.85438e+01

           Step           Time
         677000     1354.00000

   Energies (kJ/mol)
        LJ (SR)  Disper. corr.   Coulomb (SR)      Potential    Kinetic En.
   -1.96821e+03   -3.86262e+01    0.00000e+00   -2.00683e+03    8.30542e+02
   Total Energy  Conserved En.    Temperature Pres. DC (bar) Pressure (bar)
   -1.17629e+03   -1.90850e+03    1.33455e+02   -3.26391e+00    6.97738e+00

           Step           Time
         677500     1355.00000

   Energies (kJ/mol)
        LJ (SR)  Disper. corr.   Coulomb (SR)      Potential    Kinetic En.
   -2.02009e+03   -3.86262e+01    0.00000e+00   -2.05872e+03    7.99682e+02
   Total Energy  Conserved En.    Temperature Pres. DC (bar) Pressure (bar)
   -1.25903e+03   -1.90881e+03    1.28496e+02   -3.26391e+00   -5.32990e+00

           Step           Time
         678000     1356.00000

   Energies (kJ/mol)
        LJ (SR)  Disper. corr.   Coulomb (SR)      Potential    Kinetic En.
   -2.04447e+03   -3.86262e+01    0.00000e+00   -2.08310e+03    8.19202e+02
   Total Energy  Conserved En.    Temperature Pres. DC (bar) Pressure (bar)
   -1.26390e+03   -1.90917e+03    1.31633e+02   -3.26391e+00    9.89600e+00

           Step           Time
         678500     1357.00000

   Energies (kJ/mol)
        LJ (SR)  Disper. corr.   Coulomb (SR)      Potential    Kinetic En.
   -1.98576e+03   -3.86262e+01    0.00000e+00   -2.02438e+03    7.96190e+02
   Total Energy  Conserved En.    Temperature Pres. DC (bar) Pressure (bar)
   -1.22819e+03   -1.90954e+03    1.27935e+02   -3.26391e+00    8.75031e+00

           Step           Time
         679000     1358.00000

   Energies (kJ/mol)
        LJ (SR)  Disper. corr.   Coulomb (SR)      Potential    Kinetic En.
   -1.95080e+03   -3.86262e+01    0.00000e+00   -1.98942e+03    8.05444e+02
   Total Energy  Conserved En.    Temperature Pres. DC (bar) Pressure (bar)
   -1.18398e+03   -1.90986e+03    1.29422e+02   -3.26391e+00   -9.20019e+00

           Step           Time
         679500     1359.00000

   Energies (kJ/mol)
        LJ (SR)  Disper. corr.   Coulomb (SR)      Potential    Kinetic En.
   -1.93205e+03   -3.86262e+01    0.00000e+00   -1.97067e+03    7.54782e+02
   Total Energy  Conserved En.    Temperature Pres. DC (bar) Pressure (bar)
   -1.21589e+03   -1.91018e+03    1.21282e+02   -3.26391e+00   -2.71600e+00

           Step           Time
         680000     1360.00000

   Energies (kJ/mol)
        LJ (SR)  Disper. corr.   Coulomb (SR)      Potential    Kinetic En.
   -1.96093e+03   -3.86262e+01    0.00000e+00   -1.99956e+03    8.10629e+02
   Total Energy  Conserved En.    Temperature Pres. DC (bar) Pressure (bar)
   -1.18893e+03   -1.91059e+03    1.30256e+02   -3.26391e+00   -6.34005e+00

           Step           Time
         680500     1361.00000

   Energies (kJ/mol)
        LJ (SR)  Disper. corr.   Coulomb (SR)      Potential    Kinetic En.
   -1.99483e+03   -3.86262e+01    0.00000e+00   -2.03345e+03    8.06132e+02
   Total Energy  Conserved En.    Temperature Pres. DC (bar) Pressure (bar)
   -1.22732e+03   -1.91098e+03    1.29533e+02   -3.26391e+00   -3.41596e+00

           Step           Time
         681000     1362.00000

   Energies (kJ/mol)
        LJ (SR)  Disper. corr.   Coulomb (SR)      Potential    Kinetic En.
   -1.99766e+03   -3.86262e+01    0.00000e+00   -2.03628e+03    8.05130e+02
   Total Energy  Conserved En.    Temperature Pres. DC (bar) Pressure (bar)
   -1.23115e+03   -1.91135e+03    1.29372e+02   -3.26391e+00   -1.31880e+01

           Step           Time
         681500     1363.00000

   Energies (kJ/mol)
        LJ (SR)  Disper. corr.   Coulomb (SR)      Potential    Kinetic En.
   -1.97474e+03   -3.86262e+01    0.00000e+00   -2.01337e+03    8.36184e+02
   Total Energy  Conserved En.    Temperature Pres. DC (bar) Pressure (bar)
   -1.17719e+03   -1.91170e+03    1.34362e+02   -3.26391e+00   -8.92801e+00

           Step           Time
         682000     1364.00000

   Energies (kJ/mol)
        LJ (SR)  Disper. corr.   Coulomb (SR)      Potential    Kinetic En.
   -1.92363e+03   -3.86262e+01    0.00000e+00   -1.96226e+03    8.36327e+02
   Total Energy  Conserved En.    Temperature Pres. DC (bar) Pressure (bar)
   -1.12593e+03   -1.91209e+03    1.34385e+02   -3.26391e+00   -1.76163e+01

           Step           Time
         682500     1365.00000

   Energies (kJ/mol)
        LJ (SR)  Disper. corr.   Coulomb (SR)      Potential    Kinetic En.
   -1.90928e+03   -3.86262e+01    0.00000e+00   -1.94791e+03    7.89096e+02
   Total Energy  Conserved En.    Temperature Pres. DC (bar) Pressure (bar)
   -1.15881e+03   -1.91243e+03    1.26796e+02   -3.26391e+00   -8.20939e+00

           Step           Time
         683000     1366.00000

   Energies (kJ/mol)
        LJ (SR)  Disper. corr.   Coulomb (SR)      Potential    Kinetic En.
   -1.95252e+03   -3.86262e+01    0.00000e+00   -1.99114e+03    8.33066e+02
   Total Energy  Conserved En.    Temperature Pres. DC (bar) Pressure (bar)
   -1.15808e+03   -1.91278e+03    1.33861e+02   -3.26391e+00   -1.42471e+01

           Step           Time
         683500     1367.00000

   Energies (kJ/mol)
        LJ (SR)  Disper. corr.   Coulomb (SR)      Potential    Kinetic En.
   -1.99190e+03   -3.86262e+01    0.00000e+00   -2.03052e+03    7.96191e+02
   Total Energy  Conserved En.    Temperature Pres. DC (bar) Pressure (bar)
   -1.23433e+03   -1.91318e+03    1.27936e+02   -3.26391e+00   -7.96606e+00

           Step           Time
         684000     1368.00000

   Energies (kJ/mol)
        LJ (SR)  Disper. corr.   Coulomb (SR)      Potential    Kinetic En.
   -2.01907e+03   -3.86262e+01    0.00000e+00   -2.05770e+03    7.84573e+02
   Total Energy  Conserved En.    Temperature Pres. DC (bar) Pressure (bar)
   -1.27312e+03   -1.91355e+03    1.26069e+02   -3.26391e+00   -4.17363e+00

           Step           Time
         684500     1369.00000

   Energies (kJ/mol)
        LJ (SR)  Disper. corr.   Coulomb (SR)      Potential    Kinetic En.
   -1.99685e+03   -3.86262e+01    0.00000e+00   -2.03548e+03    8.20360e+02
   Total Energy  Conserved En.    Temperature Pres. DC (bar) Pressure (bar)
   -1.21512e+03   -1.91391e+03    1.31819e+02   -3.26391e+00   -8.00432e+00

           Step           Time
         685000     1370.00000

   Energies (kJ/mol)
        LJ (SR)  Disper. corr.   Coulomb (SR)      Potential    Kinetic En.
   -1.95307e+03   -3.86262e+01    0.00000e+00   -1.99169e+03    8.50771e+02
   Total Energy  Conserved En.    Temperature Pres. DC (bar) Pressure (bar)
   -1.14092e+03   -1.91419e+03    1.36706e+02   -3.26391e+00   -1.62814e+01

           Step           Time
         685500     1371.00000

   Energies (kJ/mol)
        LJ (SR)  Disper. corr.   Coulomb (SR)      Potential    Kinetic En.
   -1.93052e+03   -3.86262e+01    0.00000e+00   -1.96914e+03    8.34210e+02
   Total Energy  Conserved En.    Temperature Pres. DC (bar) Pressure (bar)
   -1.13493e+03   -1.91454e+03    1.34045e+02   -3.26391e+00    4.11075e+00

           Step           Time
         686000     1372.00000

   Energies (kJ/mol)
        LJ (SR)  Disper. corr.   Coulomb (SR)      Potential    Kinetic En.
   -1.86355e+03   -3.86262e+01    0.00000e+00   -1.90218e+03    8.19367e+02
   Total Energy  Conserved En.    Temperature Pres. DC (bar) Pressure (bar)
   -1.08281e+03   -1.91493e+03    1.31660e+02   -3.26391e+00    5.78658e+00

           Step           Time
         686500     1373.00000

   Energies (kJ/mol)
        LJ (SR)  Disper. corr.   Coulomb (SR)      Potential    Kinetic En.
   -1.82885e+03   -3.86262e+01    0.00000e+00   -1.86748e+03    8.59889e+02
   Total Energy  Conserved En.    Temperature Pres. DC (bar) Pressure (bar)
   -1.00759e+03   -1.91520e+03    1.38171e+02   -3.26391e+00   -3.80181e-01

           Step           Time
         687000     1374.00000

   Energies (kJ/mol)
        LJ (SR)  Disper. corr.   Coulomb (SR)      Potential    Kinetic En.
   -1.83502e+03   -3.86262e+01    0.00000e+00   -1.87365e+03    8.43376e+02
   Total Energy  Conserved En.    Temperature Pres. DC (bar) Pressure (bar)
   -1.03027e+03   -1.91550e+03    1.35517e+02   -3.26391e+00   -4.62740e+00

           Step           Time
         687500     1375.00000

   Energies (kJ/mol)
        LJ (SR)  Disper. corr.   Coulomb (SR)      Potential    Kinetic En.
   -1.87791e+03   -3.86262e+01    0.00000e+00   -1.91654e+03    8.21979e+02
   Total Energy  Conserved En.    Temperature Pres. DC (bar) Pressure (bar)
   -1.09456e+03   -1.91581e+03    1.32079e+02   -3.26391e+00   -1.20258e+00

           Step           Time
         688000     1376.00000

   Energies (kJ/mol)
        LJ (SR)  Disper. corr.   Coulomb (SR)      Potential    Kinetic En.
   -1.88417e+03   -3.86262e+01    0.00000e+00   -1.92279e+03    8.13835e+02
   Total Energy  Conserved En.    Temperature Pres. DC (bar) Pressure (bar)
   -1.10896e+03   -1.91614e+03    1.30771e+02   -3.26391e+00   -1.31186e+01

           Step           Time
         688500     1377.00000

   Energies (kJ/mol)
        LJ (SR)  Disper. corr.   Coulomb (SR)      Potential    Kinetic En.
   -1.87969e+03   -3.86262e+01    0.00000e+00   -1.91831e+03    7.91409e+02
   Total Energy  Conserved En.    Temperature Pres. DC (bar) Pressure (bar)
   -1.12690e+03   -1.91648e+03    1.27167e+02   -3.26391e+00    4.30638e+00

           Step           Time
         689000     1378.00000

   Energies (kJ/mol)
        LJ (SR)  Disper. corr.   Coulomb (SR)      Potential    Kinetic En.
   -1.96787e+03   -3.86262e+01    0.00000e+00   -2.00649e+03    7.61969e+02
   Total Energy  Conserved En.    Temperature Pres. DC (bar) Pressure (bar)
   -1.24453e+03   -1.91686e+03    1.22437e+02   -3.26391e+00   -2.53954e+01

           Step           Time
         689500     1379.00000

   Energies (kJ/mol)
        LJ (SR)  Disper. corr.   Coulomb (SR)      Potential    Kinetic En.
   -1.92720e+03   -3.86262e+01    0.00000e+00   -1.96583e+03    7.46786e+02
   Total Energy  Conserved En.    Temperature Pres. DC (bar) Pressure (bar)
   -1.21904e+03   -1.91722e+03    1.19997e+02   -3.26391e+00    3.71446e+00

           Step           Time
         690000     1380.00000

   Energies (kJ/mol)
        LJ (SR)  Disper. corr.   Coulomb (SR)      Potential    Kinetic En.
   -1.91830e+03   -3.86262e+01    0.00000e+00   -1.95692e+03    7.73998e+02
   Total Energy  Conserved En.    Temperature Pres. DC (bar) Pressure (bar)
   -1.18292e+03   -1.91756e+03    1.24370e+02   -3.26391e+00   -2.56735e+00

           Step           Time
         690500     1381.00000

   Energies (kJ/mol)
        LJ (SR)  Disper. corr.   Coulomb (SR)      Potential    Kinetic En.
   -1.94715e+03   -3.86262e+01    0.00000e+00   -1.98578e+03    7.93144e+02
   Total Energy  Conserved En.    Temperature Pres. DC (bar) Pressure (bar)
   -1.19263e+03   -1.91793e+03    1.27446e+02   -3.26391e+00   -1.10268e+01

           Step           Time
         691000     1382.00000

   Energies (kJ/mol)
        LJ (SR)  Disper. corr.   Coulomb (SR)      Potential    Kinetic En.
   -1.99517e+03   -3.86262e+01    0.00000e+00   -2.03380e+03    8.22025e+02
   Total Energy  Conserved En.    Temperature Pres. DC (bar) Pressure (bar)
   -1.21177e+03   -1.91827e+03    1.32087e+02   -3.26391e+00    7.12975e+00

           Step           Time
         691500     1383.00000

   Energies (kJ/mol)
        LJ (SR)  Disper. corr.   Coulomb (SR)      Potential    Kinetic En.
   -2.01566e+03   -3.86262e+01    0.00000e+00   -2.05429e+03    8.36691e+02
   Total Energy  Conserved En.    Temperature Pres. DC (bar) Pressure (bar)
   -1.21760e+03   -1.91867e+03    1.34443e+02   -3.26391e+00   -4.27246e+00

           Step           Time
         692000     1384.00000

   Energies (kJ/mol)
        LJ (SR)  Disper. corr.   Coulomb (SR)      Potential    Kinetic En.
   -2.00914e+03   -3.86262e+01    0.00000e+00   -2.04777e+03    7.94745e+02
   Total Energy  Conserved En.    Temperature Pres. DC (bar) Pressure (bar)
   -1.25302e+03   -1.91903e+03    1.27703e+02   -3.26391e+00    1.20233e+01

           Step           Time
         692500     1385.00000

   Energies (kJ/mol)
        LJ (SR)  Disper. corr.   Coulomb (SR)      Potential    Kinetic En.
   -1.99474e+03   -3.86262e+01    0.00000e+00   -2.03336e+03    8.16832e+02
   Total Energy  Conserved En.    Temperature Pres. DC (bar) Pressure (bar)
   -1.21653e+03   -1.91941e+03    1.31252e+02   -3.26391e+00   -4.04749e+00

           Step           Time
         693000     1386.00000

   Energies (kJ/mol)
        LJ (SR)  Disper. corr.   Coulomb (SR)      Potential    Kinetic En.
   -1.97266e+03   -3.86262e+01    0.00000e+00   -2.01128e+03    7.66804e+02
   Total Energy  Conserved En.    Temperature Pres. DC (bar) Pressure (bar)
   -1.24448e+03   -1.91971e+03    1.23214e+02   -3.26391e+00   -1.25947e+01

           Step           Time
         693500     1387.00000

   Energies (kJ/mol)
        LJ (SR)  Disper. corr.   Coulomb (SR)      Potential    Kinetic En.
   -1.93730e+03   -3.86262e+01    0.00000e+00   -1.97593e+03    8.02772e+02
   Total Energy  Conserved En.    Temperature Pres. DC (bar) Pressure (bar)
   -1.17316e+03   -1.92005e+03    1.28993e+02   -3.26391e+00    9.08346e+00

           Step           Time
         694000     1388.00000

   Energies (kJ/mol)
        LJ (SR)  Disper. corr.   Coulomb (SR)      Potential    Kinetic En.
   -1.96309e+03   -3.86262e+01    0.00000e+00   -2.00172e+03    8.07494e+02
   Total Energy  Conserved En.    Temperature Pres. DC (bar) Pressure (bar)
   -1.19422e+03   -1.92045e+03    1.29752e+02   -3.26391e+00   -8.64329e+00

           Step           Time
         694500     1389.00000

   Energies (kJ/mol)
        LJ (SR)  Disper. corr.   Coulomb (SR)      Potential    Kinetic En.
   -1.95546e+03   -3.86262e+01    0.00000e+00   -1.99408e+03    7.99355e+02
   Total Energy  Conserved En.    Temperature Pres. DC (bar) Pressure (bar)
   -1.19473e+03   -1.92077e+03    1.28444e+02   -3.26391e+00   -2.04676e+01

           Step           Time
         695000     1390.00000

   Energies (kJ/mol)
        LJ (SR)  Disper. corr.   Coulomb (SR)      Potential    Kinetic En.
   -1.97843e+03   -3.86262e+01    0.00000e+00   -2.01706e+03    7.89891e+02
   Total Energy  Conserved En.    Temperature Pres. DC (bar) Pressure (bar)
   -1.22717e+03   -1.92114e+03    1.26923e+02   -3.26391e+00   -5.88574e+00

           Step           Time
         695500     1391.00000

   Energies (kJ/mol)
        LJ (SR)  Disper. corr.   Coulomb (SR)      Potential    Kinetic En.
   -2.01423e+03   -3.86262e+01    0.00000e+00   -2.05285e+03    8.17435e+02
   Total Energy  Conserved En.    Temperature Pres. DC (bar) Pressure (bar)
   -1.23542e+03   -1.92153e+03    1.31349e+02   -3.26391e+00    3.59564e+00

           Step           Time
         696000     1392.00000

   Energies (kJ/mol)
        LJ (SR)  Disper. corr.   Coulomb (SR)      Potential    Kinetic En.
   -2.00243e+03   -3.86262e+01    0.00000e+00   -2.04106e+03    7.86544e+02
   Total Energy  Conserved En.    Temperature Pres. DC (bar) Pressure (bar)
   -1.25451e+03   -1.92187e+03    1.26385e+02   -3.26391e+00   -8.79964e+00

           Step           Time
         696500     1393.00000

   Energies (kJ/mol)
        LJ (SR)  Disper. corr.   Coulomb (SR)      Potential    Kinetic En.
   -1.93429e+03   -3.86262e+01    0.00000e+00   -1.97292e+03    8.22253e+02
   Total Energy  Conserved En.    Temperature Pres. DC (bar) Pressure (bar)
   -1.15067e+03   -1.92218e+03    1.32123e+02   -3.26391e+00    4.59891e+00

           Step           Time
         697000     1394.00000

   Energies (kJ/mol)
        LJ (SR)  Disper. corr.   Coulomb (SR)      Potential    Kinetic En.
   -1.96267e+03   -3.86262e+01    0.00000e+00   -2.00130e+03    7.95389e+02
   Total Energy  Conserved En.    Temperature Pres. DC (bar) Pressure (bar)
   -1.20591e+03   -1.92254e+03    1.27807e+02   -3.26391e+00    4.24097e+00

           Step           Time
         697500     1395.00000

   Energies (kJ/mol)
        LJ (SR)  Disper. corr.   Coulomb (SR)      Potential    Kinetic En.
   -1.96187e+03   -3.86262e+01    0.00000e+00   -2.00050e+03    8.32495e+02
   Total Energy  Conserved En.    Temperature Pres. DC (bar) Pressure (bar)
   -1.16801e+03   -1.92287e+03    1.33769e+02   -3.26391e+00    1.82471e-01

           Step           Time
         698000     1396.00000

   Energies (kJ/mol)
        LJ (SR)  Disper. corr.   Coulomb (SR)      Potential    Kinetic En.
   -1.95941e+03   -3.86262e+01    0.00000e+00   -1.99803e+03    7.98266e+02
   Total Energy  Conserved En.    Temperature Pres. DC (bar) Pressure (bar)
   -1.19977e+03   -1.92319e+03    1.28269e+02   -3.26391e+00    2.32086e+00

           Step           Time
         698500     1397.00000

   Energies (kJ/mol)
        LJ (SR)  Disper. corr.   Coulomb (SR)      Potential    Kinetic En.
   -1.99690e+03   -3.86262e+01    0.00000e+00   -2.03552e+03    7.83931e+02
   Total Energy  Conserved En.    Temperature Pres. DC (bar) Pressure (bar)
   -1.25159e+03   -1.92354e+03    1.25966e+02   -3.26391e+00   -1.63013e+01

           Step           Time
         699000     1398.00000

   Energies (kJ/mol)
        LJ (SR)  Disper. corr.   Coulomb (SR)      Potential    Kinetic En.
   -2.01474e+03   -3.86262e+01    0.00000e+00   -2.05336e+03    7.80872e+02
   Total Energy  Conserved En.    Temperature Pres. DC (bar) Pressure (bar)
   -1.27249e+03   -1.92386e+03    1.25474e+02   -3.26391e+00   -3.07970e+01

           Step           Time
         699500     1399.00000

   Energies (kJ/mol)
        LJ (SR)  Disper. corr.   Coulomb (SR)      Potential    Kinetic En.
   -1.94249e+03   -3.86262e+01    0.00000e+00   -1.98111e+03    7.76862e+02
   Total Energy  Conserved En.    Temperature Pres. DC (bar) Pressure (bar)
   -1.20425e+03   -1.92416e+03    1.24830e+02   -3.26391e+00   -2.70875e+00

           Step           Time
         700000     1400.00000

   Energies (kJ/mol)
        LJ (SR)  Disper. corr.   Coulomb (SR)      Potential    Kinetic En.
   -1.97703e+03   -3.86262e+01    0.00000e+00   -2.01566e+03    8.25701e+02
   Total Energy  Conserved En.    Temperature Pres. DC (bar) Pressure (bar)
   -1.18996e+03   -1.92453e+03    1.32677e+02   -3.26391e+00   -1.86550e+00

           Step           Time
         700500     1401.00000

   Energies (kJ/mol)
        LJ (SR)  Disper. corr.   Coulomb (SR)      Potential    Kinetic En.
   -1.94314e+03   -3.86262e+01    0.00000e+00   -1.98176e+03    8.63882e+02
   Total Energy  Conserved En.    Temperature Pres. DC (bar) Pressure (bar)
   -1.11788e+03   -1.92486e+03    1.38812e+02   -3.26391e+00   -1.13502e+01

           Step           Time
         701000     1402.00000

   Energies (kJ/mol)
        LJ (SR)  Disper. corr.   Coulomb (SR)      Potential    Kinetic En.
   -1.90409e+03   -3.86262e+01    0.00000e+00   -1.94271e+03    8.08023e+02
   Total Energy  Conserved En.    Temperature Pres. DC (bar) Pressure (bar)
   -1.13469e+03   -1.92520e+03    1.29837e+02   -3.26391e+00   -1.87888e+01

           Step           Time
         701500     1403.00000

   Energies (kJ/mol)
        LJ (SR)  Disper. corr.   Coulomb (SR)      Potential    Kinetic En.
   -1.93184e+03   -3.86262e+01    0.00000e+00   -1.97047e+03    7.63055e+02
   Total Energy  Conserved En.    Temperature Pres. DC (bar) Pressure (bar)
   -1.20742e+03   -1.92565e+03    1.22611e+02   -3.26391e+00   -2.57899e+01

           Step           Time
         702000     1404.00000

   Energies (kJ/mol)
        LJ (SR)  Disper. corr.   Coulomb (SR)      Potential    Kinetic En.
   -1.98826e+03   -3.86262e+01    0.00000e+00   -2.02689e+03    8.25694e+02
   Total Energy  Conserved En.    Temperature Pres. DC (bar) Pressure (bar)
   -1.20119e+03   -1.92598e+03    1.32676e+02   -3.26391e+00   -1.95628e+01

           Step           Time
         702500     1405.00000

   Energies (kJ/mol)
        LJ (SR)  Disper. corr.   Coulomb (SR)      Potential    Kinetic En.
   -1.98782e+03   -3.86262e+01    0.00000e+00   -2.02645e+03    7.98120e+02
   Total Energy  Conserved En.    Temperature Pres. DC (bar) Pressure (bar)
   -1.22833e+03   -1.92633e+03    1.28246e+02   -3.26391e+00   -2.96415e+00

           Step           Time
         703000     1406.00000

   Energies (kJ/mol)
        LJ (SR)  Disper. corr.   Coulomb (SR)      Potential    Kinetic En.
   -2.05949e+03   -3.86262e+01    0.00000e+00   -2.09811e+03    8.02258e+02
   Total Energy  Conserved En.    Temperature Pres. DC (bar) Pressure (bar)
   -1.29586e+03   -1.92675e+03    1.28910e+02   -3.26391e+00    8.81153e+00

           Step           Time
         703500     1407.00000

   Energies (kJ/mol)
        LJ (SR)  Disper. corr.   Coulomb (SR)      Potential    Kinetic En.
   -2.10731e+03   -3.86262e+01    0.00000e+00   -2.14593e+03    8.21558e+02
   Total Energy  Conserved En.    Temperature Pres. DC (bar) Pressure (bar)
   -1.32438e+03   -1.92713e+03    1.32012e+02   -3.26391e+00   -1.62049e+01

           Step           Time
         704000     1408.00000

   Energies (kJ/mol)
        LJ (SR)  Disper. corr.   Coulomb (SR)      Potential    Kinetic En.
   -2.06024e+03   -3.86262e+01    0.00000e+00   -2.09886e+03    8.24961e+02
   Total Energy  Conserved En.    Temperature Pres. DC (bar) Pressure (bar)
   -1.27390e+03   -1.92742e+03    1.32558e+02   -3.26391e+00   -6.84988e+00

           Step           Time
         704500     1409.00000

   Energies (kJ/mol)
        LJ (SR)  Disper. corr.   Coulomb (SR)      Potential    Kinetic En.
   -2.01915e+03   -3.86262e+01    0.00000e+00   -2.05778e+03    8.12087e+02
   Total Energy  Conserved En.    Temperature Pres. DC (bar) Pressure (bar)
   -1.24569e+03   -1.92775e+03    1.30490e+02   -3.26391e+00   -2.62020e+00

           Step           Time
         705000     1410.00000

   Energies (kJ/mol)
        LJ (SR)  Disper. corr.   Coulomb (SR)      Potential    Kinetic En.
   -2.00702e+03   -3.86262e+01    0.00000e+00   -2.04565e+03    8.03169e+02
   Total Energy  Conserved En.    Temperature Pres. DC (bar) Pressure (bar)
   -1.24248e+03   -1.92804e+03    1.29057e+02   -3.26391e+00    1.17827e+01

           Step           Time
         705500     1411.00000

   Energies (kJ/mol)
        LJ (SR)  Disper. corr.   Coulomb (SR)      Potential    Kinetic En.
   -2.01716e+03   -3.86262e+01    0.00000e+00   -2.05578e+03    8.44611e+02
   Total Energy  Conserved En.    Temperature Pres. DC (bar) Pressure (bar)
   -1.21117e+03   -1.92843e+03    1.35716e+02   -3.26391e+00   -1.27847e+01

           Step           Time
         706000     1412.00000

   Energies (kJ/mol)
        LJ (SR)  Disper. corr.   Coulomb (SR)      Potential    Kinetic En.
   -1.98072e+03   -3.86262e+01    0.00000e+00   -2.01935e+03    8.32718e+02
   Total Energy  Conserved En.    Temperature Pres. DC (bar) Pressure (bar)
   -1.18663e+03   -1.92875e+03    1.33805e+02   -3.26391e+00    2.79829e+01

           Step           Time
         706500     1413.00000

   Energies (kJ/mol)
        LJ (SR)  Disper. corr.   Coulomb (SR)      Potential    Kinetic En.
   -1.98510e+03   -3.86262e+01    0.00000e+00   -2.02373e+03    8.26159e+02
   Total Energy  Conserved En.    Temperature Pres. DC (bar) Pressure (bar)
   -1.19757e+03   -1.92907e+03    1.32751e+02   -3.26391e+00   -2.66402e+01

           Step           Time
         707000     1414.00000

   Energies (kJ/mol)
        LJ (SR)  Disper. corr.   Coulomb (SR)      Potential    Kinetic En.
   -1.93062e+03   -3.86262e+01    0.00000e+00   -1.96924e+03    8.37685e+02
   Total Energy  Conserved En.    Temperature Pres. DC (bar) Pressure (bar)
   -1.13156e+03   -1.92945e+03    1.34603e+02   -3.26391e+00   -1.54597e+01

           Step           Time
         707500     1415.00000

   Energies (kJ/mol)
        LJ (SR)  Disper. corr.   Coulomb (SR)      Potential    Kinetic En.
   -1.96432e+03   -3.86262e+01    0.00000e+00   -2.00294e+03    7.95567e+02
   Total Energy  Conserved En.    Temperature Pres. DC (bar) Pressure (bar)
   -1.20738e+03   -1.92979e+03    1.27835e+02   -3.26391e+00    1.39081e+00

           Step           Time
         708000     1416.00000

   Energies (kJ/mol)
        LJ (SR)  Disper. corr.   Coulomb (SR)      Potential    Kinetic En.
   -2.02700e+03   -3.86262e+01    0.00000e+00   -2.06563e+03    7.70667e+02
   Total Energy  Conserved En.    Temperature Pres. DC (bar) Pressure (bar)
   -1.29496e+03   -1.93018e+03    1.23834e+02   -3.26391e+00    1.42188e+00

           Step           Time
         708500     1417.00000

   Energies (kJ/mol)
        LJ (SR)  Disper. corr.   Coulomb (SR)      Potential    Kinetic En.
   -1.99790e+03   -3.86262e+01    0.00000e+00   -2.03653e+03    8.19015e+02
   Total Energy  Conserved En.    Temperature Pres. DC (bar) Pressure (bar)
   -1.21751e+03   -1.93057e+03    1.31603e+02   -3.26391e+00    3.36748e+00

           Step           Time
         709000     1418.00000

   Energies (kJ/mol)
        LJ (SR)  Disper. corr.   Coulomb (SR)      Potential    Kinetic En.
   -1.97509e+03   -3.86262e+01    0.00000e+00   -2.01371e+03    8.09060e+02
   Total Energy  Conserved En.    Temperature Pres. DC (bar) Pressure (bar)
   -1.20465e+03   -1.93091e+03    1.30003e+02   -3.26391e+00    2.31728e-01

           Step           Time
         709500     1419.00000

   Energies (kJ/mol)
        LJ (SR)  Disper. corr.   Coulomb (SR)      Potential    Kinetic En.
   -1.97408e+03   -3.86262e+01    0.00000e+00   -2.01271e+03    8.34935e+02
   Total Energy  Conserved En.    Temperature Pres. DC (bar) Pressure (bar)
   -1.17777e+03   -1.93126e+03    1.34161e+02   -3.26391e+00   -9.61097e+00

           Step           Time
         710000     1420.00000

   Energies (kJ/mol)
        LJ (SR)  Disper. corr.   Coulomb (SR)      Potential    Kinetic En.
   -1.99264e+03   -3.86262e+01    0.00000e+00   -2.03127e+03    7.86648e+02
   Total Energy  Conserved En.    Temperature Pres. DC (bar) Pressure (bar)
   -1.24462e+03   -1.93162e+03    1.26402e+02   -3.26391e+00   -2.18806e+00

           Step           Time
         710500     1421.00000

   Energies (kJ/mol)
        LJ (SR)  Disper. corr.   Coulomb (SR)      Potential    Kinetic En.
   -1.97952e+03   -3.86262e+01    0.00000e+00   -2.01814e+03    7.80168e+02
   Total Energy  Conserved En.    Temperature Pres. DC (bar) Pressure (bar)
   -1.23798e+03   -1.93201e+03    1.25361e+02   -3.26391e+00   -8.42856e+00

           Step           Time
         711000     1422.00000

   Energies (kJ/mol)
        LJ (SR)  Disper. corr.   Coulomb (SR)      Potential    Kinetic En.
   -2.04487e+03   -3.86262e+01    0.00000e+00   -2.08350e+03    7.90696e+02
   Total Energy  Conserved En.    Temperature Pres. DC (bar) Pressure (bar)
   -1.29280e+03   -1.93246e+03    1.27053e+02   -3.26391e+00   -1.40564e+00

           Step           Time
         711500     1423.00000

   Energies (kJ/mol)
        LJ (SR)  Disper. corr.   Coulomb (SR)      Potential    Kinetic En.
   -2.04807e+03   -3.86262e+01    0.00000e+00   -2.08670e+03    7.99412e+02
   Total Energy  Conserved En.    Temperature Pres. DC (bar) Pressure (bar)
   -1.28729e+03   -1.93281e+03    1.28453e+02   -3.26391e+00   -9.62796e-01

           Step           Time
         712000     1424.00000

   Energies (kJ/mol)
        LJ (SR)  Disper. corr.   Coulomb (SR)      Potential    Kinetic En.
   -2.02069e+03   -3.86262e+01    0.00000e+00   -2.05932e+03    7.59074e+02
   Total Energy  Conserved En.    Temperature Pres. DC (bar) Pressure (bar)
   -1.30024e+03   -1.93319e+03    1.21971e+02   -3.26391e+00   -2.51222e+01

           Step           Time
         712500     1425.00000

   Energies (kJ/mol)
        LJ (SR)  Disper. corr.   Coulomb (SR)      Potential    Kinetic En.
   -2.04122e+03   -3.86262e+01    0.00000e+00   -2.07985e+03    7.84781e+02
   Total Energy  Conserved En.    Temperature Pres. DC (bar) Pressure (bar)
   -1.29507e+03   -1.93360e+03    1.26102e+02   -3.26391e+00   -1.43317e+01

           Step           Time
         713000     1426.00000

   Energies (kJ/mol)
        LJ (SR)  Disper. corr.   Coulomb (SR)      Potential    Kinetic En.
   -2.04811e+03   -3.86262e+01    0.00000e+00   -2.08673e+03    8.40903e+02
   Total Energy  Conserved En.    Temperature Pres. DC (bar) Pressure (bar)
   -1.24583e+03   -1.93391e+03    1.35120e+02   -3.26391e+00    5.48577e+00

           Step           Time
         713500     1427.00000

   Energies (kJ/mol)
        LJ (SR)  Disper. corr.   Coulomb (SR)      Potential    Kinetic En.
   -1.99748e+03   -3.86262e+01    0.00000e+00   -2.03611e+03    7.49694e+02
   Total Energy  Conserved En.    Temperature Pres. DC (bar) Pressure (bar)
   -1.28641e+03   -1.93431e+03    1.20464e+02   -3.26391e+00   -5.40927e+00

           Step           Time
         714000     1428.00000

   Energies (kJ/mol)
        LJ (SR)  Disper. corr.   Coulomb (SR)      Potential    Kinetic En.
   -2.01505e+03   -3.86262e+01    0.00000e+00   -2.05368e+03    7.94195e+02
   Total Energy  Conserved En.    Temperature Pres. DC (bar) Pressure (bar)
   -1.25948e+03   -1.93462e+03    1.27615e+02   -3.26391e+00    6.12375e-01

           Step           Time
         714500     1429.00000

   Energies (kJ/mol)
        LJ (SR)  Disper. corr.   Coulomb (SR)      Potential    Kinetic En.
   -2.04403e+03   -3.86262e+01    0.00000e+00   -2.08266e+03    8.30886e+02
   Total Energy  Conserved En.    Temperature Pres. DC (bar) Pressure (bar)
   -1.25177e+03   -1.93499e+03    1.33511e+02   -3.26391e+00    8.70736e+00

           Step           Time
         715000     1430.00000

   Energies (kJ/mol)
        LJ (SR)  Disper. corr.   Coulomb (SR)      Potential    Kinetic En.
   -2.06730e+03   -3.86262e+01    0.00000e+00   -2.10593e+03    7.85572e+02
   Total Energy  Conserved En.    Temperature Pres. DC (bar) Pressure (bar)
   -1.32035e+03   -1.93533e+03    1.26229e+02   -3.26391e+00   -9.68831e+00

           Step           Time
         715500     1431.00000

   Energies (kJ/mol)
        LJ (SR)  Disper. corr.   Coulomb (SR)      Potential    Kinetic En.
   -2.10967e+03   -3.86262e+01    0.00000e+00   -2.14830e+03    8.18759e+02
   Total Energy  Conserved En.    Temperature Pres. DC (bar) Pressure (bar)
   -1.32954e+03   -1.93579e+03    1.31562e+02   -3.26391e+00    8.61108e-01

           Step           Time
         716000     1432.00000

   Energies (kJ/mol)
        LJ (SR)  Disper. corr.   Coulomb (SR)      Potential    Kinetic En.
   -2.12012e+03   -3.86262e+01    0.00000e+00   -2.15875e+03    7.90464e+02
   Total Energy  Conserved En.    Temperature Pres. DC (bar) Pressure (bar)
   -1.36828e+03   -1.93611e+03    1.27015e+02   -3.26391e+00   -3.45966e+00

           Step           Time
         716500     1433.00000

   Energies (kJ/mol)
        LJ (SR)  Disper. corr.   Coulomb (SR)      Potential    Kinetic En.
   -2.10349e+03   -3.86262e+01    0.00000e+00   -2.14211e+03    8.05003e+02
   Total Energy  Conserved En.    Temperature Pres. DC (bar) Pressure (bar)
   -1.33711e+03   -1.93646e+03    1.29351e+02   -3.26391e+00   -6.55828e+00

           Step           Time
         717000     1434.00000

   Energies (kJ/mol)
        LJ (SR)  Disper. corr.   Coulomb (SR)      Potential    Kinetic En.
   -2.08834e+03   -3.86262e+01    0.00000e+00   -2.12697e+03    8.33128e+02
   Total Energy  Conserved En.    Temperature Pres. DC (bar) Pressure (bar)
   -1.29384e+03   -1.93681e+03    1.33871e+02   -3.26391e+00   -2.96403e+00

           Step           Time
         717500     1435.00000

   Energies (kJ/mol)
        LJ (SR)  Disper. corr.   Coulomb (SR)      Potential    Kinetic En.
   -2.09082e+03   -3.86262e+01    0.00000e+00   -2.12945e+03    8.05532e+02
   Total Energy  Conserved En.    Temperature Pres. DC (bar) Pressure (bar)
   -1.32391e+03   -1.93716e+03    1.29437e+02   -3.26391e+00    1.06467e+01

           Step           Time
         718000     1436.00000

   Energies (kJ/mol)
        LJ (SR)  Disper. corr.   Coulomb (SR)      Potential    Kinetic En.
   -2.10782e+03   -3.86262e+01    0.00000e+00   -2.14645e+03    7.78573e+02
   Total Energy  Conserved En.    Temperature Pres. DC (bar) Pressure (bar)
   -1.36788e+03   -1.93746e+03    1.25105e+02   -3.26391e+00   -1.51821e+01

           Step           Time
         718500     1437.00000

   Energies (kJ/mol)
        LJ (SR)  Disper. corr.   Coulomb (SR)      Potential    Kinetic En.
   -2.02531e+03   -3.86262e+01    0.00000e+00   -2.06394e+03    7.87172e+02
   Total Energy  Conserved En.    Temperature Pres. DC (bar) Pressure (bar)
   -1.27676e+03   -1.93779e+03    1.26486e+02   -3.26391e+00    1.28011e+01

           Step           Time
         719000     1438.00000

   Energies (kJ/mol)
        LJ (SR)  Disper. corr.   Coulomb (SR)      Potential    Kinetic En.
   -2.05310e+03   -3.86262e+01    0.00000e+00   -2.09173e+03    8.22073e+02
   Total Energy  Conserved En.    Temperature Pres. DC (bar) Pressure (bar)
   -1.26966e+03   -1.93815e+03    1.32094e+02   -3.26391e+00   -6.55720e+00

           Step           Time
         719500     1439.00000

   Energies (kJ/mol)
        LJ (SR)  Disper. corr.   Coulomb (SR)      Potential    Kinetic En.
   -2.02367e+03   -3.86262e+01    0.00000e+00   -2.06230e+03    7.93911e+02
   Total Energy  Conserved En.    Temperature Pres. DC (bar) Pressure (bar)
   -1.26838e+03   -1.93855e+03    1.27569e+02   -3.26391e+00   -7.86948e+00

           Step           Time
         720000     1440.00000

   Energies (kJ/mol)
        LJ (SR)  Disper. corr.   Coulomb (SR)      Potential    Kinetic En.
   -1.97509e+03   -3.86262e+01    0.00000e+00   -2.01372e+03    7.94657e+02
   Total Energy  Conserved En.    Temperature Pres. DC (bar) Pressure (bar)
   -1.21906e+03   -1.93887e+03    1.27689e+02   -3.26391e+00    1.44704e+00

           Step           Time
         720500     1441.00000

   Energies (kJ/mol)
        LJ (SR)  Disper. corr.   Coulomb (SR)      Potential    Kinetic En.
   -1.99874e+03   -3.86262e+01    0.00000e+00   -2.03737e+03    8.14726e+02
   Total Energy  Conserved En.    Temperature Pres. DC (bar) Pressure (bar)
   -1.22264e+03   -1.93926e+03    1.30914e+02   -3.26391e+00   -1.37769e+01

           Step           Time
         721000     1442.00000

   Energies (kJ/mol)
        LJ (SR)  Disper. corr.   Coulomb (SR)      Potential    Kinetic En.
   -2.05417e+03   -3.86262e+01    0.00000e+00   -2.09279e+03    8.46870e+02
   Total Energy  Conserved En.    Temperature Pres. DC (bar) Pressure (bar)
   -1.24592e+03   -1.93965e+03    1.36079e+02   -3.26391e+00   -1.16875e+01

           Step           Time
         721500     1443.00000

   Energies (kJ/mol)
        LJ (SR)  Disper. corr.   Coulomb (SR)      Potential    Kinetic En.
   -2.03566e+03   -3.86262e+01    0.00000e+00   -2.07429e+03    7.97747e+02
   Total Energy  Conserved En.    Temperature Pres. DC (bar) Pressure (bar)
   -1.27654e+03   -1.94004e+03    1.28186e+02   -3.26391e+00    1.00579e+00

           Step           Time
         722000     1444.00000

   Energies (kJ/mol)
        LJ (SR)  Disper. corr.   Coulomb (SR)      Potential    Kinetic En.
   -2.03555e+03   -3.86262e+01    0.00000e+00   -2.07418e+03    7.75720e+02
   Total Energy  Conserved En.    Temperature Pres. DC (bar) Pressure (bar)
   -1.29846e+03   -1.94039e+03    1.24646e+02   -3.26391e+00   -6.07138e+00

           Step           Time
         722500     1445.00000

   Energies (kJ/mol)
        LJ (SR)  Disper. corr.   Coulomb (SR)      Potential    Kinetic En.
   -1.97154e+03   -3.86262e+01    0.00000e+00   -2.01017e+03    8.36310e+02
   Total Energy  Conserved En.    Temperature Pres. DC (bar) Pressure (bar)
   -1.17386e+03   -1.94080e+03    1.34382e+02   -3.26391e+00   -5.61470e+00

           Step           Time
         723000     1446.00000

   Energies (kJ/mol)
        LJ (SR)  Disper. corr.   Coulomb (SR)      Potential    Kinetic En.
   -2.01297e+03   -3.86262e+01    0.00000e+00   -2.05160e+03    8.03314e+02
   Total Energy  Conserved En.    Temperature Pres. DC (bar) Pressure (bar)
   -1.24828e+03   -1.94114e+03    1.29080e+02   -3.26391e+00   -1.02903e+01

           Step           Time
         723500     1447.00000

   Energies (kJ/mol)
        LJ (SR)  Disper. corr.   Coulomb (SR)      Potential    Kinetic En.
   -1.97218e+03   -3.86262e+01    0.00000e+00   -2.01080e+03    8.01097e+02
   Total Energy  Conserved En.    Temperature Pres. DC (bar) Pressure (bar)
   -1.20971e+03   -1.94147e+03    1.28724e+02   -3.26391e+00    1.08016e+00

           Step           Time
         724000     1448.00000

   Energies (kJ/mol)
        LJ (SR)  Disper. corr.   Coulomb (SR)      Potential    Kinetic En.
   -2.02435e+03   -3.86262e+01    0.00000e+00   -2.06298e+03    8.20459e+02
   Total Energy  Conserved En.    Temperature Pres. DC (bar) Pressure (bar)
   -1.24252e+03   -1.94186e+03    1.31835e+02   -3.26391e+00   -9.53551e+00

           Step           Time
         724500     1449.00000

   Energies (kJ/mol)
        LJ (SR)  Disper. corr.   Coulomb (SR)      Potential    Kinetic En.
   -2.02632e+03   -3.86262e+01    0.00000e+00   -2.06495e+03    7.83214e+02
   Total Energy  Conserved En.    Temperature Pres. DC (bar) Pressure (bar)
   -1.28173e+03   -1.94225e+03    1.25850e+02   -3.26391e+00    4.21552e+00

           Step           Time
         725000     1450.00000

   Energies (kJ/mol)
        LJ (SR)  Disper. corr.   Coulomb (SR)      Potential    Kinetic En.
   -2.02153e+03   -3.86262e+01    0.00000e+00   -2.06015e+03    7.99212e+02
   Total Energy  Conserved En.    Temperature Pres. DC (bar) Pressure (bar)
   -1.26094e+03   -1.94263e+03    1.28421e+02   -3.26391e+00   -2.46999e+00

           Step           Time
         725500     1451.00000

   Energies (kJ/mol)
        LJ (SR)  Disper. corr.   Coulomb (SR)      Potential    Kinetic En.
   -2.02077e+03   -3.86262e+01    0.00000e+00   -2.05940e+03    8.44617e+02
   Total Energy  Conserved En.    Temperature Pres. DC (bar) Pressure (bar)
   -1.21478e+03   -1.94303e+03    1.35717e+02   -3.26391e+00    1.28120e+01

           Step           Time
         726000     1452.00000

   Energies (kJ/mol)
        LJ (SR)  Disper. corr.   Coulomb (SR)      Potential    Kinetic En.
   -2.04473e+03   -3.86262e+01    0.00000e+00   -2.08335e+03    8.34099e+02
   Total Energy  Conserved En.    Temperature Pres. DC (bar) Pressure (bar)
   -1.24925e+03   -1.94342e+03    1.34027e+02   -3.26391e+00   -2.22595e+01

           Step           Time
         726500     1453.00000

   Energies (kJ/mol)
        LJ (SR)  Disper. corr.   Coulomb (SR)      Potential    Kinetic En.
   -2.04765e+03   -3.86262e+01    0.00000e+00   -2.08628e+03    8.37338e+02
   Total Energy  Conserved En.    Temperature Pres. DC (bar) Pressure (bar)
   -1.24894e+03   -1.94377e+03    1.34547e+02   -3.26391e+00   -1.40844e+01

           Step           Time
         727000     1454.00000

   Energies (kJ/mol)
        LJ (SR)  Disper. corr.   Coulomb (SR)      Potential    Kinetic En.
   -2.08678e+03   -3.86262e+01    0.00000e+00   -2.12540e+03    7.94500e+02
   Total Energy  Conserved En.    Temperature Pres. DC (bar) Pressure (bar)
   -1.33090e+03   -1.94411e+03    1.27664e+02   -3.26391e+00   -1.21660e+01

           Step           Time
         727500     1455.00000

   Energies (kJ/mol)
        LJ (SR)  Disper. corr.   Coulomb (SR)      Potential    Kinetic En.
   -2.05215e+03   -3.86262e+01    0.00000e+00   -2.09077e+03    7.79364e+02
   Total Energy  Conserved En.    Temperature Pres. DC (bar) Pressure (bar)
   -1.31141e+03   -1.94448e+03    1.25232e+02   -3.26391e+00   -5.04308e+00

           Step           Time
         728000     1456.00000

   Energies (kJ/mol)
        LJ (SR)  Disper. corr.   Coulomb (SR)      Potential    Kinetic En.
   -1.98824e+03   -3.86262e+01    0.00000e+00   -2.02687e+03    7.76708e+02
   Total Energy  Conserved En.    Temperature Pres. DC (bar) Pressure (bar)
   -1.25016e+03   -1.94482e+03    1.24805e+02   -3.26391e+00    4.89693e+00

           Step           Time
         728500     1457.00000

   Energies (kJ/mol)
        LJ (SR)  Disper. corr.   Coulomb (SR)      Potential    Kinetic En.
   -2.03192e+03   -3.86262e+01    0.00000e+00   -2.07055e+03    7.91074e+02
   Total Energy  Conserved En.    Temperature Pres. DC (bar) Pressure (bar)
   -1.27947e+03   -1.94509e+03    1.27113e+02   -3.26391e+00   -7.24591e+00

           Step           Time
         729000     1458.00000

   Energies (kJ/mol)
        LJ (SR)  Disper. corr.   Coulomb (SR)      Potential    Kinetic En.
   -2.05994e+03   -3.86262e+01    0.00000e+00   -2.09856e+03    8.02574e+02
   Total Energy  Conserved En.    Temperature Pres. DC (bar) Pressure (bar)
   -1.29599e+03   -1.94547e+03    1.28961e+02   -3.26391e+00   -8.55073e+00

           Step           Time
         729500     1459.00000

   Energies (kJ/mol)
        LJ (SR)  Disper. corr.   Coulomb (SR)      Potential    Kinetic En.
   -2.03188e+03   -3.86262e+01    0.00000e+00   -2.07051e+03    8.03111e+02
   Total Energy  Conserved En.    Temperature Pres. DC (bar) Pressure (bar)
   -1.26739e+03   -1.94578e+03    1.29047e+02   -3.26391e+00   -6.42533e+00

           Step           Time
         730000     1460.00000

   Energies (kJ/mol)
        LJ (SR)  Disper. corr.   Coulomb (SR)      Potential    Kinetic En.
   -2.05142e+03   -3.86262e+01    0.00000e+00   -2.09004e+03    7.99406e+02
   Total Energy  Conserved En.    Temperature Pres. DC (bar) Pressure (bar)
   -1.29064e+03   -1.94615e+03    1.28452e+02   -3.26391e+00   -1.58153e+00

           Step           Time
         730500     1461.00000

   Energies (kJ/mol)
        LJ (SR)  Disper. corr.   Coulomb (SR)      Potential    Kinetic En.
   -2.04061e+03   -3.86262e+01    0.00000e+00   -2.07923e+03    7.76128e+02
   Total Energy  Conserved En.    Temperature Pres. DC (bar) Pressure (bar)
   -1.30311e+03   -1.94656e+03    1.24712e+02   -3.26391e+00    4.86396e+00

           Step           Time
         731000     1462.00000

   Energies (kJ/mol)
        LJ (SR)  Disper. corr.   Coulomb (SR)      Potential    Kinetic En.
   -2.05183e+03   -3.86262e+01    0.00000e+00   -2.09046e+03    8.15816e+02
   Total Energy  Conserved En.    Temperature Pres. DC (bar) Pressure (bar)
   -1.27464e+03   -1.94694e+03    1.31089e+02   -3.26391e+00   -9.96838e+00

           Step           Time
         731500     1463.00000

   Energies (kJ/mol)
        LJ (SR)  Disper. corr.   Coulomb (SR)      Potential    Kinetic En.
   -2.05546e+03   -3.86262e+01    0.00000e+00   -2.09408e+03    7.86368e+02
   Total Energy  Conserved En.    Temperature Pres. DC (bar) Pressure (bar)
   -1.30772e+03   -1.94726e+03    1.26357e+02   -3.26391e+00    5.71534e+00

           Step           Time
         732000     1464.00000

   Energies (kJ/mol)
        LJ (SR)  Disper. corr.   Coulomb (SR)      Potential    Kinetic En.
   -2.05463e+03   -3.86262e+01    0.00000e+00   -2.09325e+03    8.19782e+02
   Total Energy  Conserved En.    Temperature Pres. DC (bar) Pressure (bar)
   -1.27347e+03   -1.94763e+03    1.31726e+02   -3.26391e+00   -1.15045e+01

           Step           Time
         732500     1465.00000

   Energies (kJ/mol)
        LJ (SR)  Disper. corr.   Coulomb (SR)      Potential    Kinetic En.
   -1.94876e+03   -3.86262e+01    0.00000e+00   -1.98739e+03    7.57620e+02
   Total Energy  Conserved En.    Temperature Pres. DC (bar) Pressure (bar)
   -1.22977e+03   -1.94797e+03    1.21738e+02   -3.26391e+00   -4.16197e+00

           Step           Time
         733000     1466.00000

   Energies (kJ/mol)
        LJ (SR)  Disper. corr.   Coulomb (SR)      Potential    Kinetic En.
   -1.96542e+03   -3.86262e+01    0.00000e+00   -2.00404e+03    8.56060e+02
   Total Energy  Conserved En.    Temperature Pres. DC (bar) Pressure (bar)
   -1.14798e+03   -1.94834e+03    1.37556e+02   -3.26391e+00   -2.92146e+00

           Step           Time
         733500     1467.00000

   Energies (kJ/mol)
        LJ (SR)  Disper. corr.   Coulomb (SR)      Potential    Kinetic En.
   -2.00082e+03   -3.86262e+01    0.00000e+00   -2.03944e+03    8.59026e+02
   Total Energy  Conserved En.    Temperature Pres. DC (bar) Pressure (bar)
   -1.18042e+03   -1.94875e+03    1.38032e+02   -3.26391e+00   -2.08149e+01

           Step           Time
         734000     1468.00000

   Energies (kJ/mol)
        LJ (SR)  Disper. corr.   Coulomb (SR)      Potential    Kinetic En.
   -2.03522e+03   -3.86262e+01    0.00000e+00   -2.07385e+03    7.57747e+02
   Total Energy  Conserved En.    Temperature Pres. DC (bar) Pressure (bar)
   -1.31610e+03   -1.94914e+03    1.21758e+02   -3.26391e+00   -2.15271e+01

           Step           Time
         734500     1469.00000

   Energies (kJ/mol)
        LJ (SR)  Disper. corr.   Coulomb (SR)      Potential    Kinetic En.
   -2.07150e+03   -3.86262e+01    0.00000e+00   -2.11012e+03    7.56116e+02
   Total Energy  Conserved En.    Temperature Pres. DC (bar) Pressure (bar)
   -1.35401e+03   -1.94953e+03    1.21496e+02   -3.26391e+00   -1.99358e+01

           Step           Time
         735000     1470.00000

   Energies (kJ/mol)
        LJ (SR)  Disper. corr.   Coulomb (SR)      Potential    Kinetic En.
   -2.09171e+03   -3.86262e+01    0.00000e+00   -2.13034e+03    7.94995e+02
   Total Energy  Conserved En.    Temperature Pres. DC (bar) Pressure (bar)
   -1.33535e+03   -1.94988e+03    1.27743e+02   -3.26391e+00    2.84668e+00

           Step           Time
         735500     1471.00000

   Energies (kJ/mol)
        LJ (SR)  Disper. corr.   Coulomb (SR)      Potential    Kinetic En.
   -2.09348e+03   -3.86262e+01    0.00000e+00   -2.13211e+03    7.88775e+02
   Total Energy  Conserved En.    Temperature Pres. DC (bar) Pressure (bar)
   -1.34333e+03   -1.95025e+03    1.26744e+02   -3.26391e+00    4.74618e+00

           Step           Time
         736000     1472.00000

   Energies (kJ/mol)
        LJ (SR)  Disper. corr.   Coulomb (SR)      Potential    Kinetic En.
   -2.04819e+03   -3.86262e+01    0.00000e+00   -2.08681e+03    7.76900e+02
   Total Energy  Conserved En.    Temperature Pres. DC (bar) Pressure (bar)
   -1.30991e+03   -1.95057e+03    1.24836e+02   -3.26391e+00   -5.23609e+00

           Step           Time
         736500     1473.00000

   Energies (kJ/mol)
        LJ (SR)  Disper. corr.   Coulomb (SR)      Potential    Kinetic En.
   -2.03383e+03   -3.86262e+01    0.00000e+00   -2.07246e+03    8.12166e+02
   Total Energy  Conserved En.    Temperature Pres. DC (bar) Pressure (bar)
   -1.26029e+03   -1.95093e+03    1.30502e+02   -3.26391e+00   -1.58944e+01

           Step           Time
         737000     1474.00000

   Energies (kJ/mol)
        LJ (SR)  Disper. corr.   Coulomb (SR)      Potential    Kinetic En.
   -1.98711e+03   -3.86262e+01    0.00000e+00   -2.02574e+03    8.25195e+02
   Total Energy  Conserved En.    Temperature Pres. DC (bar) Pressure (bar)
   -1.20055e+03   -1.95125e+03    1.32596e+02   -3.26391e+00   -1.01483e+01

           Step           Time
         737500     1475.00000

   Energies (kJ/mol)
        LJ (SR)  Disper. corr.   Coulomb (SR)      Potential    Kinetic En.
   -1.93721e+03   -3.86262e+01    0.00000e+00   -1.97584e+03    7.83648e+02
   Total Energy  Conserved En.    Temperature Pres. DC (bar) Pressure (bar)
   -1.19219e+03   -1.95154e+03    1.25920e+02   -3.26391e+00    2.75422e+00

           Step           Time
         738000     1476.00000

   Energies (kJ/mol)
        LJ (SR)  Disper. corr.   Coulomb (SR)      Potential    Kinetic En.
   -1.93864e+03   -3.86262e+01    0.00000e+00   -1.97726e+03    7.93638e+02
   Total Energy  Conserved En.    Temperature Pres. DC (bar) Pressure (bar)
   -1.18362e+03   -1.95188e+03    1.27525e+02   -3.26391e+00    1.04902e+01

           Step           Time
         738500     1477.00000

   Energies (kJ/mol)
        LJ (SR)  Disper. corr.   Coulomb (SR)      Potential    Kinetic En.
   -2.01516e+03   -3.86262e+01    0.00000e+00   -2.05379e+03    8.47153e+02
   Total Energy  Conserved En.    Temperature Pres. DC (bar) Pressure (bar)
   -1.20664e+03   -1.95226e+03    1.36124e+02   -3.26391e+00   -2.15294e+01

           Step           Time
         739000     1478.00000

   Energies (kJ/mol)
        LJ (SR)  Disper. corr.   Coulomb (SR)      Potential    Kinetic En.
   -1.97823e+03   -3.86262e+01    0.00000e+00   -2.01686e+03    8.22230e+02
   Total Energy  Conserved En.    Temperature Pres. DC (bar) Pressure (bar)
   -1.19463e+03   -1.95256e+03    1.32120e+02   -3.26391e+00    8.41651e+00

           Step           Time
         739500     1479.00000

   Energies (kJ/mol)
        LJ (SR)  Disper. corr.   Coulomb (SR)      Potential    Kinetic En.
   -2.04391e+03   -3.86262e+01    0.00000e+00   -2.08254e+03    7.94888e+02
   Total Energy  Conserved En.    Temperature Pres. DC (bar) Pressure (bar)
   -1.28765e+03   -1.95293e+03    1.27726e+02   -3.26391e+00   -1.17742e+01

           Step           Time
         740000     1480.00000

   Energies (kJ/mol)
        LJ (SR)  Disper. corr.   Coulomb (SR)      Potential    Kinetic En.
   -2.02570e+03   -3.86262e+01    0.00000e+00   -2.06433e+03    7.76706e+02
   Total Energy  Conserved En.    Temperature Pres. DC (bar) Pressure (bar)
   -1.28762e+03   -1.95323e+03    1.24805e+02   -3.26391e+00   -6.94507e+00

           Step           Time
         740500     1481.00000

   Energies (kJ/mol)
        LJ (SR)  Disper. corr.   Coulomb (SR)      Potential    Kinetic En.
   -2.08059e+03   -3.86262e+01    0.00000e+00   -2.11921e+03    8.26131e+02
   Total Energy  Conserved En.    Temperature Pres. DC (bar) Pressure (bar)
   -1.29308e+03   -1.95358e+03    1.32746e+02   -3.26391e+00    1.03395e+00

           Step           Time
         741000     1482.00000

   Energies (kJ/mol)
        LJ (SR)  Disper. corr.   Coulomb (SR)      Potential    Kinetic En.
   -1.99941e+03   -3.86262e+01    0.00000e+00   -2.03804e+03    8.44900e+02
   Total Energy  Conserved En.    Temperature Pres. DC (bar) Pressure (bar)
   -1.19314e+03   -1.95393e+03    1.35762e+02   -3.26391e+00   -3.82495e+00

           Step           Time
         741500     1483.00000

   Energies (kJ/mol)
        LJ (SR)  Disper. corr.   Coulomb (SR)      Potential    Kinetic En.
   -1.99260e+03   -3.86262e+01    0.00000e+00   -2.03123e+03    8.07628e+02
   Total Energy  Conserved En.    Temperature Pres. DC (bar) Pressure (bar)
   -1.22360e+03   -1.95424e+03    1.29773e+02   -3.26391e+00   -6.17288e+00

           Step           Time
         742000     1484.00000

   Energies (kJ/mol)
        LJ (SR)  Disper. corr.   Coulomb (SR)      Potential    Kinetic En.
   -2.04882e+03   -3.86262e+01    0.00000e+00   -2.08745e+03    7.87962e+02
   Total Energy  Conserved En.    Temperature Pres. DC (bar) Pressure (bar)
   -1.29949e+03   -1.95462e+03    1.26613e+02   -3.26391e+00   -1.80959e+00

           Step           Time
         742500     1485.00000

   Energies (kJ/mol)
        LJ (SR)  Disper. corr.   Coulomb (SR)      Potential    Kinetic En.
   -2.06487e+03   -3.86262e+01    0.00000e+00   -2.10350e+03    7.75896e+02
   Total Energy  Conserved En.    Temperature Pres. DC (bar) Pressure (bar)
   -1.32760e+03   -1.95497e+03    1.24675e+02   -3.26391e+00   -1.93551e+01

           Step           Time
         743000     1486.00000

   Energies (kJ/mol)
        LJ (SR)  Disper. corr.   Coulomb (SR)      Potential    Kinetic En.
   -2.04596e+03   -3.86262e+01    0.00000e+00   -2.08459e+03    7.95420e+02
   Total Energy  Conserved En.    Temperature Pres. DC (bar) Pressure (bar)
   -1.28917e+03   -1.95532e+03    1.27812e+02   -3.26391e+00   -3.74796e+00

           Step           Time
         743500     1487.00000

   Energies (kJ/mol)
        LJ (SR)  Disper. corr.   Coulomb (SR)      Potential    Kinetic En.
   -2.06089e+03   -3.86262e+01    0.00000e+00   -2.09951e+03    8.17806e+02
   Total Energy  Conserved En.    Temperature Pres. DC (bar) Pressure (bar)
   -1.28171e+03   -1.95564e+03    1.31409e+02   -3.26391e+00    1.12856e+00

           Step           Time
         744000     1488.00000

   Energies (kJ/mol)
        LJ (SR)  Disper. corr.   Coulomb (SR)      Potential    Kinetic En.
   -2.03533e+03   -3.86262e+01    0.00000e+00   -2.07396e+03    8.55794e+02
   Total Energy  Conserved En.    Temperature Pres. DC (bar) Pressure (bar)
   -1.21816e+03   -1.95601e+03    1.37513e+02   -3.26391e+00    6.15192e+00

           Step           Time
         744500     1489.00000

   Energies (kJ/mol)
        LJ (SR)  Disper. corr.   Coulomb (SR)      Potential    Kinetic En.
   -2.05432e+03   -3.86262e+01    0.00000e+00   -2.09294e+03    7.77446e+02
   Total Energy  Conserved En.    Temperature Pres. DC (bar) Pressure (bar)
   -1.31550e+03   -1.95641e+03    1.24924e+02   -3.26391e+00   -1.52136e+01

           Step           Time
         745000     1490.00000

   Energies (kJ/mol)
        LJ (SR)  Disper. corr.   Coulomb (SR)      Potential    Kinetic En.
   -2.06538e+03   -3.86262e+01    0.00000e+00   -2.10400e+03    8.48017e+02
   Total Energy  Conserved En.    Temperature Pres. DC (bar) Pressure (bar)
   -1.25599e+03   -1.95677e+03    1.36263e+02   -3.26391e+00    2.40690e+00

           Step           Time
         745500     1491.00000

   Energies (kJ/mol)
        LJ (SR)  Disper. corr.   Coulomb (SR)      Potential    Kinetic En.
   -2.02787e+03   -3.86262e+01    0.00000e+00   -2.06649e+03    7.94095e+02
   Total Energy  Conserved En.    Temperature Pres. DC (bar) Pressure (bar)
   -1.27240e+03   -1.95713e+03    1.27599e+02   -3.26391e+00   -7.23919e+00

           Step           Time
         746000     1492.00000

   Energies (kJ/mol)
        LJ (SR)  Disper. corr.   Coulomb (SR)      Potential    Kinetic En.
   -2.03391e+03   -3.86262e+01    0.00000e+00   -2.07254e+03    8.07813e+02
   Total Energy  Conserved En.    Temperature Pres. DC (bar) Pressure (bar)
   -1.26473e+03   -1.95749e+03    1.29803e+02   -3.26391e+00   -9.10129e+00

           Step           Time
         746500     1493.00000

   Energies (kJ/mol)
        LJ (SR)  Disper. corr.   Coulomb (SR)      Potential    Kinetic En.
   -1.97446e+03   -3.86262e+01    0.00000e+00   -2.01309e+03    8.01452e+02
   Total Energy  Conserved En.    Temperature Pres. DC (bar) Pressure (bar)
   -1.21163e+03   -1.95783e+03    1.28781e+02   -3.26391e+00    2.37763e+00

           Step           Time
         747000     1494.00000

   Energies (kJ/mol)
        LJ (SR)  Disper. corr.   Coulomb (SR)      Potential    Kinetic En.
   -1.97187e+03   -3.86262e+01    0.00000e+00   -2.01050e+03    8.42108e+02
   Total Energy  Conserved En.    Temperature Pres. DC (bar) Pressure (bar)
   -1.16839e+03   -1.95816e+03    1.35314e+02   -3.26391e+00   -1.40634e+01

           Step           Time
         747500     1495.00000

   Energies (kJ/mol)
        LJ (SR)  Disper. corr.   Coulomb (SR)      Potential    Kinetic En.
   -1.93912e+03   -3.86262e+01    0.00000e+00   -1.97775e+03    8.12311e+02
   Total Energy  Conserved En.    Temperature Pres. DC (bar) Pressure (bar)
   -1.16544e+03   -1.95847e+03    1.30526e+02   -3.26391e+00   -1.22238e+01

           Step           Time
         748000     1496.00000

   Energies (kJ/mol)
        LJ (SR)  Disper. corr.   Coulomb (SR)      Potential    Kinetic En.
   -1.95849e+03   -3.86262e+01    0.00000e+00   -1.99712e+03    8.65419e+02
   Total Energy  Conserved En.    Temperature Pres. DC (bar) Pressure (bar)
   -1.13170e+03   -1.95884e+03    1.39059e+02   -3.26391e+00    8.66852e-02

           Step           Time
         748500     1497.00000

   Energies (kJ/mol)
        LJ (SR)  Disper. corr.   Coulomb (SR)      Potential    Kinetic En.
   -1.98359e+03   -3.86262e+01    0.00000e+00   -2.02221e+03    8.54671e+02
   Total Energy  Conserved En.    Temperature Pres. DC (bar) Pressure (bar)
   -1.16754e+03   -1.95922e+03    1.37332e+02   -3.26391e+00   -1.64966e+01

           Step           Time
         749000     1498.00000

   Energies (kJ/mol)
        LJ (SR)  Disper. corr.   Coulomb (SR)      Potential    Kinetic En.
   -2.01205e+03   -3.86262e+01    0.00000e+00   -2.05068e+03    8.11995e+02
   Total Energy  Conserved En.    Temperature Pres. DC (bar) Pressure (bar)
   -1.23868e+03   -1.95957e+03    1.30475e+02   -3.26391e+00   -6.79829e-01

           Step           Time
         749500     1499.00000

   Energies (kJ/mol)
        LJ (SR)  Disper. corr.   Coulomb (SR)      Potential    Kinetic En.
   -2.03396e+03   -3.86262e+01    0.00000e+00   -2.07258e+03    8.35438e+02
   Total Energy  Conserved En.    Temperature Pres. DC (bar) Pressure (bar)
   -1.23715e+03   -1.95989e+03    1.34242e+02   -3.26391e+00   -1.09421e+01

           Step           Time
         750000     1500.00000

   Energies (kJ/mol)
        LJ (SR)  Disper. corr.   Coulomb (SR)      Potential    Kinetic En.
   -2.01281e+03   -3.86262e+01    0.00000e+00   -2.05143e+03    7.98729e+02
   Total Energy  Conserved En.    Temperature Pres. DC (bar) Pressure (bar)
   -1.25271e+03   -1.96029e+03    1.28343e+02   -3.26391e+00   -1.03571e+01

           Step           Time
         750500     1501.00000

   Energies (kJ/mol)
        LJ (SR)  Disper. corr.   Coulomb (SR)      Potential    Kinetic En.
   -2.02843e+03   -3.86262e+01    0.00000e+00   -2.06706e+03    8.36657e+02
   Total Energy  Conserved En.    Temperature Pres. DC (bar) Pressure (bar)
   -1.23040e+03   -1.96065e+03    1.34438e+02   -3.26391e+00   -1.15069e+01

           Step           Time
         751000     1502.00000

   Energies (kJ/mol)
        LJ (SR)  Disper. corr.   Coulomb (SR)      Potential    Kinetic En.
   -2.00938e+03   -3.86262e+01    0.00000e+00   -2.04800e+03    8.08741e+02
   Total Energy  Conserved En.    Temperature Pres. DC (bar) Pressure (bar)
   -1.23926e+03   -1.96100e+03    1.29952e+02   -3.26391e+00   -1.34844e+00

           Step           Time
         751500     1503.00000

   Energies (kJ/mol)
        LJ (SR)  Disper. corr.   Coulomb (SR)      Potential    Kinetic En.
   -2.00426e+03   -3.86262e+01    0.00000e+00   -2.04289e+03    8.16379e+02
   Total Energy  Conserved En.    Temperature Pres. DC (bar) Pressure (bar)
   -1.22651e+03   -1.96131e+03    1.31179e+02   -3.26391e+00   -8.18431e+00

           Step           Time
         752000     1504.00000

   Energies (kJ/mol)
        LJ (SR)  Disper. corr.   Coulomb (SR)      Potential    Kinetic En.
   -2.02842e+03   -3.86262e+01    0.00000e+00   -2.06704e+03    7.98786e+02
   Total Energy  Conserved En.    Temperature Pres. DC (bar) Pressure (bar)
   -1.26826e+03   -1.96169e+03    1.28352e+02   -3.26391e+00   -7.59904e+00

           Step           Time
         752500     1505.00000

   Energies (kJ/mol)
        LJ (SR)  Disper. corr.   Coulomb (SR)      Potential    Kinetic En.
   -2.03273e+03   -3.86262e+01    0.00000e+00   -2.07135e+03    8.16943e+02
   Total Energy  Conserved En.    Temperature Pres. DC (bar) Pressure (bar)
   -1.25441e+03   -1.96205e+03    1.31270e+02   -3.26391e+00   -4.51789e-01

           Step           Time
         753000     1506.00000

   Energies (kJ/mol)
        LJ (SR)  Disper. corr.   Coulomb (SR)      Potential    Kinetic En.
   -2.00542e+03   -3.86262e+01    0.00000e+00   -2.04405e+03    7.73725e+02
   Total Energy  Conserved En.    Temperature Pres. DC (bar) Pressure (bar)
   -1.27032e+03   -1.96240e+03    1.24326e+02   -3.26391e+00    9.65802e+00

           Step           Time
         753500     1507.00000

   Energies (kJ/mol)
        LJ (SR)  Disper. corr.   Coulomb (SR)      Potential    Kinetic En.
   -2.02462e+03   -3.86262e+01    0.00000e+00   -2.06325e+03    8.12167e+02
   Total Energy  Conserved En.    Temperature Pres. DC (bar) Pressure (bar)
   -1.25108e+03   -1.96272e+03    1.30503e+02   -3.26391e+00   -8.32695e+00

           Step           Time
         754000     1508.00000

   Energies (kJ/mol)
        LJ (SR)  Disper. corr.   Coulomb (SR)      Potential    Kinetic En.
   -1.99473e+03   -3.86262e+01    0.00000e+00   -2.03335e+03    8.49411e+02
   Total Energy  Conserved En.    Temperature Pres. DC (bar) Pressure (bar)
   -1.18394e+03   -1.96306e+03    1.36487e+02   -3.26391e+00   -6.27804e+00

           Step           Time
         754500     1509.00000

   Energies (kJ/mol)
        LJ (SR)  Disper. corr.   Coulomb (SR)      Potential    Kinetic En.
   -1.97775e+03   -3.86262e+01    0.00000e+00   -2.01638e+03    8.01670e+02
   Total Energy  Conserved En.    Temperature Pres. DC (bar) Pressure (bar)
   -1.21471e+03   -1.96337e+03    1.28816e+02   -3.26391e+00   -3.33157e+00

           Step           Time
         755000     1510.00000

   Energies (kJ/mol)
        LJ (SR)  Disper. corr.   Coulomb (SR)      Potential    Kinetic En.
   -1.99741e+03   -3.86262e+01    0.00000e+00   -2.03603e+03    8.74186e+02
   Total Energy  Conserved En.    Temperature Pres. DC (bar) Pressure (bar)
   -1.16185e+03   -1.96370e+03    1.40468e+02   -3.26391e+00   -4.96603e+00

           Step           Time
         755500     1511.00000

   Energies (kJ/mol)
        LJ (SR)  Disper. corr.   Coulomb (SR)      Potential    Kinetic En.
   -1.99108e+03   -3.86262e+01    0.00000e+00   -2.02971e+03    8.18469e+02
   Total Energy  Conserved En.    Temperature Pres. DC (bar) Pressure (bar)
   -1.21124e+03   -1.96401e+03    1.31515e+02   -3.26391e+00    9.68428e-02

           Step           Time
         756000     1512.00000

   Energies (kJ/mol)
        LJ (SR)  Disper. corr.   Coulomb (SR)      Potential    Kinetic En.
   -2.01349e+03   -3.86262e+01    0.00000e+00   -2.05212e+03    8.35053e+02
   Total Energy  Conserved En.    Temperature Pres. DC (bar) Pressure (bar)
   -1.21707e+03   -1.96437e+03    1.34180e+02   -3.26391e+00   -1.82494e+00

           Step           Time
         756500     1513.00000

   Energies (kJ/mol)
        LJ (SR)  Disper. corr.   Coulomb (SR)      Potential    Kinetic En.
   -2.01806e+03   -3.86262e+01    0.00000e+00   -2.05669e+03    8.15982e+02
   Total Energy  Conserved En.    Temperature Pres. DC (bar) Pressure (bar)
   -1.24071e+03   -1.96472e+03    1.31116e+02   -3.26391e+00   -7.79911e+00

           Step           Time
         757000     1514.00000

   Energies (kJ/mol)
        LJ (SR)  Disper. corr.   Coulomb (SR)      Potential    Kinetic En.
   -2.09246e+03   -3.86262e+01    0.00000e+00   -2.13108e+03    7.86616e+02
   Total Energy  Conserved En.    Temperature Pres. DC (bar) Pressure (bar)
   -1.34447e+03   -1.96509e+03    1.26397e+02   -3.26391e+00   -1.38278e+01

           Step           Time
         757500     1515.00000

   Energies (kJ/mol)
        LJ (SR)  Disper. corr.   Coulomb (SR)      Potential    Kinetic En.
   -2.09029e+03   -3.86262e+01    0.00000e+00   -2.12891e+03    8.48593e+02
   Total Energy  Conserved En.    Temperature Pres. DC (bar) Pressure (bar)
   -1.28032e+03   -1.96548e+03    1.36356e+02   -3.26391e+00   -2.62242e-01

           Step           Time
         758000     1516.00000

   Energies (kJ/mol)
        LJ (SR)  Disper. corr.   Coulomb (SR)      Potential    Kinetic En.
   -2.07777e+03   -3.86262e+01    0.00000e+00   -2.11640e+03    8.07629e+02
   Total Energy  Conserved En.    Temperature Pres. DC (bar) Pressure (bar)
   -1.30877e+03   -1.96581e+03    1.29773e+02   -3.26391e+00   -4.40549e-01

           Step           Time
         758500     1517.00000

   Energies (kJ/mol)
        LJ (SR)  Disper. corr.   Coulomb (SR)      Potential    Kinetic En.
   -2.04800e+03   -3.86262e+01    0.00000e+00   -2.08662e+03    8.35700e+02
   Total Energy  Conserved En.    Temperature Pres. DC (bar) Pressure (bar)
   -1.25092e+03   -1.96616e+03    1.34284e+02   -3.26391e+00   -2.51176e+00

           Step           Time
         759000     1518.00000

   Energies (kJ/mol)
        LJ (SR)  Disper. corr.   Coulomb (SR)      Potential    Kinetic En.
   -1.99849e+03   -3.86262e+01    0.00000e+00   -2.03711e+03    7.46823e+02
   Total Energy  Conserved En.    Temperature Pres. DC (bar) Pressure (bar)
   -1.29029e+03   -1.96645e+03    1.20003e+02   -3.26391e+00   -1.88167e+00

           Step           Time
         759500     1519.00000

   Energies (kJ/mol)
        LJ (SR)  Disper. corr.   Coulomb (SR)      Potential    Kinetic En.
   -2.04217e+03   -3.86262e+01    0.00000e+00   -2.08080e+03    8.29938e+02
   Total Energy  Conserved En.    Temperature Pres. DC (bar) Pressure (bar)
   -1.25086e+03   -1.96686e+03    1.33358e+02   -3.26391e+00   -3.39135e+00

           Step           Time
         760000     1520.00000

   Energies (kJ/mol)
        LJ (SR)  Disper. corr.   Coulomb (SR)      Potential    Kinetic En.
   -2.01989e+03   -3.86262e+01    0.00000e+00   -2.05851e+03    8.14499e+02
   Total Energy  Conserved En.    Temperature Pres. DC (bar) Pressure (bar)
   -1.24401e+03   -1.96720e+03    1.30877e+02   -3.26391e+00    9.23246e+00

           Step           Time
         760500     1521.00000

   Energies (kJ/mol)
        LJ (SR)  Disper. corr.   Coulomb (SR)      Potential    Kinetic En.
   -2.09568e+03   -3.86262e+01    0.00000e+00   -2.13431e+03    7.77420e+02
   Total Energy  Conserved En.    Temperature Pres. DC (bar) Pressure (bar)
   -1.35689e+03   -1.96764e+03    1.24919e+02   -3.26391e+00   -1.51792e+01

           Step           Time
         761000     1522.00000

   Energies (kJ/mol)
        LJ (SR)  Disper. corr.   Coulomb (SR)      Potential    Kinetic En.
   -2.04089e+03   -3.86262e+01    0.00000e+00   -2.07951e+03    8.42135e+02
   Total Energy  Conserved En.    Temperature Pres. DC (bar) Pressure (bar)
   -1.23738e+03   -1.96800e+03    1.35318e+02   -3.26391e+00    2.62871e+00

           Step           Time
         761500     1523.00000

   Energies (kJ/mol)
        LJ (SR)  Disper. corr.   Coulomb (SR)      Potential    Kinetic En.
   -2.03642e+03   -3.86262e+01    0.00000e+00   -2.07504e+03    7.61422e+02
   Total Energy  Conserved En.    Temperature Pres. DC (bar) Pressure (bar)
   -1.31362e+03   -1.96835e+03    1.22349e+02   -3.26391e+00   -1.17467e+01

           Step           Time
         762000     1524.00000

   Energies (kJ/mol)
        LJ (SR)  Disper. corr.   Coulomb (SR)      Potential    Kinetic En.
   -2.02851e+03   -3.86262e+01    0.00000e+00   -2.06713e+03    8.08926e+02
   Total Energy  Conserved En.    Temperature Pres. DC (bar) Pressure (bar)
   -1.25821e+03   -1.96871e+03    1.29982e+02   -3.26391e+00   -4.79943e+00

           Step           Time
         762500     1525.00000

   Energies (kJ/mol)
        LJ (SR)  Disper. corr.   Coulomb (SR)      Potential    Kinetic En.
   -2.05848e+03   -3.86262e+01    0.00000e+00   -2.09710e+03    7.88347e+02
   Total Energy  Conserved En.    Temperature Pres. DC (bar) Pressure (bar)
   -1.30876e+03   -1.96909e+03    1.26675e+02   -3.26391e+00   -1.69029e+01

           Step           Time
         763000     1526.00000

   Energies (kJ/mol)
        LJ (SR)  Disper. corr.   Coulomb (SR)      Potential    Kinetic En.
   -2.08522e+03   -3.86262e+01    0.00000e+00   -2.12384e+03    7.92149e+02
   Total Energy  Conserved En.    Temperature Pres. DC (bar) Pressure (bar)
   -1.33169e+03   -1.96952e+03    1.27286e+02   -3.26391e+00   -1.17349e+01

           Step           Time
         763500     1527.00000

   Energies (kJ/mol)
        LJ (SR)  Disper. corr.   Coulomb (SR)      Potential    Kinetic En.
   -2.03471e+03   -3.86262e+01    0.00000e+00   -2.07333e+03    8.31883e+02
   Total Energy  Conserved En.    Temperature Pres. DC (bar) Pressure (bar)
   -1.24145e+03   -1.96986e+03    1.33671e+02   -3.26391e+00   -2.41296e+00

           Step           Time
         764000     1528.00000

   Energies (kJ/mol)
        LJ (SR)  Disper. corr.   Coulomb (SR)      Potential    Kinetic En.
   -2.05093e+03   -3.86262e+01    0.00000e+00   -2.08956e+03    7.64759e+02
   Total Energy  Conserved En.    Temperature Pres. DC (bar) Pressure (bar)
   -1.32480e+03   -1.97022e+03    1.22885e+02   -3.26391e+00   -1.58657e+00

           Step           Time
         764500     1529.00000

   Energies (kJ/mol)
        LJ (SR)  Disper. corr.   Coulomb (SR)      Potential    Kinetic En.
   -2.04386e+03   -3.86262e+01    0.00000e+00   -2.08249e+03    8.46205e+02
   Total Energy  Conserved En.    Temperature Pres. DC (bar) Pressure (bar)
   -1.23629e+03   -1.97057e+03    1.35972e+02   -3.26391e+00    1.19860e+01

           Step           Time
         765000     1530.00000

   Energies (kJ/mol)
        LJ (SR)  Disper. corr.   Coulomb (SR)      Potential    Kinetic En.
   -2.08671e+03   -3.86262e+01    0.00000e+00   -2.12534e+03    7.79617e+02
   Total Energy  Conserved En.    Temperature Pres. DC (bar) Pressure (bar)
   -1.34572e+03   -1.97098e+03    1.25272e+02   -3.26391e+00   -2.65751e-02

           Step           Time
         765500     1531.00000

   Energies (kJ/mol)
        LJ (SR)  Disper. corr.   Coulomb (SR)      Potential    Kinetic En.
   -2.10039e+03   -3.86262e+01    0.00000e+00   -2.13901e+03    7.42269e+02
   Total Energy  Conserved En.    Temperature Pres. DC (bar) Pressure (bar)
   -1.39674e+03   -1.97134e+03    1.19271e+02   -3.26391e+00   -3.45046e+00

           Step           Time
         766000     1532.00000

   Energies (kJ/mol)
        LJ (SR)  Disper. corr.   Coulomb (SR)      Potential    Kinetic En.
   -2.06258e+03   -3.86262e+01    0.00000e+00   -2.10121e+03    7.88365e+02
   Total Energy  Conserved En.    Temperature Pres. DC (bar) Pressure (bar)
   -1.31284e+03   -1.97168e+03    1.26678e+02   -3.26391e+00    1.14218e+01

           Step           Time
         766500     1533.00000

   Energies (kJ/mol)
        LJ (SR)  Disper. corr.   Coulomb (SR)      Potential    Kinetic En.
   -2.04460e+03   -3.86262e+01    0.00000e+00   -2.08323e+03    7.45745e+02
   Total Energy  Conserved En.    Temperature Pres. DC (bar) Pressure (bar)
   -1.33748e+03   -1.97201e+03    1.19830e+02   -3.26391e+00   -4.93843e+00

           Step           Time
         767000     1534.00000

   Energies (kJ/mol)
        LJ (SR)  Disper. corr.   Coulomb (SR)      Potential    Kinetic En.
   -2.02536e+03   -3.86262e+01    0.00000e+00   -2.06399e+03    8.09967e+02
   Total Energy  Conserved En.    Temperature Pres. DC (bar) Pressure (bar)
   -1.25402e+03   -1.97233e+03    1.30149e+02   -3.26391e+00   -1.13908e+01

           Step           Time
         767500     1535.00000

   Energies (kJ/mol)
        LJ (SR)  Disper. corr.   Coulomb (SR)      Potential    Kinetic En.
   -2.04342e+03   -3.86262e+01    0.00000e+00   -2.08204e+03    8.00307e+02
   Total Energy  Conserved En.    Temperature Pres. DC (bar) Pressure (bar)
   -1.28173e+03   -1.97268e+03    1.28597e+02   -3.26391e+00   -8.96968e+00

           Step           Time
         768000     1536.00000

   Energies (kJ/mol)
        LJ (SR)  Disper. corr.   Coulomb (SR)      Potential    Kinetic En.
   -2.04159e+03   -3.86262e+01    0.00000e+00   -2.08022e+03    7.70041e+02
   Total Energy  Conserved En.    Temperature Pres. DC (bar) Pressure (bar)
   -1.31017e+03   -1.97307e+03    1.23734e+02   -3.26391e+00    1.40311e+01

           Step           Time
         768500     1537.00000

   Energies (kJ/mol)
        LJ (SR)  Disper. corr.   Coulomb (SR)      Potential    Kinetic En.
   -1.99742e+03   -3.86262e+01    0.00000e+00   -2.03604e+03    8.29991e+02
   Total Energy  Conserved En.    Temperature Pres. DC (bar) Pressure (bar)
   -1.20605e+03   -1.97336e+03    1.33367e+02   -3.26391e+00    6.96482e+00

           Step           Time
         769000     1538.00000

   Energies (kJ/mol)
        LJ (SR)  Disper. corr.   Coulomb (SR)      Potential    Kinetic En.
   -1.98700e+03   -3.86262e+01    0.00000e+00   -2.02563e+03    8.71841e+02
   Total Energy  Conserved En.    Temperature Pres. DC (bar) Pressure (bar)
   -1.15379e+03   -1.97371e+03    1.40091e+02   -3.26391e+00    4.21690e+00

           Step           Time
         769500     1539.00000

   Energies (kJ/mol)
        LJ (SR)  Disper. corr.   Coulomb (SR)      Potential    Kinetic En.
   -1.93202e+03   -3.86262e+01    0.00000e+00   -1.97065e+03    8.00045e+02
   Total Energy  Conserved En.    Temperature Pres. DC (bar) Pressure (bar)
   -1.17060e+03   -1.97403e+03    1.28555e+02   -3.26391e+00   -2.38285e+00

           Step           Time
         770000     1540.00000

   Energies (kJ/mol)
        LJ (SR)  Disper. corr.   Coulomb (SR)      Potential    Kinetic En.
   -1.93978e+03   -3.86262e+01    0.00000e+00   -1.97841e+03    7.62462e+02
   Total Energy  Conserved En.    Temperature Pres. DC (bar) Pressure (bar)
   -1.21595e+03   -1.97446e+03    1.22516e+02   -3.26391e+00   -2.37468e+01

           Step           Time
         770500     1541.00000

   Energies (kJ/mol)
        LJ (SR)  Disper. corr.   Coulomb (SR)      Potential    Kinetic En.
   -1.98847e+03   -3.86262e+01    0.00000e+00   -2.02710e+03    8.71447e+02
   Total Energy  Conserved En.    Temperature Pres. DC (bar) Pressure (bar)
   -1.15565e+03   -1.97482e+03    1.40028e+02   -3.26391e+00   -9.42005e+00

           Step           Time
         771000     1542.00000

   Energies (kJ/mol)
        LJ (SR)  Disper. corr.   Coulomb (SR)      Potential    Kinetic En.
   -2.02552e+03   -3.86262e+01    0.00000e+00   -2.06415e+03    8.24479e+02
   Total Energy  Conserved En.    Temperature Pres. DC (bar) Pressure (bar)
   -1.23967e+03   -1.97512e+03    1.32481e+02   -3.26391e+00   -4.35454e+00

           Step           Time
         771500     1543.00000

   Energies (kJ/mol)
        LJ (SR)  Disper. corr.   Coulomb (SR)      Potential    Kinetic En.
   -2.01931e+03   -3.86262e+01    0.00000e+00   -2.05794e+03    7.77677e+02
   Total Energy  Conserved En.    Temperature Pres. DC (bar) Pressure (bar)
   -1.28026e+03   -1.97551e+03    1.24961e+02   -3.26391e+00    2.78011e+00

           Step           Time
         772000     1544.00000

   Energies (kJ/mol)
        LJ (SR)  Disper. corr.   Coulomb (SR)      Potential    Kinetic En.
   -2.01606e+03   -3.86262e+01    0.00000e+00   -2.05469e+03    8.09687e+02
   Total Energy  Conserved En.    Temperature Pres. DC (bar) Pressure (bar)
   -1.24500e+03   -1.97589e+03    1.30104e+02   -3.26391e+00   -6.23004e-01

           Step           Time
         772500     1545.00000

   Energies (kJ/mol)
        LJ (SR)  Disper. corr.   Coulomb (SR)      Potential    Kinetic En.
   -2.06141e+03   -3.86262e+01    0.00000e+00   -2.10004e+03    8.03628e+02
   Total Energy  Conserved En.    Temperature Pres. DC (bar) Pressure (bar)
   -1.29641e+03   -1.97619e+03    1.29131e+02   -3.26391e+00   -1.77428e+01

           Step           Time
         773000     1546.00000

   Energies (kJ/mol)
        LJ (SR)  Disper. corr.   Coulomb (SR)      Potential    Kinetic En.
   -2.04895e+03   -3.86262e+01    0.00000e+00   -2.08758e+03    8.44637e+02
   Total Energy  Conserved En.    Temperature Pres. DC (bar) Pressure (bar)
   -1.24294e+03   -1.97656e+03    1.35720e+02   -3.26391e+00   -9.86089e+00

           Step           Time
         773500     1547.00000

   Energies (kJ/mol)
        LJ (SR)  Disper. corr.   Coulomb (SR)      Potential    Kinetic En.
   -2.07239e+03   -3.86262e+01    0.00000e+00   -2.11102e+03    8.18594e+02
   Total Energy  Conserved En.    Temperature Pres. DC (bar) Pressure (bar)
   -1.29242e+03   -1.97693e+03    1.31535e+02   -3.26391e+00    1.21383e+01

           Step           Time
         774000     1548.00000

   Energies (kJ/mol)
        LJ (SR)  Disper. corr.   Coulomb (SR)      Potential    Kinetic En.
   -2.12040e+03   -3.86262e+01    0.00000e+00   -2.15902e+03    8.38300e+02
   Total Energy  Conserved En.    Temperature Pres. DC (bar) Pressure (bar)
   -1.32073e+03   -1.97732e+03    1.34702e+02   -3.26391e+00    4.96247e+00

           Step           Time
         774500     1549.00000

   Energies (kJ/mol)
        LJ (SR)  Disper. corr.   Coulomb (SR)      Potential    Kinetic En.
   -2.10059e+03   -3.86262e+01    0.00000e+00   -2.13921e+03    8.16179e+02
   Total Energy  Conserved En.    Temperature Pres. DC (bar) Pressure (bar)
   -1.32304e+03   -1.97773e+03    1.31147e+02   -3.26391e+00   -1.36231e+01

           Step           Time
         775000     1550.00000

   Energies (kJ/mol)
        LJ (SR)  Disper. corr.   Coulomb (SR)      Potential    Kinetic En.
   -2.03664e+03   -3.86262e+01    0.00000e+00   -2.07527e+03    8.03785e+02
   Total Energy  Conserved En.    Temperature Pres. DC (bar) Pressure (bar)
   -1.27149e+03   -1.97810e+03    1.29156e+02   -3.26391e+00    1.57892e+01

           Step           Time
         775500     1551.00000

   Energies (kJ/mol)
        LJ (SR)  Disper. corr.   Coulomb (SR)      Potential    Kinetic En.
   -2.02608e+03   -3.86262e+01    0.00000e+00   -2.06470e+03    8.40955e+02
   Total Energy  Conserved En.    Temperature Pres. DC (bar) Pressure (bar)
   -1.22375e+03   -1.97843e+03    1.35128e+02   -3.26391e+00   -6.42019e+00

           Step           Time
         776000     1552.00000

   Energies (kJ/mol)
        LJ (SR)  Disper. corr.   Coulomb (SR)      Potential    Kinetic En.
   -2.03393e+03   -3.86262e+01    0.00000e+00   -2.07256e+03    8.55382e+02
   Total Energy  Conserved En.    Temperature Pres. DC (bar) Pressure (bar)
   -1.21717e+03   -1.97876e+03    1.37447e+02   -3.26391e+00   -6.70576e-01

           Step           Time
         776500     1553.00000

   Energies (kJ/mol)
        LJ (SR)  Disper. corr.   Coulomb (SR)      Potential    Kinetic En.
   -2.05457e+03   -3.86262e+01    0.00000e+00   -2.09320e+03    7.69647e+02
   Total Energy  Conserved En.    Temperature Pres. DC (bar) Pressure (bar)
   -1.32355e+03   -1.97910e+03    1.23670e+02   -3.26391e+00   -1.82169e+00

           Step           Time
         777000     1554.00000

   Energies (kJ/mol)
        LJ (SR)  Disper. corr.   Coulomb (SR)      Potential    Kinetic En.
   -2.04502e+03   -3.86262e+01    0.00000e+00   -2.08365e+03    8.26589e+02
   Total Energy  Conserved En.    Temperature Pres. DC (bar) Pressure (bar)
   -1.25706e+03   -1.97945e+03    1.32820e+02   -3.26391e+00   -4.73084e+00

           Step           Time
         777500     1555.00000

   Energies (kJ/mol)
        LJ (SR)  Disper. corr.   Coulomb (SR)      Potential    Kinetic En.
   -2.02541e+03   -3.86262e+01    0.00000e+00   -2.06403e+03    8.40737e+02
   Total Energy  Conserved En.    Temperature Pres. DC (bar) Pressure (bar)
   -1.22330e+03   -1.97982e+03    1.35093e+02   -3.26391e+00   -3.07683e+00

           Step           Time
         778000     1556.00000

   Energies (kJ/mol)
        LJ (SR)  Disper. corr.   Coulomb (SR)      Potential    Kinetic En.
   -1.98626e+03   -3.86262e+01    0.00000e+00   -2.02489e+03    8.11852e+02
   Total Energy  Conserved En.    Temperature Pres. DC (bar) Pressure (bar)
   -1.21304e+03   -1.98016e+03    1.30452e+02   -3.26391e+00   -7.68549e-01

           Step           Time
         778500     1557.00000

   Energies (kJ/mol)
        LJ (SR)  Disper. corr.   Coulomb (SR)      Potential    Kinetic En.
   -2.02470e+03   -3.86262e+01    0.00000e+00   -2.06332e+03    8.12958e+02
   Total Energy  Conserved En.    Temperature Pres. DC (bar) Pressure (bar)
   -1.25036e+03   -1.98051e+03    1.30630e+02   -3.26391e+00   -1.69819e+01

           Step           Time
         779000     1558.00000

   Energies (kJ/mol)
        LJ (SR)  Disper. corr.   Coulomb (SR)      Potential    Kinetic En.
   -2.04296e+03   -3.86262e+01    0.00000e+00   -2.08158e+03    8.51894e+02
   Total Energy  Conserved En.    Temperature Pres. DC (bar) Pressure (bar)
   -1.22969e+03   -1.98086e+03    1.36886e+02   -3.26391e+00    3.18000e-01

           Step           Time
         779500     1559.00000

   Energies (kJ/mol)
        LJ (SR)  Disper. corr.   Coulomb (SR)      Potential    Kinetic En.
   -2.02160e+03   -3.86262e+01    0.00000e+00   -2.06022e+03    7.83324e+02
   Total Energy  Conserved En.    Temperature Pres. DC (bar) Pressure (bar)
   -1.27690e+03   -1.98121e+03    1.25868e+02   -3.26391e+00   -1.41704e+01

           Step           Time
         780000     1560.00000

   Energies (kJ/mol)
        LJ (SR)  Disper. corr.   Coulomb (SR)      Potential    Kinetic En.
   -2.06126e+03   -3.86262e+01    0.00000e+00   -2.09988e+03    7.74033e+02
   Total Energy  Conserved En.    Temperature Pres. DC (bar) Pressure (bar)
   -1.32585e+03   -1.98149e+03    1.24375e+02   -3.26391e+00   -1.10141e+01

           Step           Time
         780500     1561.00000

   Energies (kJ/mol)
        LJ (SR)  Disper. corr.   Coulomb (SR)      Potential    Kinetic En.
   -1.97611e+03   -3.86262e+01    0.00000e+00   -2.01474e+03    8.42309e+02
   Total Energy  Conserved En.    Temperature Pres. DC (bar) Pressure (bar)
   -1.17243e+03   -1.98179e+03    1.35346e+02   -3.26391e+00   -2.18117e+00

           Step           Time
         781000     1562.00000

   Energies (kJ/mol)
        LJ (SR)  Disper. corr.   Coulomb (SR)      Potential    Kinetic En.
   -1.99934e+03   -3.86262e+01    0.00000e+00   -2.03796e+03    8.05243e+02
   Total Energy  Conserved En.    Temperature Pres. DC (bar) Pressure (bar)
   -1.23272e+03   -1.98222e+03    1.29390e+02   -3.26391e+00   -1.66054e+01

           Step           Time
         781500     1563.00000

   Energies (kJ/mol)
        LJ (SR)  Disper. corr.   Coulomb (SR)      Potential    Kinetic En.
   -1.99522e+03   -3.86262e+01    0.00000e+00   -2.03385e+03    8.08838e+02
   Total Energy  Conserved En.    Temperature Pres. DC (bar) Pressure (bar)
   -1.22501e+03   -1.98257e+03    1.29968e+02   -3.26391e+00   -3.82079e+00

           Step           Time
         782000     1564.00000

   Energies (kJ/mol)
        LJ (SR)  Disper. corr.   Coulomb (SR)      Potential    Kinetic En.
   -2.07128e+03   -3.86262e+01    0.00000e+00   -2.10990e+03    8.00917e+02
   Total Energy  Conserved En.    Temperature Pres. DC (bar) Pressure (bar)
   -1.30899e+03   -1.98295e+03    1.28695e+02   -3.26391e+00   -1.76015e+01

           Step           Time
         782500     1565.00000

   Energies (kJ/mol)
        LJ (SR)  Disper. corr.   Coulomb (SR)      Potential    Kinetic En.
   -2.08617e+03   -3.86262e+01    0.00000e+00   -2.12480e+03    7.76460e+02
   Total Energy  Conserved En.    Temperature Pres. DC (bar) Pressure (bar)
   -1.34834e+03   -1.98334e+03    1.24765e+02   -3.26391e+00    7.46712e+00

           Step           Time
         783000     1566.00000

   Energies (kJ/mol)
        LJ (SR)  Disper. corr.   Coulomb (SR)      Potential    Kinetic En.
   -2.07185e+03   -3.86262e+01    0.00000e+00   -2.11048e+03    7.70114e+02
   Total Energy  Conserved En.    Temperature Pres. DC (bar) Pressure (bar)
   -1.34036e+03   -1.98367e+03    1.23745e+02   -3.26391e+00    8.51942e+00

           Step           Time
         783500     1567.00000

   Energies (kJ/mol)
        LJ (SR)  Disper. corr.   Coulomb (SR)      Potential    Kinetic En.
   -2.05190e+03   -3.86262e+01    0.00000e+00   -2.09053e+03    7.69351e+02
   Total Energy  Conserved En.    Temperature Pres. DC (bar) Pressure (bar)
   -1.32118e+03   -1.98402e+03    1.23623e+02   -3.26391e+00   -4.84742e+00

           Step           Time
         784000     1568.00000

   Energies (kJ/mol)
        LJ (SR)  Disper. corr.   Coulomb (SR)      Potential    Kinetic En.
   -2.05503e+03   -3.86262e+01    0.00000e+00   -2.09365e+03    7.67590e+02
   Total Energy  Conserved En.    Temperature Pres. DC (bar) Pressure (bar)
   -1.32606e+03   -1.98436e+03    1.23340e+02   -3.26391e+00   -1.37658e+01

           Step           Time
         784500     1569.00000

   Energies (kJ/mol)
        LJ (SR)  Disper. corr.   Coulomb (SR)      Potential    Kinetic En.
   -2.10568e+03   -3.86262e+01    0.00000e+00   -2.14431e+03    7.65192e+02
   Total Energy  Conserved En.    Temperature Pres. DC (bar) Pressure (bar)
   -1.37911e+03   -1.98474e+03    1.22955e+02   -3.26391e+00   -9.23718e+00

           Step           Time
         785000     1570.00000

   Energies (kJ/mol)
        LJ (SR)  Disper. corr.   Coulomb (SR)      Potential    Kinetic En.
   -2.05289e+03   -3.86262e+01    0.00000e+00   -2.09151e+03    8.31624e+02
   Total Energy  Conserved En.    Temperature Pres. DC (bar) Pressure (bar)
   -1.25989e+03   -1.98508e+03    1.33629e+02   -3.26391e+00    7.64844e+00

           Step           Time
         785500     1571.00000

   Energies (kJ/mol)
        LJ (SR)  Disper. corr.   Coulomb (SR)      Potential    Kinetic En.
   -2.04723e+03   -3.86262e+01    0.00000e+00   -2.08585e+03    8.14030e+02
   Total Energy  Conserved En.    Temperature Pres. DC (bar) Pressure (bar)
   -1.27182e+03   -1.98546e+03    1.30802e+02   -3.26391e+00    1.18223e+01

           Step           Time
         786000     1572.00000

   Energies (kJ/mol)
        LJ (SR)  Disper. corr.   Coulomb (SR)      Potential    Kinetic En.
   -2.01666e+03   -3.86262e+01    0.00000e+00   -2.05528e+03    8.13819e+02
   Total Energy  Conserved En.    Temperature Pres. DC (bar) Pressure (bar)
   -1.24146e+03   -1.98581e+03    1.30768e+02   -3.26391e+00    3.61103e+00

           Step           Time
         786500     1573.00000

   Energies (kJ/mol)
        LJ (SR)  Disper. corr.   Coulomb (SR)      Potential    Kinetic En.
   -2.01456e+03   -3.86262e+01    0.00000e+00   -2.05319e+03    8.14976e+02
   Total Energy  Conserved En.    Temperature Pres. DC (bar) Pressure (bar)
   -1.23821e+03   -1.98622e+03    1.30954e+02   -3.26391e+00   -1.83712e+00

           Step           Time
         787000     1574.00000

   Energies (kJ/mol)
        LJ (SR)  Disper. corr.   Coulomb (SR)      Potential    Kinetic En.
   -2.04089e+03   -3.86262e+01    0.00000e+00   -2.07951e+03    8.05765e+02
   Total Energy  Conserved En.    Temperature Pres. DC (bar) Pressure (bar)
   -1.27375e+03   -1.98658e+03    1.29474e+02   -3.26391e+00   -6.63055e+00

           Step           Time
         787500     1575.00000

   Energies (kJ/mol)
        LJ (SR)  Disper. corr.   Coulomb (SR)      Potential    Kinetic En.
   -2.00121e+03   -3.86262e+01    0.00000e+00   -2.03984e+03    8.43366e+02
   Total Energy  Conserved En.    Temperature Pres. DC (bar) Pressure (bar)
   -1.19647e+03   -1.98699e+03    1.35516e+02   -3.26391e+00    1.06988e+01

           Step           Time
         788000     1576.00000

   Energies (kJ/mol)
        LJ (SR)  Disper. corr.   Coulomb (SR)      Potential    Kinetic En.
   -1.98472e+03   -3.86262e+01    0.00000e+00   -2.02335e+03    7.64027e+02
   Total Energy  Conserved En.    Temperature Pres. DC (bar) Pressure (bar)
   -1.25932e+03   -1.98733e+03    1.22767e+02   -3.26391e+00   -8.00934e+00

           Step           Time
         788500     1577.00000

   Energies (kJ/mol)
        LJ (SR)  Disper. corr.   Coulomb (SR)      Potential    Kinetic En.
   -1.98885e+03   -3.86262e+01    0.00000e+00   -2.02748e+03    7.98945e+02
   Total Energy  Conserved En.    Temperature Pres. DC (bar) Pressure (bar)
   -1.22853e+03   -1.98770e+03    1.28378e+02   -3.26391e+00   -5.79793e+00

           Step           Time
         789000     1578.00000

   Energies (kJ/mol)
        LJ (SR)  Disper. corr.   Coulomb (SR)      Potential    Kinetic En.
   -1.94045e+03   -3.86262e+01    0.00000e+00   -1.97907e+03    7.78163e+02
   Total Energy  Conserved En.    Temperature Pres. DC (bar) Pressure (bar)
   -1.20091e+03   -1.98806e+03    1.25039e+02   -3.26391e+00    5.34671e+00

           Step           Time
         789500     1579.00000

   Energies (kJ/mol)
        LJ (SR)  Disper. corr.   Coulomb (SR)      Potential    Kinetic En.
   -1.97786e+03   -3.86262e+01    0.00000e+00   -2.01649e+03    8.21244e+02
   Total Energy  Conserved En.    Temperature Pres. DC (bar) Pressure (bar)
   -1.19525e+03   -1.98845e+03    1.31961e+02   -3.26391e+00   -1.90979e+01

           Step           Time
         790000     1580.00000

   Energies (kJ/mol)
        LJ (SR)  Disper. corr.   Coulomb (SR)      Potential    Kinetic En.
   -1.99558e+03   -3.86262e+01    0.00000e+00   -2.03421e+03    7.79272e+02
   Total Energy  Conserved En.    Temperature Pres. DC (bar) Pressure (bar)
   -1.25494e+03   -1.98882e+03    1.25217e+02   -3.26391e+00   -9.40724e+00

           Step           Time
         790500     1581.00000

   Energies (kJ/mol)
        LJ (SR)  Disper. corr.   Coulomb (SR)      Potential    Kinetic En.
   -2.01772e+03   -3.86262e+01    0.00000e+00   -2.05634e+03    8.25777e+02
   Total Energy  Conserved En.    Temperature Pres. DC (bar) Pressure (bar)
   -1.23056e+03   -1.98918e+03    1.32690e+02   -3.26391e+00   -2.79829e+00

           Step           Time
         791000     1582.00000

   Energies (kJ/mol)
        LJ (SR)  Disper. corr.   Coulomb (SR)      Potential    Kinetic En.
   -2.06496e+03   -3.86262e+01    0.00000e+00   -2.10358e+03    8.26917e+02
   Total Energy  Conserved En.    Temperature Pres. DC (bar) Pressure (bar)
   -1.27667e+03   -1.98955e+03    1.32873e+02   -3.26391e+00    1.76282e+00

           Step           Time
         791500     1583.00000

   Energies (kJ/mol)
        LJ (SR)  Disper. corr.   Coulomb (SR)      Potential    Kinetic En.
   -2.02868e+03   -3.86262e+01    0.00000e+00   -2.06730e+03    7.53056e+02
   Total Energy  Conserved En.    Temperature Pres. DC (bar) Pressure (bar)
   -1.31425e+03   -1.98991e+03    1.21004e+02   -3.26391e+00   -7.87674e+00

           Step           Time
         792000     1584.00000

   Energies (kJ/mol)
        LJ (SR)  Disper. corr.   Coulomb (SR)      Potential    Kinetic En.
   -2.04928e+03   -3.86262e+01    0.00000e+00   -2.08790e+03    8.08432e+02
   Total Energy  Conserved En.    Temperature Pres. DC (bar) Pressure (bar)
   -1.27947e+03   -1.99028e+03    1.29903e+02   -3.26391e+00   -1.45805e+01

           Step           Time
         792500     1585.00000

   Energies (kJ/mol)
        LJ (SR)  Disper. corr.   Coulomb (SR)      Potential    Kinetic En.
   -2.02637e+03   -3.86262e+01    0.00000e+00   -2.06500e+03    7.83322e+02
   Total Energy  Conserved En.    Temperature Pres. DC (bar) Pressure (bar)
   -1.28168e+03   -1.99061e+03    1.25868e+02   -3.26391e+00    1.34376e+01

           Step           Time
         793000     1586.00000

   Energies (kJ/mol)
        LJ (SR)  Disper. corr.   Coulomb (SR)      Potential    Kinetic En.
   -1.99689e+03   -3.86262e+01    0.00000e+00   -2.03552e+03    7.66494e+02
   Total Energy  Conserved En.    Temperature Pres. DC (bar) Pressure (bar)
   -1.26903e+03   -1.99096e+03    1.23164e+02   -3.26391e+00   -1.49069e+01

           Step           Time
         793500     1587.00000

   Energies (kJ/mol)
        LJ (SR)  Disper. corr.   Coulomb (SR)      Potential    Kinetic En.
   -2.03621e+03   -3.86262e+01    0.00000e+00   -2.07484e+03    7.95885e+02
   Total Energy  Conserved En.    Temperature Pres. DC (bar) Pressure (bar)
   -1.27896e+03   -1.99136e+03    1.27886e+02   -3.26391e+00   -6.75836e+00

           Step           Time
         794000     1588.00000

   Energies (kJ/mol)
        LJ (SR)  Disper. corr.   Coulomb (SR)      Potential    Kinetic En.
   -2.05598e+03   -3.86262e+01    0.00000e+00   -2.09461e+03    8.25456e+02
   Total Energy  Conserved En.    Temperature Pres. DC (bar) Pressure (bar)
   -1.26915e+03   -1.99177e+03    1.32638e+02   -3.26391e+00    1.45181e+01

           Step           Time
         794500     1589.00000

   Energies (kJ/mol)
        LJ (SR)  Disper. corr.   Coulomb (SR)      Potential    Kinetic En.
   -2.08778e+03   -3.86262e+01    0.00000e+00   -2.12641e+03    8.04808e+02
   Total Energy  Conserved En.    Temperature Pres. DC (bar) Pressure (bar)
   -1.32160e+03   -1.99210e+03    1.29320e+02   -3.26391e+00   -7.49954e+00

           Step           Time
         795000     1590.00000

   Energies (kJ/mol)
        LJ (SR)  Disper. corr.   Coulomb (SR)      Potential    Kinetic En.
   -2.06118e+03   -3.86262e+01    0.00000e+00   -2.09981e+03    8.08704e+02
   Total Energy  Conserved En.    Temperature Pres. DC (bar) Pressure (bar)
   -1.29111e+03   -1.99245e+03    1.29946e+02   -3.26391e+00   -9.76301e+00

           Step           Time
         795500     1591.00000

   Energies (kJ/mol)
        LJ (SR)  Disper. corr.   Coulomb (SR)      Potential    Kinetic En.
   -2.04660e+03   -3.86262e+01    0.00000e+00   -2.08522e+03    8.19073e+02
   Total Energy  Conserved En.    Temperature Pres. DC (bar) Pressure (bar)
   -1.26615e+03   -1.99277e+03    1.31612e+02   -3.26391e+00   -9.79498e+00

           Step           Time
         796000     1592.00000

   Energies (kJ/mol)
        LJ (SR)  Disper. corr.   Coulomb (SR)      Potential    Kinetic En.
   -2.01041e+03   -3.86262e+01    0.00000e+00   -2.04903e+03    7.74813e+02
   Total Energy  Conserved En.    Temperature Pres. DC (bar) Pressure (bar)
   -1.27422e+03   -1.99312e+03    1.24501e+02   -3.26391e+00    4.25624e-01

           Step           Time
         796500     1593.00000

   Energies (kJ/mol)
        LJ (SR)  Disper. corr.   Coulomb (SR)      Potential    Kinetic En.
   -2.01448e+03   -3.86262e+01    0.00000e+00   -2.05311e+03    8.44884e+02
   Total Energy  Conserved En.    Temperature Pres. DC (bar) Pressure (bar)
   -1.20822e+03   -1.99354e+03    1.35760e+02   -3.26391e+00    4.83548e+00

           Step           Time
         797000     1594.00000

   Energies (kJ/mol)
        LJ (SR)  Disper. corr.   Coulomb (SR)      Potential    Kinetic En.
   -2.01704e+03   -3.86262e+01    0.00000e+00   -2.05567e+03    8.13075e+02
   Total Energy  Conserved En.    Temperature Pres. DC (bar) Pressure (bar)
   -1.24259e+03   -1.99391e+03    1.30649e+02   -3.26391e+00    1.32908e+01

           Step           Time
         797500     1595.00000

   Energies (kJ/mol)
        LJ (SR)  Disper. corr.   Coulomb (SR)      Potential    Kinetic En.
   -2.03805e+03   -3.86262e+01    0.00000e+00   -2.07667e+03    7.99570e+02
   Total Energy  Conserved En.    Temperature Pres. DC (bar) Pressure (bar)
   -1.27710e+03   -1.99431e+03    1.28478e+02   -3.26391e+00    1.33723e+01

           Step           Time
         798000     1596.00000

   Energies (kJ/mol)
        LJ (SR)  Disper. corr.   Coulomb (SR)      Potential    Kinetic En.
   -2.05377e+03   -3.86262e+01    0.00000e+00   -2.09240e+03    7.93519e+02
   Total Energy  Conserved En.    Temperature Pres. DC (bar) Pressure (bar)
   -1.29888e+03   -1.99464e+03    1.27506e+02   -3.26391e+00    8.23220e+00

           Step           Time
         798500     1597.00000

   Energies (kJ/mol)
        LJ (SR)  Disper. corr.   Coulomb (SR)      Potential    Kinetic En.
   -2.04312e+03   -3.86262e+01    0.00000e+00   -2.08175e+03    7.86909e+02
   Total Energy  Conserved En.    Temperature Pres. DC (bar) Pressure (bar)
   -1.29484e+03   -1.99499e+03    1.26444e+02   -3.26391e+00   -4.87217e-01

           Step           Time
         799000     1598.00000

   Energies (kJ/mol)
        LJ (SR)  Disper. corr.   Coulomb (SR)      Potential    Kinetic En.
   -2.01065e+03   -3.86262e+01    0.00000e+00   -2.04928e+03    7.89681e+02
   Total Energy  Conserved En.    Temperature Pres. DC (bar) Pressure (bar)
   -1.25960e+03   -1.99529e+03    1.26889e+02   -3.26391e+00   -4.99278e+00

           Step           Time
         799500     1599.00000

   Energies (kJ/mol)
        LJ (SR)  Disper. corr.   Coulomb (SR)      Potential    Kinetic En.
   -2.00628e+03   -3.86262e+01    0.00000e+00   -2.04491e+03    8.03128e+02
   Total Energy  Conserved En.    Temperature Pres. DC (bar) Pressure (bar)
   -1.24178e+03   -1.99559e+03    1.29050e+02   -3.26391e+00   -6.36692e+00

           Step           Time
         800000     1600.00000

   Energies (kJ/mol)
        LJ (SR)  Disper. corr.   Coulomb (SR)      Potential    Kinetic En.
   -1.94884e+03   -3.86262e+01    0.00000e+00   -1.98747e+03    8.43389e+02
   Total Energy  Conserved En.    Temperature Pres. DC (bar) Pressure (bar)
   -1.14408e+03   -1.99592e+03    1.35520e+02   -3.26391e+00    1.45364e+01

           Step           Time
         800500     1601.00000

   Energies (kJ/mol)
        LJ (SR)  Disper. corr.   Coulomb (SR)      Potential    Kinetic En.
   -1.96971e+03   -3.86262e+01    0.00000e+00   -2.00834e+03    8.02560e+02
   Total Energy  Conserved En.    Temperature Pres. DC (bar) Pressure (bar)
   -1.20578e+03   -1.99621e+03    1.28959e+02   -3.26391e+00    4.26034e+00

           Step           Time
         801000     1602.00000

   Energies (kJ/mol)
        LJ (SR)  Disper. corr.   Coulomb (SR)      Potential    Kinetic En.
   -1.96132e+03   -3.86262e+01    0.00000e+00   -1.99995e+03    7.78361e+02
   Total Energy  Conserved En.    Temperature Pres. DC (bar) Pressure (bar)
   -1.22159e+03   -1.99657e+03    1.25071e+02   -3.26391e+00   -1.07207e+01

           Step           Time
         801500     1603.00000

   Energies (kJ/mol)
        LJ (SR)  Disper. corr.   Coulomb (SR)      Potential    Kinetic En.
   -2.02981e+03   -3.86262e+01    0.00000e+00   -2.06844e+03    8.00751e+02
   Total Energy  Conserved En.    Temperature Pres. DC (bar) Pressure (bar)
   -1.26769e+03   -1.99691e+03    1.28668e+02   -3.26391e+00   -1.12815e+01

           Step           Time
         802000     1604.00000

   Energies (kJ/mol)
        LJ (SR)  Disper. corr.   Coulomb (SR)      Potential    Kinetic En.
   -2.01836e+03   -3.86262e+01    0.00000e+00   -2.05698e+03    8.46511e+02
   Total Energy  Conserved En.    Temperature Pres. DC (bar) Pressure (bar)
   -1.21047e+03   -1.99729e+03    1.36021e+02   -3.26391e+00    6.33865e+00

           Step           Time
         802500     1605.00000

   Energies (kJ/mol)
        LJ (SR)  Disper. corr.   Coulomb (SR)      Potential    Kinetic En.
   -2.04098e+03   -3.86262e+01    0.00000e+00   -2.07960e+03    8.34257e+02
   Total Energy  Conserved En.    Temperature Pres. DC (bar) Pressure (bar)
   -1.24535e+03   -1.99765e+03    1.34052e+02   -3.26391e+00   -1.81712e+00

           Step           Time
         803000     1606.00000

   Energies (kJ/mol)
        LJ (SR)  Disper. corr.   Coulomb (SR)      Potential    Kinetic En.
   -2.01880e+03   -3.86262e+01    0.00000e+00   -2.05742e+03    8.80719e+02
   Total Energy  Conserved En.    Temperature Pres. DC (bar) Pressure (bar)
   -1.17671e+03   -1.99799e+03    1.41518e+02   -3.26391e+00    1.75638e+00

           Step           Time
         803500     1607.00000

   Energies (kJ/mol)
        LJ (SR)  Disper. corr.   Coulomb (SR)      Potential    Kinetic En.
   -1.98940e+03   -3.86262e+01    0.00000e+00   -2.02803e+03    8.22002e+02
   Total Energy  Conserved En.    Temperature Pres. DC (bar) Pressure (bar)
   -1.20602e+03   -1.99840e+03    1.32083e+02   -3.26391e+00   -2.75635e+00

           Step           Time
         804000     1608.00000

   Energies (kJ/mol)
        LJ (SR)  Disper. corr.   Coulomb (SR)      Potential    Kinetic En.
   -2.01865e+03   -3.86262e+01    0.00000e+00   -2.05728e+03    7.95632e+02
   Total Energy  Conserved En.    Temperature Pres. DC (bar) Pressure (bar)
   -1.26165e+03   -1.99872e+03    1.27846e+02   -3.26391e+00    8.21856e+00

           Step           Time
         804500     1609.00000

   Energies (kJ/mol)
        LJ (SR)  Disper. corr.   Coulomb (SR)      Potential    Kinetic En.
   -2.00774e+03   -3.86262e+01    0.00000e+00   -2.04636e+03    8.02183e+02
   Total Energy  Conserved En.    Temperature Pres. DC (bar) Pressure (bar)
   -1.24418e+03   -1.99913e+03    1.28898e+02   -3.26391e+00    3.99589e+00

           Step           Time
         805000     1610.00000

   Energies (kJ/mol)
        LJ (SR)  Disper. corr.   Coulomb (SR)      Potential    Kinetic En.
   -2.06134e+03   -3.86262e+01    0.00000e+00   -2.09997e+03    8.17104e+02
   Total Energy  Conserved En.    Temperature Pres. DC (bar) Pressure (bar)
   -1.28287e+03   -1.99955e+03    1.31296e+02   -3.26391e+00   -1.30884e-01

           Step           Time
         805500     1611.00000

   Energies (kJ/mol)
        LJ (SR)  Disper. corr.   Coulomb (SR)      Potential    Kinetic En.
   -2.04943e+03   -3.86262e+01    0.00000e+00   -2.08806e+03    8.08864e+02
   Total Energy  Conserved En.    Temperature Pres. DC (bar) Pressure (bar)
   -1.27920e+03   -1.99989e+03    1.29972e+02   -3.26391e+00   -1.04516e+01

           Step           Time
         806000     1612.00000

   Energies (kJ/mol)
        LJ (SR)  Disper. corr.   Coulomb (SR)      Potential    Kinetic En.
   -2.09389e+03   -3.86262e+01    0.00000e+00   -2.13252e+03    8.49493e+02
   Total Energy  Conserved En.    Temperature Pres. DC (bar) Pressure (bar)
   -1.28302e+03   -2.00027e+03    1.36500e+02   -3.26391e+00   -9.80583e+00

           Step           Time
         806500     1613.00000

   Energies (kJ/mol)
        LJ (SR)  Disper. corr.   Coulomb (SR)      Potential    Kinetic En.
   -2.11931e+03   -3.86262e+01    0.00000e+00   -2.15793e+03    8.56758e+02
   Total Energy  Conserved En.    Temperature Pres. DC (bar) Pressure (bar)
   -1.30118e+03   -2.00055e+03    1.37668e+02   -3.26391e+00   -1.76466e+01

           Step           Time
         807000     1614.00000

   Energies (kJ/mol)
        LJ (SR)  Disper. corr.   Coulomb (SR)      Potential    Kinetic En.
   -2.11435e+03   -3.86262e+01    0.00000e+00   -2.15298e+03    8.13996e+02
   Total Energy  Conserved En.    Temperature Pres. DC (bar) Pressure (bar)
   -1.33898e+03   -2.00088e+03    1.30797e+02   -3.26391e+00    6.19579e+00

           Step           Time
         807500     1615.00000

   Energies (kJ/mol)
        LJ (SR)  Disper. corr.   Coulomb (SR)      Potential    Kinetic En.
   -2.14158e+03   -3.86262e+01    0.00000e+00   -2.18020e+03    7.69786e+02
   Total Energy  Conserved En.    Temperature Pres. DC (bar) Pressure (bar)
   -1.41042e+03   -2.00121e+03    1.23693e+02   -3.26391e+00   -1.58201e+01

           Step           Time
         808000     1616.00000

   Energies (kJ/mol)
        LJ (SR)  Disper. corr.   Coulomb (SR)      Potential    Kinetic En.
   -2.09455e+03   -3.86262e+01    0.00000e+00   -2.13318e+03    8.04375e+02
   Total Energy  Conserved En.    Temperature Pres. DC (bar) Pressure (bar)
   -1.32880e+03   -2.00159e+03    1.29251e+02   -3.26391e+00    1.42694e+01

           Step           Time
         808500     1617.00000

   Energies (kJ/mol)
        LJ (SR)  Disper. corr.   Coulomb (SR)      Potential    Kinetic En.
   -2.07001e+03   -3.86262e+01    0.00000e+00   -2.10863e+03    8.53086e+02
   Total Energy  Conserved En.    Temperature Pres. DC (bar) Pressure (bar)
   -1.25555e+03   -2.00196e+03    1.37078e+02   -3.26391e+00   -7.24178e+00

           Step           Time
         809000     1618.00000

   Energies (kJ/mol)
        LJ (SR)  Disper. corr.   Coulomb (SR)      Potential    Kinetic En.
   -2.03335e+03   -3.86262e+01    0.00000e+00   -2.07198e+03    7.65968e+02
   Total Energy  Conserved En.    Temperature Pres. DC (bar) Pressure (bar)
   -1.30601e+03   -2.00229e+03    1.23079e+02   -3.26391e+00   -1.24417e+01

           Step           Time
         809500     1619.00000

   Energies (kJ/mol)
        LJ (SR)  Disper. corr.   Coulomb (SR)      Potential    Kinetic En.
   -2.02926e+03   -3.86262e+01    0.00000e+00   -2.06789e+03    8.01314e+02
   Total Energy  Conserved En.    Temperature Pres. DC (bar) Pressure (bar)
   -1.26658e+03   -2.00266e+03    1.28759e+02   -3.26391e+00    5.17343e+00

           Step           Time
         810000     1620.00000

   Energies (kJ/mol)
        LJ (SR)  Disper. corr.   Coulomb (SR)      Potential    Kinetic En.
   -2.07105e+03   -3.86262e+01    0.00000e+00   -2.10968e+03    8.36937e+02
   Total Energy  Conserved En.    Temperature Pres. DC (bar) Pressure (bar)
   -1.27274e+03   -2.00303e+03    1.34483e+02   -3.26391e+00   -7.02843e+00

           Step           Time
         810500     1621.00000

   Energies (kJ/mol)
        LJ (SR)  Disper. corr.   Coulomb (SR)      Potential    Kinetic En.
   -2.04868e+03   -3.86262e+01    0.00000e+00   -2.08731e+03    8.22374e+02
   Total Energy  Conserved En.    Temperature Pres. DC (bar) Pressure (bar)
   -1.26493e+03   -2.00339e+03    1.32143e+02   -3.26391e+00   -8.82620e+00

           Step           Time
         811000     1622.00000

   Energies (kJ/mol)
        LJ (SR)  Disper. corr.   Coulomb (SR)      Potential    Kinetic En.
   -2.04774e+03   -3.86262e+01    0.00000e+00   -2.08636e+03    8.02017e+02
   Total Energy  Conserved En.    Temperature Pres. DC (bar) Pressure (bar)
   -1.28435e+03   -2.00375e+03    1.28872e+02   -3.26391e+00   -1.39237e+01

           Step           Time
         811500     1623.00000

   Energies (kJ/mol)
        LJ (SR)  Disper. corr.   Coulomb (SR)      Potential    Kinetic En.
   -1.99475e+03   -3.86262e+01    0.00000e+00   -2.03338e+03    7.64385e+02
   Total Energy  Conserved En.    Temperature Pres. DC (bar) Pressure (bar)
   -1.26899e+03   -2.00409e+03    1.22825e+02   -3.26391e+00   -5.71506e+00

           Step           Time
         812000     1624.00000

   Energies (kJ/mol)
        LJ (SR)  Disper. corr.   Coulomb (SR)      Potential    Kinetic En.
   -2.01115e+03   -3.86262e+01    0.00000e+00   -2.04978e+03    7.94507e+02
   Total Energy  Conserved En.    Temperature Pres. DC (bar) Pressure (bar)
   -1.25527e+03   -2.00449e+03    1.27665e+02   -3.26391e+00   -1.90356e+01

           Step           Time
         812500     1625.00000

   Energies (kJ/mol)
        LJ (SR)  Disper. corr.   Coulomb (SR)      Potential    Kinetic En.
   -2.03348e+03   -3.86262e+01    0.00000e+00   -2.07210e+03    8.20120e+02
   Total Energy  Conserved En.    Temperature Pres. DC (bar) Pressure (bar)
   -1.25198e+03   -2.00483e+03    1.31781e+02   -3.26391e+00   -1.56640e+01

           Step           Time
         813000     1626.00000

   Energies (kJ/mol)
        LJ (SR)  Disper. corr.   Coulomb (SR)      Potential    Kinetic En.
   -2.06260e+03   -3.86262e+01    0.00000e+00   -2.10123e+03    8.02544e+02
   Total Energy  Conserved En.    Temperature Pres. DC (bar) Pressure (bar)
   -1.29869e+03   -2.00527e+03    1.28956e+02   -3.26391e+00    1.33651e+00

           Step           Time
         813500     1627.00000

   Energies (kJ/mol)
        LJ (SR)  Disper. corr.   Coulomb (SR)      Potential    Kinetic En.
   -2.06707e+03   -3.86262e+01    0.00000e+00   -2.10569e+03    8.35691e+02
   Total Energy  Conserved En.    Temperature Pres. DC (bar) Pressure (bar)
   -1.27000e+03   -2.00557e+03    1.34283e+02   -3.26391e+00   -4.06662e+00

           Step           Time
         814000     1628.00000

   Energies (kJ/mol)
        LJ (SR)  Disper. corr.   Coulomb (SR)      Potential    Kinetic En.
   -2.08867e+03   -3.86262e+01    0.00000e+00   -2.12730e+03    7.96468e+02
   Total Energy  Conserved En.    Temperature Pres. DC (bar) Pressure (bar)
   -1.33083e+03   -2.00594e+03    1.27980e+02   -3.26391e+00   -1.29367e+01

           Step           Time
         814500     1629.00000

   Energies (kJ/mol)
        LJ (SR)  Disper. corr.   Coulomb (SR)      Potential    Kinetic En.
   -2.09574e+03   -3.86262e+01    0.00000e+00   -2.13437e+03    7.85952e+02
   Total Energy  Conserved En.    Temperature Pres. DC (bar) Pressure (bar)
   -1.34842e+03   -2.00627e+03    1.26290e+02   -3.26391e+00   -9.85144e+00

           Step           Time
         815000     1630.00000

   Energies (kJ/mol)
        LJ (SR)  Disper. corr.   Coulomb (SR)      Potential    Kinetic En.
   -2.06824e+03   -3.86262e+01    0.00000e+00   -2.10687e+03    7.93244e+02
   Total Energy  Conserved En.    Temperature Pres. DC (bar) Pressure (bar)
   -1.31363e+03   -2.00664e+03    1.27462e+02   -3.26391e+00   -1.16414e+01

           Step           Time
         815500     1631.00000

   Energies (kJ/mol)
        LJ (SR)  Disper. corr.   Coulomb (SR)      Potential    Kinetic En.
   -2.06577e+03   -3.86262e+01    0.00000e+00   -2.10439e+03    8.42632e+02
   Total Energy  Conserved En.    Temperature Pres. DC (bar) Pressure (bar)
   -1.26176e+03   -2.00698e+03    1.35398e+02   -3.26391e+00   -1.44816e+01

           Step           Time
         816000     1632.00000

   Energies (kJ/mol)
        LJ (SR)  Disper. corr.   Coulomb (SR)      Potential    Kinetic En.
   -2.00957e+03   -3.86262e+01    0.00000e+00   -2.04820e+03    7.66247e+02
   Total Energy  Conserved En.    Temperature Pres. DC (bar) Pressure (bar)
   -1.28195e+03   -2.00723e+03    1.23124e+02   -3.26391e+00   -1.45458e+01

           Step           Time
         816500     1633.00000

   Energies (kJ/mol)
        LJ (SR)  Disper. corr.   Coulomb (SR)      Potential    Kinetic En.
   -2.07279e+03   -3.86262e+01    0.00000e+00   -2.11142e+03    8.40156e+02
   Total Energy  Conserved En.    Temperature Pres. DC (bar) Pressure (bar)
   -1.27126e+03   -2.00760e+03    1.35000e+02   -3.26391e+00   -4.86287e+00

           Step           Time
         817000     1634.00000

   Energies (kJ/mol)
        LJ (SR)  Disper. corr.   Coulomb (SR)      Potential    Kinetic En.
   -2.03353e+03   -3.86262e+01    0.00000e+00   -2.07216e+03    8.22273e+02
   Total Energy  Conserved En.    Temperature Pres. DC (bar) Pressure (bar)
   -1.24988e+03   -2.00798e+03    1.32127e+02   -3.26391e+00    1.02195e+01

           Step           Time
         817500     1635.00000

   Energies (kJ/mol)
        LJ (SR)  Disper. corr.   Coulomb (SR)      Potential    Kinetic En.
   -2.00858e+03   -3.86262e+01    0.00000e+00   -2.04720e+03    8.19257e+02
   Total Energy  Conserved En.    Temperature Pres. DC (bar) Pressure (bar)
   -1.22795e+03   -2.00832e+03    1.31642e+02   -3.26391e+00   -2.74793e+00

           Step           Time
         818000     1636.00000

   Energies (kJ/mol)
        LJ (SR)  Disper. corr.   Coulomb (SR)      Potential    Kinetic En.
   -2.01585e+03   -3.86262e+01    0.00000e+00   -2.05447e+03    7.90772e+02
   Total Energy  Conserved En.    Temperature Pres. DC (bar) Pressure (bar)
   -1.26370e+03   -2.00868e+03    1.27065e+02   -3.26391e+00   -4.94806e+00

           Step           Time
         818500     1637.00000

   Energies (kJ/mol)
        LJ (SR)  Disper. corr.   Coulomb (SR)      Potential    Kinetic En.
   -1.99050e+03   -3.86262e+01    0.00000e+00   -2.02913e+03    8.13495e+02
   Total Energy  Conserved En.    Temperature Pres. DC (bar) Pressure (bar)
   -1.21563e+03   -2.00903e+03    1.30716e+02   -3.26391e+00    1.21562e+00

           Step           Time
         819000     1638.00000

   Energies (kJ/mol)
        LJ (SR)  Disper. corr.   Coulomb (SR)      Potential    Kinetic En.
   -1.97802e+03   -3.86262e+01    0.00000e+00   -2.01664e+03    7.97112e+02
   Total Energy  Conserved En.    Temperature Pres. DC (bar) Pressure (bar)
   -1.21953e+03   -2.00935e+03    1.28083e+02   -3.26391e+00    2.20842e+00

           Step           Time
         819500     1639.00000

   Energies (kJ/mol)
        LJ (SR)  Disper. corr.   Coulomb (SR)      Potential    Kinetic En.
   -1.96529e+03   -3.86262e+01    0.00000e+00   -2.00392e+03    7.85224e+02
   Total Energy  Conserved En.    Temperature Pres. DC (bar) Pressure (bar)
   -1.21869e+03   -2.00967e+03    1.26173e+02   -3.26391e+00   -1.16750e+01

           Step           Time
         820000     1640.00000

   Energies (kJ/mol)
        LJ (SR)  Disper. corr.   Coulomb (SR)      Potential    Kinetic En.
   -1.97586e+03   -3.86262e+01    0.00000e+00   -2.01449e+03    8.33730e+02
   Total Energy  Conserved En.    Temperature Pres. DC (bar) Pressure (bar)
   -1.18076e+03   -2.01004e+03    1.33967e+02   -3.26391e+00   -2.17657e+00

           Step           Time
         820500     1641.00000

   Energies (kJ/mol)
        LJ (SR)  Disper. corr.   Coulomb (SR)      Potential    Kinetic En.
   -1.98618e+03   -3.86262e+01    0.00000e+00   -2.02481e+03    8.02707e+02
   Total Energy  Conserved En.    Temperature Pres. DC (bar) Pressure (bar)
   -1.22210e+03   -2.01042e+03    1.28983e+02   -3.26391e+00   -1.33426e+00

           Step           Time
         821000     1642.00000

   Energies (kJ/mol)
        LJ (SR)  Disper. corr.   Coulomb (SR)      Potential    Kinetic En.
   -2.00459e+03   -3.86262e+01    0.00000e+00   -2.04322e+03    7.52931e+02
   Total Energy  Conserved En.    Temperature Pres. DC (bar) Pressure (bar)
   -1.29029e+03   -2.01079e+03    1.20984e+02   -3.26391e+00   -5.02190e+00

           Step           Time
         821500     1643.00000

   Energies (kJ/mol)
        LJ (SR)  Disper. corr.   Coulomb (SR)      Potential    Kinetic En.
   -1.94761e+03   -3.86262e+01    0.00000e+00   -1.98623e+03    8.22847e+02
   Total Energy  Conserved En.    Temperature Pres. DC (bar) Pressure (bar)
   -1.16339e+03   -2.01112e+03    1.32219e+02   -3.26391e+00    1.31789e+00

           Step           Time
         822000     1644.00000

   Energies (kJ/mol)
        LJ (SR)  Disper. corr.   Coulomb (SR)      Potential    Kinetic En.
   -1.96774e+03   -3.86262e+01    0.00000e+00   -2.00637e+03    7.75693e+02
   Total Energy  Conserved En.    Temperature Pres. DC (bar) Pressure (bar)
   -1.23068e+03   -2.01149e+03    1.24642e+02   -3.26391e+00   -9.45734e+00

           Step           Time
         822500     1645.00000

   Energies (kJ/mol)
        LJ (SR)  Disper. corr.   Coulomb (SR)      Potential    Kinetic En.
   -1.96643e+03   -3.86262e+01    0.00000e+00   -2.00506e+03    8.08826e+02
   Total Energy  Conserved En.    Temperature Pres. DC (bar) Pressure (bar)
   -1.19623e+03   -2.01184e+03    1.29966e+02   -3.26391e+00    3.41032e+00

           Step           Time
         823000     1646.00000

   Energies (kJ/mol)
        LJ (SR)  Disper. corr.   Coulomb (SR)      Potential    Kinetic En.
   -1.97116e+03   -3.86262e+01    0.00000e+00   -2.00978e+03    8.28821e+02
   Total Energy  Conserved En.    Temperature Pres. DC (bar) Pressure (bar)
   -1.18096e+03   -2.01217e+03    1.33179e+02   -3.26391e+00   -5.48046e+00

           Step           Time
         823500     1647.00000

   Energies (kJ/mol)
        LJ (SR)  Disper. corr.   Coulomb (SR)      Potential    Kinetic En.
   -2.02140e+03   -3.86262e+01    0.00000e+00   -2.06002e+03    8.34478e+02
   Total Energy  Conserved En.    Temperature Pres. DC (bar) Pressure (bar)
   -1.22554e+03   -2.01254e+03    1.34088e+02   -3.26391e+00    8.62102e+00

           Step           Time
         824000     1648.00000

   Energies (kJ/mol)
        LJ (SR)  Disper. corr.   Coulomb (SR)      Potential    Kinetic En.
   -2.03286e+03   -3.86262e+01    0.00000e+00   -2.07149e+03    8.20236e+02
   Total Energy  Conserved En.    Temperature Pres. DC (bar) Pressure (bar)
   -1.25125e+03   -2.01284e+03    1.31799e+02   -3.26391e+00    4.61825e+00

           Step           Time
         824500     1649.00000

   Energies (kJ/mol)
        LJ (SR)  Disper. corr.   Coulomb (SR)      Potential    Kinetic En.
   -2.02651e+03   -3.86262e+01    0.00000e+00   -2.06514e+03    8.16968e+02
   Total Energy  Conserved En.    Temperature Pres. DC (bar) Pressure (bar)
   -1.24817e+03   -2.01317e+03    1.31274e+02   -3.26391e+00   -1.10184e+01

           Step           Time
         825000     1650.00000

   Energies (kJ/mol)
        LJ (SR)  Disper. corr.   Coulomb (SR)      Potential    Kinetic En.
   -2.09281e+03   -3.86262e+01    0.00000e+00   -2.13144e+03    8.33293e+02
   Total Energy  Conserved En.    Temperature Pres. DC (bar) Pressure (bar)
   -1.29815e+03   -2.01355e+03    1.33897e+02   -3.26391e+00   -1.47351e+01

           Step           Time
         825500     1651.00000

   Energies (kJ/mol)
        LJ (SR)  Disper. corr.   Coulomb (SR)      Potential    Kinetic En.
   -2.11962e+03   -3.86262e+01    0.00000e+00   -2.15825e+03    8.31597e+02
   Total Energy  Conserved En.    Temperature Pres. DC (bar) Pressure (bar)
   -1.32665e+03   -2.01394e+03    1.33625e+02   -3.26391e+00   -1.79271e+00

           Step           Time
         826000     1652.00000

   Energies (kJ/mol)
        LJ (SR)  Disper. corr.   Coulomb (SR)      Potential    Kinetic En.
   -2.07735e+03   -3.86262e+01    0.00000e+00   -2.11597e+03    8.33682e+02
   Total Energy  Conserved En.    Temperature Pres. DC (bar) Pressure (bar)
   -1.28229e+03   -2.01429e+03    1.33960e+02   -3.26391e+00    1.74218e+00

           Step           Time
         826500     1653.00000

   Energies (kJ/mol)
        LJ (SR)  Disper. corr.   Coulomb (SR)      Potential    Kinetic En.
   -2.09308e+03   -3.86262e+01    0.00000e+00   -2.13171e+03    8.18976e+02
   Total Energy  Conserved En.    Temperature Pres. DC (bar) Pressure (bar)
   -1.31273e+03   -2.01467e+03    1.31597e+02   -3.26391e+00    1.00739e+01

           Step           Time
         827000     1654.00000

   Energies (kJ/mol)
        LJ (SR)  Disper. corr.   Coulomb (SR)      Potential    Kinetic En.
   -2.04143e+03   -3.86262e+01    0.00000e+00   -2.08005e+03    8.15659e+02
   Total Energy  Conserved En.    Temperature Pres. DC (bar) Pressure (bar)
   -1.26439e+03   -2.01504e+03    1.31064e+02   -3.26391e+00   -7.51395e-01

           Step           Time
         827500     1655.00000

   Energies (kJ/mol)
        LJ (SR)  Disper. corr.   Coulomb (SR)      Potential    Kinetic En.
   -2.01763e+03   -3.86262e+01    0.00000e+00   -2.05626e+03    8.41574e+02
   Total Energy  Conserved En.    Temperature Pres. DC (bar) Pressure (bar)
   -1.21469e+03   -2.01538e+03    1.35228e+02   -3.26391e+00    2.29870e+01

           Step           Time
         828000     1656.00000

   Energies (kJ/mol)
        LJ (SR)  Disper. corr.   Coulomb (SR)      Potential    Kinetic En.
   -2.07146e+03   -3.86262e+01    0.00000e+00   -2.11009e+03    8.30169e+02
   Total Energy  Conserved En.    Temperature Pres. DC (bar) Pressure (bar)
   -1.27992e+03   -2.01581e+03    1.33395e+02   -3.26391e+00   -9.27703e+00

           Step           Time
         828500     1657.00000

   Energies (kJ/mol)
        LJ (SR)  Disper. corr.   Coulomb (SR)      Potential    Kinetic En.
   -2.06273e+03   -3.86262e+01    0.00000e+00   -2.10136e+03    8.10236e+02
   Total Energy  Conserved En.    Temperature Pres. DC (bar) Pressure (bar)
   -1.29112e+03   -2.01613e+03    1.30192e+02   -3.26391e+00   -8.18172e+00

           Step           Time
         829000     1658.00000

   Energies (kJ/mol)
        LJ (SR)  Disper. corr.   Coulomb (SR)      Potential    Kinetic En.
   -2.10486e+03   -3.86262e+01    0.00000e+00   -2.14348e+03    7.84880e+02
   Total Energy  Conserved En.    Temperature Pres. DC (bar) Pressure (bar)
   -1.35860e+03   -2.01654e+03    1.26118e+02   -3.26391e+00   -1.58354e+01

           Step           Time
         829500     1659.00000

   Energies (kJ/mol)
        LJ (SR)  Disper. corr.   Coulomb (SR)      Potential    Kinetic En.
   -2.06807e+03   -3.86262e+01    0.00000e+00   -2.10670e+03    8.17313e+02
   Total Energy  Conserved En.    Temperature Pres. DC (bar) Pressure (bar)
   -1.28938e+03   -2.01688e+03    1.31330e+02   -3.26391e+00    1.76367e+01

           Step           Time
         830000     1660.00000

   Energies (kJ/mol)
        LJ (SR)  Disper. corr.   Coulomb (SR)      Potential    Kinetic En.
   -2.06424e+03   -3.86262e+01    0.00000e+00   -2.10287e+03    8.34045e+02
   Total Energy  Conserved En.    Temperature Pres. DC (bar) Pressure (bar)
   -1.26883e+03   -2.01722e+03    1.34018e+02   -3.26391e+00    1.75829e+00

           Step           Time
         830500     1661.00000

   Energies (kJ/mol)
        LJ (SR)  Disper. corr.   Coulomb (SR)      Potential    Kinetic En.
   -2.01380e+03   -3.86262e+01    0.00000e+00   -2.05243e+03    7.49297e+02
   Total Energy  Conserved En.    Temperature Pres. DC (bar) Pressure (bar)
   -1.30313e+03   -2.01759e+03    1.20400e+02   -3.26391e+00   -2.79310e+01

           Step           Time
         831000     1662.00000

   Energies (kJ/mol)
        LJ (SR)  Disper. corr.   Coulomb (SR)      Potential    Kinetic En.
   -2.00810e+03   -3.86262e+01    0.00000e+00   -2.04673e+03    8.33152e+02
   Total Energy  Conserved En.    Temperature Pres. DC (bar) Pressure (bar)
   -1.21357e+03   -2.01791e+03    1.33875e+02   -3.26391e+00   -1.61701e+01

           Step           Time
         831500     1663.00000

   Energies (kJ/mol)
        LJ (SR)  Disper. corr.   Coulomb (SR)      Potential    Kinetic En.
   -1.95693e+03   -3.86262e+01    0.00000e+00   -1.99556e+03    8.36425e+02
   Total Energy  Conserved En.    Temperature Pres. DC (bar) Pressure (bar)
   -1.15913e+03   -2.01824e+03    1.34400e+02   -3.26391e+00    1.34902e+01

           Step           Time
         832000     1664.00000

   Energies (kJ/mol)
        LJ (SR)  Disper. corr.   Coulomb (SR)      Potential    Kinetic En.
   -1.98892e+03   -3.86262e+01    0.00000e+00   -2.02754e+03    8.36398e+02
   Total Energy  Conserved En.    Temperature Pres. DC (bar) Pressure (bar)
   -1.19115e+03   -2.01861e+03    1.34396e+02   -3.26391e+00   -6.17555e+00

           Step           Time
         832500     1665.00000

   Energies (kJ/mol)
        LJ (SR)  Disper. corr.   Coulomb (SR)      Potential    Kinetic En.
   -2.03136e+03   -3.86262e+01    0.00000e+00   -2.06998e+03    7.59031e+02
   Total Energy  Conserved En.    Temperature Pres. DC (bar) Pressure (bar)
   -1.31095e+03   -2.01900e+03    1.21964e+02   -3.26391e+00    8.89178e+00

           Step           Time
         833000     1666.00000

   Energies (kJ/mol)
        LJ (SR)  Disper. corr.   Coulomb (SR)      Potential    Kinetic En.
   -2.07436e+03   -3.86262e+01    0.00000e+00   -2.11298e+03    8.23428e+02
   Total Energy  Conserved En.    Temperature Pres. DC (bar) Pressure (bar)
   -1.28956e+03   -2.01936e+03    1.32312e+02   -3.26391e+00   -1.05107e+01

           Step           Time
         833500     1667.00000

   Energies (kJ/mol)
        LJ (SR)  Disper. corr.   Coulomb (SR)      Potential    Kinetic En.
   -2.03515e+03   -3.86262e+01    0.00000e+00   -2.07378e+03    8.17392e+02
   Total Energy  Conserved En.    Temperature Pres. DC (bar) Pressure (bar)
   -1.25639e+03   -2.01970e+03    1.31342e+02   -3.26391e+00   -1.61346e+01

           Step           Time
         834000     1668.00000

   Energies (kJ/mol)
        LJ (SR)  Disper. corr.   Coulomb (SR)      Potential    Kinetic En.
   -1.99192e+03   -3.86262e+01    0.00000e+00   -2.03055e+03    8.05175e+02
   Total Energy  Conserved En.    Temperature Pres. DC (bar) Pressure (bar)
   -1.22537e+03   -2.02005e+03    1.29379e+02   -3.26391e+00    2.40191e+00

           Step           Time
         834500     1669.00000

   Energies (kJ/mol)
        LJ (SR)  Disper. corr.   Coulomb (SR)      Potential    Kinetic En.
   -2.00734e+03   -3.86262e+01    0.00000e+00   -2.04597e+03    8.46483e+02
   Total Energy  Conserved En.    Temperature Pres. DC (bar) Pressure (bar)
   -1.19949e+03   -2.02038e+03    1.36017e+02   -3.26391e+00   -1.50671e+00

           Step           Time
         835000     1670.00000

   Energies (kJ/mol)
        LJ (SR)  Disper. corr.   Coulomb (SR)      Potential    Kinetic En.
   -2.08274e+03   -3.86262e+01    0.00000e+00   -2.12137e+03    8.05951e+02
   Total Energy  Conserved En.    Temperature Pres. DC (bar) Pressure (bar)
   -1.31542e+03   -2.02077e+03    1.29504e+02   -3.26391e+00   -1.34467e+00

           Step           Time
         835500     1671.00000

   Energies (kJ/mol)
        LJ (SR)  Disper. corr.   Coulomb (SR)      Potential    Kinetic En.
   -2.03862e+03   -3.86262e+01    0.00000e+00   -2.07725e+03    7.84186e+02
   Total Energy  Conserved En.    Temperature Pres. DC (bar) Pressure (bar)
   -1.29306e+03   -2.02106e+03    1.26007e+02   -3.26391e+00   -1.66832e+00

           Step           Time
         836000     1672.00000

   Energies (kJ/mol)
        LJ (SR)  Disper. corr.   Coulomb (SR)      Potential    Kinetic En.
   -1.96918e+03   -3.86262e+01    0.00000e+00   -2.00780e+03    8.66169e+02
   Total Energy  Conserved En.    Temperature Pres. DC (bar) Pressure (bar)
   -1.14163e+03   -2.02139e+03    1.39180e+02   -3.26391e+00    4.19119e+00

           Step           Time
         836500     1673.00000

   Energies (kJ/mol)
        LJ (SR)  Disper. corr.   Coulomb (SR)      Potential    Kinetic En.
   -2.04149e+03   -3.86262e+01    0.00000e+00   -2.08012e+03    8.35444e+02
   Total Energy  Conserved En.    Temperature Pres. DC (bar) Pressure (bar)
   -1.24467e+03   -2.02176e+03    1.34243e+02   -3.26391e+00   -1.41765e+01

           Step           Time
         837000     1674.00000

   Energies (kJ/mol)
        LJ (SR)  Disper. corr.   Coulomb (SR)      Potential    Kinetic En.
   -2.01053e+03   -3.86262e+01    0.00000e+00   -2.04915e+03    7.95092e+02
   Total Energy  Conserved En.    Temperature Pres. DC (bar) Pressure (bar)
   -1.25406e+03   -2.02207e+03    1.27759e+02   -3.26391e+00    1.78065e+01

           Step           Time
         837500     1675.00000

   Energies (kJ/mol)
        LJ (SR)  Disper. corr.   Coulomb (SR)      Potential    Kinetic En.
   -2.01950e+03   -3.86262e+01    0.00000e+00   -2.05813e+03    7.75663e+02
   Total Energy  Conserved En.    Temperature Pres. DC (bar) Pressure (bar)
   -1.28247e+03   -2.02247e+03    1.24637e+02   -3.26391e+00   -4.00115e+00

           Step           Time
         838000     1676.00000

   Energies (kJ/mol)
        LJ (SR)  Disper. corr.   Coulomb (SR)      Potential    Kinetic En.
   -2.03401e+03   -3.86262e+01    0.00000e+00   -2.07263e+03    7.79229e+02
   Total Energy  Conserved En.    Temperature Pres. DC (bar) Pressure (bar)
   -1.29340e+03   -2.02286e+03    1.25210e+02   -3.26391e+00    9.17112e+00

           Step           Time
         838500     1677.00000

   Energies (kJ/mol)
        LJ (SR)  Disper. corr.   Coulomb (SR)      Potential    Kinetic En.
   -2.02299e+03   -3.86262e+01    0.00000e+00   -2.06162e+03    8.02941e+02
   Total Energy  Conserved En.    Temperature Pres. DC (bar) Pressure (bar)
   -1.25868e+03   -2.02321e+03    1.29020e+02   -3.26391e+00    2.91344e+00

           Step           Time
         839000     1678.00000

   Energies (kJ/mol)
        LJ (SR)  Disper. corr.   Coulomb (SR)      Potential    Kinetic En.
   -1.98544e+03   -3.86262e+01    0.00000e+00   -2.02407e+03    8.35939e+02
   Total Energy  Conserved En.    Temperature Pres. DC (bar) Pressure (bar)
   -1.18813e+03   -2.02354e+03    1.34322e+02   -3.26391e+00    1.15728e+00

           Step           Time
         839500     1679.00000

   Energies (kJ/mol)
        LJ (SR)  Disper. corr.   Coulomb (SR)      Potential    Kinetic En.
   -2.01381e+03   -3.86262e+01    0.00000e+00   -2.05244e+03    7.81581e+02
   Total Energy  Conserved En.    Temperature Pres. DC (bar) Pressure (bar)
   -1.27085e+03   -2.02392e+03    1.25588e+02   -3.26391e+00   -2.06574e+01

           Step           Time
         840000     1680.00000

   Energies (kJ/mol)
        LJ (SR)  Disper. corr.   Coulomb (SR)      Potential    Kinetic En.
   -2.01567e+03   -3.86262e+01    0.00000e+00   -2.05429e+03    7.77843e+02
   Total Energy  Conserved En.    Temperature Pres. DC (bar) Pressure (bar)
   -1.27645e+03   -2.02431e+03    1.24987e+02   -3.26391e+00   -7.28547e+00

           Step           Time
         840500     1681.00000

   Energies (kJ/mol)
        LJ (SR)  Disper. corr.   Coulomb (SR)      Potential    Kinetic En.
   -2.02196e+03   -3.86262e+01    0.00000e+00   -2.06059e+03    8.05794e+02
   Total Energy  Conserved En.    Temperature Pres. DC (bar) Pressure (bar)
   -1.25479e+03   -2.02466e+03    1.29479e+02   -3.26391e+00    9.78134e+00

           Step           Time
         841000     1682.00000

   Energies (kJ/mol)
        LJ (SR)  Disper. corr.   Coulomb (SR)      Potential    Kinetic En.
   -2.04812e+03   -3.86262e+01    0.00000e+00   -2.08675e+03    7.85038e+02
   Total Energy  Conserved En.    Temperature Pres. DC (bar) Pressure (bar)
   -1.30171e+03   -2.02502e+03    1.26144e+02   -3.26391e+00    7.50244e+00

           Step           Time
         841500     1683.00000

   Energies (kJ/mol)
        LJ (SR)  Disper. corr.   Coulomb (SR)      Potential    Kinetic En.
   -2.05191e+03   -3.86262e+01    0.00000e+00   -2.09054e+03    7.94014e+02
   Total Energy  Conserved En.    Temperature Pres. DC (bar) Pressure (bar)
   -1.29653e+03   -2.02541e+03    1.27586e+02   -3.26391e+00    1.34655e-01

           Step           Time
         842000     1684.00000

   Energies (kJ/mol)
        LJ (SR)  Disper. corr.   Coulomb (SR)      Potential    Kinetic En.
   -2.00119e+03   -3.86262e+01    0.00000e+00   -2.03981e+03    8.05220e+02
   Total Energy  Conserved En.    Temperature Pres. DC (bar) Pressure (bar)
   -1.23459e+03   -2.02575e+03    1.29386e+02   -3.26391e+00   -6.55336e-01

           Step           Time
         842500     1685.00000

   Energies (kJ/mol)
        LJ (SR)  Disper. corr.   Coulomb (SR)      Potential    Kinetic En.
   -1.98676e+03   -3.86262e+01    0.00000e+00   -2.02538e+03    7.58439e+02
   Total Energy  Conserved En.    Temperature Pres. DC (bar) Pressure (bar)
   -1.26694e+03   -2.02609e+03    1.21869e+02   -3.26391e+00   -3.81339e+00

           Step           Time
         843000     1686.00000

   Energies (kJ/mol)
        LJ (SR)  Disper. corr.   Coulomb (SR)      Potential    Kinetic En.
   -2.03726e+03   -3.86262e+01    0.00000e+00   -2.07589e+03    8.33429e+02
   Total Energy  Conserved En.    Temperature Pres. DC (bar) Pressure (bar)
   -1.24246e+03   -2.02645e+03    1.33919e+02   -3.26391e+00   -1.32841e+01

           Step           Time
         843500     1687.00000

   Energies (kJ/mol)
        LJ (SR)  Disper. corr.   Coulomb (SR)      Potential    Kinetic En.
   -1.98146e+03   -3.86262e+01    0.00000e+00   -2.02008e+03    7.87348e+02
   Total Energy  Conserved En.    Temperature Pres. DC (bar) Pressure (bar)
   -1.23274e+03   -2.02678e+03    1.26515e+02   -3.26391e+00   -8.40124e+00

           Step           Time
         844000     1688.00000

   Energies (kJ/mol)
        LJ (SR)  Disper. corr.   Coulomb (SR)      Potential    Kinetic En.
   -1.96983e+03   -3.86262e+01    0.00000e+00   -2.00846e+03    7.87468e+02
   Total Energy  Conserved En.    Temperature Pres. DC (bar) Pressure (bar)
   -1.22099e+03   -2.02719e+03    1.26534e+02   -3.26391e+00    6.43695e-01

           Step           Time
         844500     1689.00000

   Energies (kJ/mol)
        LJ (SR)  Disper. corr.   Coulomb (SR)      Potential    Kinetic En.
   -1.97797e+03   -3.86262e+01    0.00000e+00   -2.01660e+03    8.33453e+02
   Total Energy  Conserved En.    Temperature Pres. DC (bar) Pressure (bar)
   -1.18315e+03   -2.02759e+03    1.33923e+02   -3.26391e+00    3.77942e+00

           Step           Time
         845000     1690.00000

   Energies (kJ/mol)
        LJ (SR)  Disper. corr.   Coulomb (SR)      Potential    Kinetic En.
   -1.97867e+03   -3.86262e+01    0.00000e+00   -2.01730e+03    8.04682e+02
   Total Energy  Conserved En.    Temperature Pres. DC (bar) Pressure (bar)
   -1.21262e+03   -2.02791e+03    1.29300e+02   -3.26391e+00   -2.03415e+01

           Step           Time
         845500     1691.00000

   Energies (kJ/mol)
        LJ (SR)  Disper. corr.   Coulomb (SR)      Potential    Kinetic En.
   -1.96263e+03   -3.86262e+01    0.00000e+00   -2.00125e+03    8.12935e+02
   Total Energy  Conserved En.    Temperature Pres. DC (bar) Pressure (bar)
   -1.18832e+03   -2.02827e+03    1.30626e+02   -3.26391e+00    1.02366e+01

           Step           Time
         846000     1692.00000

   Energies (kJ/mol)
        LJ (SR)  Disper. corr.   Coulomb (SR)      Potential    Kinetic En.
   -1.99619e+03   -3.86262e+01    0.00000e+00   -2.03482e+03    8.14901e+02
   Total Energy  Conserved En.    Temperature Pres. DC (bar) Pressure (bar)
   -1.21992e+03   -2.02865e+03    1.30942e+02   -3.26391e+00    1.30818e+01

           Step           Time
         846500     1693.00000

   Energies (kJ/mol)
        LJ (SR)  Disper. corr.   Coulomb (SR)      Potential    Kinetic En.
   -1.95824e+03   -3.86262e+01    0.00000e+00   -1.99686e+03    8.20577e+02
   Total Energy  Conserved En.    Temperature Pres. DC (bar) Pressure (bar)
   -1.17629e+03   -2.02902e+03    1.31854e+02   -3.26391e+00   -1.55950e+01

           Step           Time
         847000     1694.00000

   Energies (kJ/mol)
        LJ (SR)  Disper. corr.   Coulomb (SR)      Potential    Kinetic En.
   -1.94385e+03   -3.86262e+01    0.00000e+00   -1.98248e+03    7.92161e+02
   Total Energy  Conserved En.    Temperature Pres. DC (bar) Pressure (bar)
   -1.19032e+03   -2.02936e+03    1.27288e+02   -3.26391e+00   -7.37545e+00

           Step           Time
         847500     1695.00000

   Energies (kJ/mol)
        LJ (SR)  Disper. corr.   Coulomb (SR)      Potential    Kinetic En.
   -1.95286e+03   -3.86262e+01    0.00000e+00   -1.99148e+03    7.68590e+02
   Total Energy  Conserved En.    Temperature Pres. DC (bar) Pressure (bar)
   -1.22289e+03   -2.02970e+03    1.23500e+02   -3.26391e+00   -1.59338e+01

           Step           Time
         848000     1696.00000

   Energies (kJ/mol)
        LJ (SR)  Disper. corr.   Coulomb (SR)      Potential    Kinetic En.
   -1.97925e+03   -3.86262e+01    0.00000e+00   -2.01788e+03    8.05569e+02
   Total Energy  Conserved En.    Temperature Pres. DC (bar) Pressure (bar)
   -1.21231e+03   -2.03004e+03    1.29442e+02   -3.26391e+00    1.17607e+01

           Step           Time
         848500     1697.00000

   Energies (kJ/mol)
        LJ (SR)  Disper. corr.   Coulomb (SR)      Potential    Kinetic En.
   -1.98033e+03   -3.86262e+01    0.00000e+00   -2.01896e+03    8.41308e+02
   Total Energy  Conserved En.    Temperature Pres. DC (bar) Pressure (bar)
   -1.17765e+03   -2.03043e+03    1.35185e+02   -3.26391e+00    1.70277e+01

           Step           Time
         849000     1698.00000

   Energies (kJ/mol)
        LJ (SR)  Disper. corr.   Coulomb (SR)      Potential    Kinetic En.
   -1.96207e+03   -3.86262e+01    0.00000e+00   -2.00070e+03    8.10786e+02
   Total Energy  Conserved En.    Temperature Pres. DC (bar) Pressure (bar)
   -1.18991e+03   -2.03078e+03    1.30281e+02   -3.26391e+00    3.07517e+00

           Step           Time
         849500     1699.00000

   Energies (kJ/mol)
        LJ (SR)  Disper. corr.   Coulomb (SR)      Potential    Kinetic En.
   -1.91557e+03   -3.86262e+01    0.00000e+00   -1.95419e+03    8.16780e+02
   Total Energy  Conserved En.    Temperature Pres. DC (bar) Pressure (bar)
   -1.13741e+03   -2.03109e+03    1.31244e+02   -3.26391e+00   -1.29893e+01

           Step           Time
         850000     1700.00000

   Energies (kJ/mol)
        LJ (SR)  Disper. corr.   Coulomb (SR)      Potential    Kinetic En.
   -1.94572e+03   -3.86262e+01    0.00000e+00   -1.98434e+03    7.66465e+02
   Total Energy  Conserved En.    Temperature Pres. DC (bar) Pressure (bar)
   -1.21788e+03   -2.03141e+03    1.23159e+02   -3.26391e+00   -1.20699e+01

           Step           Time
         850500     1701.00000

   Energies (kJ/mol)
        LJ (SR)  Disper. corr.   Coulomb (SR)      Potential    Kinetic En.
   -1.97736e+03   -3.86262e+01    0.00000e+00   -2.01598e+03    8.65358e+02
   Total Energy  Conserved En.    Temperature Pres. DC (bar) Pressure (bar)
   -1.15063e+03   -2.03183e+03    1.39050e+02   -3.26391e+00    1.02355e+01

           Step           Time
         851000     1702.00000

   Energies (kJ/mol)
        LJ (SR)  Disper. corr.   Coulomb (SR)      Potential    Kinetic En.
   -2.00330e+03   -3.86262e+01    0.00000e+00   -2.04192e+03    8.01484e+02
   Total Energy  Conserved En.    Temperature Pres. DC (bar) Pressure (bar)
   -1.24044e+03   -2.03218e+03    1.28786e+02   -3.26391e+00   -1.33829e+01

           Step           Time
         851500     1703.00000

   Energies (kJ/mol)
        LJ (SR)  Disper. corr.   Coulomb (SR)      Potential    Kinetic En.
   -1.99188e+03   -3.86262e+01    0.00000e+00   -2.03050e+03    8.16076e+02
   Total Energy  Conserved En.    Temperature Pres. DC (bar) Pressure (bar)
   -1.21443e+03   -2.03252e+03    1.31131e+02   -3.26391e+00   -1.24628e+01

           Step           Time
         852000     1704.00000

   Energies (kJ/mol)
        LJ (SR)  Disper. corr.   Coulomb (SR)      Potential    Kinetic En.
   -1.99003e+03   -3.86262e+01    0.00000e+00   -2.02865e+03    8.20130e+02
   Total Energy  Conserved En.    Temperature Pres. DC (bar) Pressure (bar)
   -1.20852e+03   -2.03292e+03    1.31782e+02   -3.26391e+00   -1.95401e+01

           Step           Time
         852500     1705.00000

   Energies (kJ/mol)
        LJ (SR)  Disper. corr.   Coulomb (SR)      Potential    Kinetic En.
   -1.99082e+03   -3.86262e+01    0.00000e+00   -2.02944e+03    8.10544e+02
   Total Energy  Conserved En.    Temperature Pres. DC (bar) Pressure (bar)
   -1.21890e+03   -2.03331e+03    1.30242e+02   -3.26391e+00    1.59514e+01

           Step           Time
         853000     1706.00000

   Energies (kJ/mol)
        LJ (SR)  Disper. corr.   Coulomb (SR)      Potential    Kinetic En.
   -2.02545e+03   -3.86262e+01    0.00000e+00   -2.06408e+03    8.53864e+02
   Total Energy  Conserved En.    Temperature Pres. DC (bar) Pressure (bar)
   -1.21021e+03   -2.03370e+03    1.37203e+02   -3.26391e+00    8.31762e+00

           Step           Time
         853500     1707.00000

   Energies (kJ/mol)
        LJ (SR)  Disper. corr.   Coulomb (SR)      Potential    Kinetic En.
   -2.00861e+03   -3.86262e+01    0.00000e+00   -2.04723e+03    8.12806e+02
   Total Energy  Conserved En.    Temperature Pres. DC (bar) Pressure (bar)
   -1.23443e+03   -2.03401e+03    1.30605e+02   -3.26391e+00   -3.85386e+00

           Step           Time
         854000     1708.00000

   Energies (kJ/mol)
        LJ (SR)  Disper. corr.   Coulomb (SR)      Potential    Kinetic En.
   -2.00548e+03   -3.86262e+01    0.00000e+00   -2.04411e+03    7.60122e+02
   Total Energy  Conserved En.    Temperature Pres. DC (bar) Pressure (bar)
   -1.28398e+03   -2.03436e+03    1.22140e+02   -3.26391e+00   -1.67214e+01

           Step           Time
         854500     1709.00000

   Energies (kJ/mol)
        LJ (SR)  Disper. corr.   Coulomb (SR)      Potential    Kinetic En.
   -2.03195e+03   -3.86262e+01    0.00000e+00   -2.07057e+03    8.41513e+02
   Total Energy  Conserved En.    Temperature Pres. DC (bar) Pressure (bar)
   -1.22906e+03   -2.03473e+03    1.35218e+02   -3.26391e+00   -9.67149e+00

           Step           Time
         855000     1710.00000

   Energies (kJ/mol)
        LJ (SR)  Disper. corr.   Coulomb (SR)      Potential    Kinetic En.
   -1.99890e+03   -3.86262e+01    0.00000e+00   -2.03753e+03    8.00183e+02
   Total Energy  Conserved En.    Temperature Pres. DC (bar) Pressure (bar)
   -1.23735e+03   -2.03501e+03    1.28577e+02   -3.26391e+00   -2.32653e-01

           Step           Time
         855500     1711.00000

   Energies (kJ/mol)
        LJ (SR)  Disper. corr.   Coulomb (SR)      Potential    Kinetic En.
   -1.99026e+03   -3.86262e+01    0.00000e+00   -2.02889e+03    8.08909e+02
   Total Energy  Conserved En.    Temperature Pres. DC (bar) Pressure (bar)
   -1.21998e+03   -2.03537e+03    1.29979e+02   -3.26391e+00   -1.20727e+01

           Step           Time
         856000     1712.00000

   Energies (kJ/mol)
        LJ (SR)  Disper. corr.   Coulomb (SR)      Potential    Kinetic En.
   -1.98417e+03   -3.86262e+01    0.00000e+00   -2.02279e+03    8.52637e+02
   Total Energy  Conserved En.    Temperature Pres. DC (bar) Pressure (bar)
   -1.17016e+03   -2.03573e+03    1.37005e+02   -3.26391e+00   -1.48823e+01

           Step           Time
         856500     1713.00000

   Energies (kJ/mol)
        LJ (SR)  Disper. corr.   Coulomb (SR)      Potential    Kinetic En.
   -1.96327e+03   -3.86262e+01    0.00000e+00   -2.00190e+03    8.14083e+02
   Total Energy  Conserved En.    Temperature Pres. DC (bar) Pressure (bar)
   -1.18781e+03   -2.03602e+03    1.30811e+02   -3.26391e+00   -6.53832e+00

           Step           Time
         857000     1714.00000

   Energies (kJ/mol)
        LJ (SR)  Disper. corr.   Coulomb (SR)      Potential    Kinetic En.
   -1.97396e+03   -3.86262e+01    0.00000e+00   -2.01259e+03    7.87832e+02
   Total Energy  Conserved En.    Temperature Pres. DC (bar) Pressure (bar)
   -1.22476e+03   -2.03640e+03    1.26592e+02   -3.26391e+00   -1.74977e+01

           Step           Time
         857500     1715.00000

   Energies (kJ/mol)
        LJ (SR)  Disper. corr.   Coulomb (SR)      Potential    Kinetic En.
   -1.95316e+03   -3.86262e+01    0.00000e+00   -1.99178e+03    8.03736e+02
   Total Energy  Conserved En.    Temperature Pres. DC (bar) Pressure (bar)
   -1.18805e+03   -2.03675e+03    1.29148e+02   -3.26391e+00    7.47361e+00

           Step           Time
         858000     1716.00000

   Energies (kJ/mol)
        LJ (SR)  Disper. corr.   Coulomb (SR)      Potential    Kinetic En.
   -1.98785e+03   -3.86262e+01    0.00000e+00   -2.02648e+03    8.36930e+02
   Total Energy  Conserved En.    Temperature Pres. DC (bar) Pressure (bar)
   -1.18955e+03   -2.03712e+03    1.34482e+02   -3.26391e+00    8.75868e+00

           Step           Time
         858500     1717.00000

   Energies (kJ/mol)
        LJ (SR)  Disper. corr.   Coulomb (SR)      Potential    Kinetic En.
   -2.01023e+03   -3.86262e+01    0.00000e+00   -2.04886e+03    7.82401e+02
   Total Energy  Conserved En.    Temperature Pres. DC (bar) Pressure (bar)
   -1.26646e+03   -2.03740e+03    1.25720e+02   -3.26391e+00    3.61624e+00

           Step           Time
         859000     1718.00000

   Energies (kJ/mol)
        LJ (SR)  Disper. corr.   Coulomb (SR)      Potential    Kinetic En.
   -2.00884e+03   -3.86262e+01    0.00000e+00   -2.04746e+03    7.82862e+02
   Total Energy  Conserved En.    Temperature Pres. DC (bar) Pressure (bar)
   -1.26460e+03   -2.03779e+03    1.25794e+02   -3.26391e+00    1.29378e+00

           Step           Time
         859500     1719.00000

   Energies (kJ/mol)
        LJ (SR)  Disper. corr.   Coulomb (SR)      Potential    Kinetic En.
   -2.02910e+03   -3.86262e+01    0.00000e+00   -2.06772e+03    7.68285e+02
   Total Energy  Conserved En.    Temperature Pres. DC (bar) Pressure (bar)
   -1.29944e+03   -2.03807e+03    1.23451e+02   -3.26391e+00   -1.84458e+01

           Step           Time
         860000     1720.00000

   Energies (kJ/mol)
        LJ (SR)  Disper. corr.   Coulomb (SR)      Potential    Kinetic En.
   -2.01377e+03   -3.86262e+01    0.00000e+00   -2.05240e+03    7.86032e+02
   Total Energy  Conserved En.    Temperature Pres. DC (bar) Pressure (bar)
   -1.26637e+03   -2.03842e+03    1.26303e+02   -3.26391e+00    1.72811e+00

           Step           Time
         860500     1721.00000

   Energies (kJ/mol)
        LJ (SR)  Disper. corr.   Coulomb (SR)      Potential    Kinetic En.
   -2.01758e+03   -3.86262e+01    0.00000e+00   -2.05621e+03    8.01646e+02
   Total Energy  Conserved En.    Temperature Pres. DC (bar) Pressure (bar)
   -1.25456e+03   -2.03882e+03    1.28812e+02   -3.26391e+00    9.84033e+00

           Step           Time
         861000     1722.00000

   Energies (kJ/mol)
        LJ (SR)  Disper. corr.   Coulomb (SR)      Potential    Kinetic En.
   -2.00734e+03   -3.86262e+01    0.00000e+00   -2.04596e+03    8.14377e+02
   Total Energy  Conserved En.    Temperature Pres. DC (bar) Pressure (bar)
   -1.23159e+03   -2.03914e+03    1.30858e+02   -3.26391e+00    2.76444e+00

           Step           Time
         861500     1723.00000

   Energies (kJ/mol)
        LJ (SR)  Disper. corr.   Coulomb (SR)      Potential    Kinetic En.
   -2.00756e+03   -3.86262e+01    0.00000e+00   -2.04619e+03    7.66338e+02
   Total Energy  Conserved En.    Temperature Pres. DC (bar) Pressure (bar)
   -1.27985e+03   -2.03945e+03    1.23139e+02   -3.26391e+00   -1.24061e+01

           Step           Time
         862000     1724.00000

   Energies (kJ/mol)
        LJ (SR)  Disper. corr.   Coulomb (SR)      Potential    Kinetic En.
   -2.00823e+03   -3.86262e+01    0.00000e+00   -2.04685e+03    7.92086e+02
   Total Energy  Conserved En.    Temperature Pres. DC (bar) Pressure (bar)
   -1.25477e+03   -2.03979e+03    1.27276e+02   -3.26391e+00   -1.23059e+01

           Step           Time
         862500     1725.00000

   Energies (kJ/mol)
        LJ (SR)  Disper. corr.   Coulomb (SR)      Potential    Kinetic En.
   -1.99408e+03   -3.86262e+01    0.00000e+00   -2.03270e+03    8.31962e+02
   Total Energy  Conserved En.    Temperature Pres. DC (bar) Pressure (bar)
   -1.20074e+03   -2.04014e+03    1.33683e+02   -3.26391e+00    1.02615e+01

           Step           Time
         863000     1726.00000

   Energies (kJ/mol)
        LJ (SR)  Disper. corr.   Coulomb (SR)      Potential    Kinetic En.
   -2.02837e+03   -3.86262e+01    0.00000e+00   -2.06700e+03    8.13266e+02
   Total Energy  Conserved En.    Temperature Pres. DC (bar) Pressure (bar)
   -1.25373e+03   -2.04044e+03    1.30679e+02   -3.26391e+00    4.22356e+00

           Step           Time
         863500     1727.00000

   Energies (kJ/mol)
        LJ (SR)  Disper. corr.   Coulomb (SR)      Potential    Kinetic En.
   -2.01196e+03   -3.86262e+01    0.00000e+00   -2.05059e+03    7.56151e+02
   Total Energy  Conserved En.    Temperature Pres. DC (bar) Pressure (bar)
   -1.29444e+03   -2.04083e+03    1.21502e+02   -3.26391e+00   -8.38047e+00

           Step           Time
         864000     1728.00000

   Energies (kJ/mol)
        LJ (SR)  Disper. corr.   Coulomb (SR)      Potential    Kinetic En.
   -1.99137e+03   -3.86262e+01    0.00000e+00   -2.03000e+03    8.01919e+02
   Total Energy  Conserved En.    Temperature Pres. DC (bar) Pressure (bar)
   -1.22808e+03   -2.04118e+03    1.28856e+02   -3.26391e+00   -4.12137e-01

           Step           Time
         864500     1729.00000

   Energies (kJ/mol)
        LJ (SR)  Disper. corr.   Coulomb (SR)      Potential    Kinetic En.
   -1.99930e+03   -3.86262e+01    0.00000e+00   -2.03792e+03    7.77397e+02
   Total Energy  Conserved En.    Temperature Pres. DC (bar) Pressure (bar)
   -1.26053e+03   -2.04157e+03    1.24916e+02   -3.26391e+00   -6.32204e+00

           Step           Time
         865000     1730.00000

   Energies (kJ/mol)
        LJ (SR)  Disper. corr.   Coulomb (SR)      Potential    Kinetic En.
   -2.04310e+03   -3.86262e+01    0.00000e+00   -2.08173e+03    8.18923e+02
   Total Energy  Conserved En.    Temperature Pres. DC (bar) Pressure (bar)
   -1.26281e+03   -2.04190e+03    1.31588e+02   -3.26391e+00   -3.13213e+00

           Step           Time
         865500     1731.00000

   Energies (kJ/mol)
        LJ (SR)  Disper. corr.   Coulomb (SR)      Potential    Kinetic En.
   -2.01372e+03   -3.86262e+01    0.00000e+00   -2.05235e+03    8.25228e+02
   Total Energy  Conserved En.    Temperature Pres. DC (bar) Pressure (bar)
   -1.22712e+03   -2.04229e+03    1.32601e+02   -3.26391e+00    2.72732e+00

           Step           Time
         866000     1732.00000

   Energies (kJ/mol)
        LJ (SR)  Disper. corr.   Coulomb (SR)      Potential    Kinetic En.
   -1.95176e+03   -3.86262e+01    0.00000e+00   -1.99039e+03    7.93951e+02
   Total Energy  Conserved En.    Temperature Pres. DC (bar) Pressure (bar)
   -1.19644e+03   -2.04255e+03    1.27576e+02   -3.26391e+00    8.41969e+00

           Step           Time
         866500     1733.00000

   Energies (kJ/mol)
        LJ (SR)  Disper. corr.   Coulomb (SR)      Potential    Kinetic En.
   -1.89047e+03   -3.86262e+01    0.00000e+00   -1.92909e+03    8.44843e+02
   Total Energy  Conserved En.    Temperature Pres. DC (bar) Pressure (bar)
   -1.08425e+03   -2.04288e+03    1.35753e+02   -3.26391e+00   -1.36427e-01

           Step           Time
         867000     1734.00000

   Energies (kJ/mol)
        LJ (SR)  Disper. corr.   Coulomb (SR)      Potential    Kinetic En.
   -1.92587e+03   -3.86262e+01    0.00000e+00   -1.96449e+03    7.85244e+02
   Total Energy  Conserved En.    Temperature Pres. DC (bar) Pressure (bar)
   -1.17925e+03   -2.04328e+03    1.26176e+02   -3.26391e+00   -1.16733e+01

           Step           Time
         867500     1735.00000

   Energies (kJ/mol)
        LJ (SR)  Disper. corr.   Coulomb (SR)      Potential    Kinetic En.
   -1.96805e+03   -3.86262e+01    0.00000e+00   -2.00668e+03    7.91711e+02
   Total Energy  Conserved En.    Temperature Pres. DC (bar) Pressure (bar)
   -1.21497e+03   -2.04360e+03    1.27216e+02   -3.26391e+00   -2.50115e+01

           Step           Time
         868000     1736.00000

   Energies (kJ/mol)
        LJ (SR)  Disper. corr.   Coulomb (SR)      Potential    Kinetic En.
   -1.96394e+03   -3.86262e+01    0.00000e+00   -2.00257e+03    8.01214e+02
   Total Energy  Conserved En.    Temperature Pres. DC (bar) Pressure (bar)
   -1.20135e+03   -2.04399e+03    1.28743e+02   -3.26391e+00    1.94739e+01

           Step           Time
         868500     1737.00000

   Energies (kJ/mol)
        LJ (SR)  Disper. corr.   Coulomb (SR)      Potential    Kinetic En.
   -1.95153e+03   -3.86262e+01    0.00000e+00   -1.99016e+03    7.84698e+02
   Total Energy  Conserved En.    Temperature Pres. DC (bar) Pressure (bar)
   -1.20546e+03   -2.04434e+03    1.26089e+02   -3.26391e+00   -8.56146e+00

           Step           Time
         869000     1738.00000

   Energies (kJ/mol)
        LJ (SR)  Disper. corr.   Coulomb (SR)      Potential    Kinetic En.
   -2.00326e+03   -3.86262e+01    0.00000e+00   -2.04189e+03    8.12034e+02
   Total Energy  Conserved En.    Temperature Pres. DC (bar) Pressure (bar)
   -1.22986e+03   -2.04465e+03    1.30481e+02   -3.26391e+00   -2.67246e-01

           Step           Time
         869500     1739.00000

   Energies (kJ/mol)
        LJ (SR)  Disper. corr.   Coulomb (SR)      Potential    Kinetic En.
   -1.98214e+03   -3.86262e+01    0.00000e+00   -2.02077e+03    8.07499e+02
   Total Energy  Conserved En.    Temperature Pres. DC (bar) Pressure (bar)
   -1.21327e+03   -2.04501e+03    1.29753e+02   -3.26391e+00   -2.12364e+00

           Step           Time
         870000     1740.00000

   Energies (kJ/mol)
        LJ (SR)  Disper. corr.   Coulomb (SR)      Potential    Kinetic En.
   -1.94912e+03   -3.86262e+01    0.00000e+00   -1.98775e+03    8.26202e+02
   Total Energy  Conserved En.    Temperature Pres. DC (bar) Pressure (bar)
   -1.16154e+03   -2.04535e+03    1.32758e+02   -3.26391e+00   -8.09868e+00

           Step           Time
         870500     1741.00000

   Energies (kJ/mol)
        LJ (SR)  Disper. corr.   Coulomb (SR)      Potential    Kinetic En.
   -1.92189e+03   -3.86262e+01    0.00000e+00   -1.96051e+03    8.17250e+02
   Total Energy  Conserved En.    Temperature Pres. DC (bar) Pressure (bar)
   -1.14326e+03   -2.04564e+03    1.31319e+02   -3.26391e+00   -3.53418e+00

           Step           Time
         871000     1742.00000

   Energies (kJ/mol)
        LJ (SR)  Disper. corr.   Coulomb (SR)      Potential    Kinetic En.
   -1.89355e+03   -3.86262e+01    0.00000e+00   -1.93217e+03    7.96165e+02
   Total Energy  Conserved En.    Temperature Pres. DC (bar) Pressure (bar)
   -1.13601e+03   -2.04590e+03    1.27931e+02   -3.26391e+00    4.03420e-01

           Step           Time
         871500     1743.00000

   Energies (kJ/mol)
        LJ (SR)  Disper. corr.   Coulomb (SR)      Potential    Kinetic En.
   -1.89012e+03   -3.86262e+01    0.00000e+00   -1.92875e+03    8.47755e+02
   Total Energy  Conserved En.    Temperature Pres. DC (bar) Pressure (bar)
   -1.08099e+03   -2.04622e+03    1.36221e+02   -3.26391e+00    2.21787e+00

           Step           Time
         872000     1744.00000

   Energies (kJ/mol)
        LJ (SR)  Disper. corr.   Coulomb (SR)      Potential    Kinetic En.
   -1.92791e+03   -3.86262e+01    0.00000e+00   -1.96653e+03    8.55478e+02
   Total Energy  Conserved En.    Temperature Pres. DC (bar) Pressure (bar)
   -1.11105e+03   -2.04656e+03    1.37462e+02   -3.26391e+00   -6.79143e-01

           Step           Time
         872500     1745.00000

   Energies (kJ/mol)
        LJ (SR)  Disper. corr.   Coulomb (SR)      Potential    Kinetic En.
   -1.96072e+03   -3.86262e+01    0.00000e+00   -1.99935e+03    8.16110e+02
   Total Energy  Conserved En.    Temperature Pres. DC (bar) Pressure (bar)
   -1.18324e+03   -2.04694e+03    1.31136e+02   -3.26391e+00    2.09426e+01

           Step           Time
         873000     1746.00000

   Energies (kJ/mol)
        LJ (SR)  Disper. corr.   Coulomb (SR)      Potential    Kinetic En.
   -1.95093e+03   -3.86262e+01    0.00000e+00   -1.98955e+03    8.01975e+02
   Total Energy  Conserved En.    Temperature Pres. DC (bar) Pressure (bar)
   -1.18758e+03   -2.04730e+03    1.28865e+02   -3.26391e+00    4.04552e+00

           Step           Time
         873500     1747.00000

   Energies (kJ/mol)
        LJ (SR)  Disper. corr.   Coulomb (SR)      Potential    Kinetic En.
   -2.00053e+03   -3.86262e+01    0.00000e+00   -2.03916e+03    7.86199e+02
   Total Energy  Conserved En.    Temperature Pres. DC (bar) Pressure (bar)
   -1.25296e+03   -2.04767e+03    1.26330e+02   -3.26391e+00   -2.14606e+01

           Step           Time
         874000     1748.00000

   Energies (kJ/mol)
        LJ (SR)  Disper. corr.   Coulomb (SR)      Potential    Kinetic En.
   -2.01182e+03   -3.86262e+01    0.00000e+00   -2.05044e+03    8.48456e+02
   Total Energy  Conserved En.    Temperature Pres. DC (bar) Pressure (bar)
   -1.20199e+03   -2.04805e+03    1.36334e+02   -3.26391e+00    9.03460e-01

           Step           Time
         874500     1749.00000

   Energies (kJ/mol)
        LJ (SR)  Disper. corr.   Coulomb (SR)      Potential    Kinetic En.
   -2.01514e+03   -3.86262e+01    0.00000e+00   -2.05377e+03    8.04669e+02
   Total Energy  Conserved En.    Temperature Pres. DC (bar) Pressure (bar)
   -1.24910e+03   -2.04842e+03    1.29298e+02   -3.26391e+00   -3.46233e+00

           Step           Time
         875000     1750.00000

   Energies (kJ/mol)
        LJ (SR)  Disper. corr.   Coulomb (SR)      Potential    Kinetic En.
   -2.00613e+03   -3.86262e+01    0.00000e+00   -2.04476e+03    8.28383e+02
   Total Energy  Conserved En.    Temperature Pres. DC (bar) Pressure (bar)
   -1.21638e+03   -2.04879e+03    1.33108e+02   -3.26391e+00    7.76825e+00

           Step           Time
         875500     1751.00000

   Energies (kJ/mol)
        LJ (SR)  Disper. corr.   Coulomb (SR)      Potential    Kinetic En.
   -2.02163e+03   -3.86262e+01    0.00000e+00   -2.06026e+03    7.98038e+02
   Total Energy  Conserved En.    Temperature Pres. DC (bar) Pressure (bar)
   -1.26222e+03   -2.04909e+03    1.28232e+02   -3.26391e+00   -4.12572e+00

           Step           Time
         876000     1752.00000

   Energies (kJ/mol)
        LJ (SR)  Disper. corr.   Coulomb (SR)      Potential    Kinetic En.
   -2.01161e+03   -3.86262e+01    0.00000e+00   -2.05023e+03    7.95461e+02
   Total Energy  Conserved En.    Temperature Pres. DC (bar) Pressure (bar)
   -1.25477e+03   -2.04946e+03    1.27818e+02   -3.26391e+00   -1.29359e+01

           Step           Time
         876500     1753.00000

   Energies (kJ/mol)
        LJ (SR)  Disper. corr.   Coulomb (SR)      Potential    Kinetic En.
   -2.01387e+03   -3.86262e+01    0.00000e+00   -2.05249e+03    8.30119e+02
   Total Energy  Conserved En.    Temperature Pres. DC (bar) Pressure (bar)
   -1.22238e+03   -2.04981e+03    1.33387e+02   -3.26391e+00   -8.12512e+00

           Step           Time
         877000     1754.00000

   Energies (kJ/mol)
        LJ (SR)  Disper. corr.   Coulomb (SR)      Potential    Kinetic En.
   -2.01644e+03   -3.86262e+01    0.00000e+00   -2.05507e+03    7.71886e+02
   Total Energy  Conserved En.    Temperature Pres. DC (bar) Pressure (bar)
   -1.28318e+03   -2.05014e+03    1.24030e+02   -3.26391e+00   -6.55949e+00

           Step           Time
         877500     1755.00000

   Energies (kJ/mol)
        LJ (SR)  Disper. corr.   Coulomb (SR)      Potential    Kinetic En.
   -2.03847e+03   -3.86262e+01    0.00000e+00   -2.07710e+03    8.38230e+02
   Total Energy  Conserved En.    Temperature Pres. DC (bar) Pressure (bar)
   -1.23887e+03   -2.05051e+03    1.34691e+02   -3.26391e+00   -1.00223e+01

           Step           Time
         878000     1756.00000

   Energies (kJ/mol)
        LJ (SR)  Disper. corr.   Coulomb (SR)      Potential    Kinetic En.
   -2.01076e+03   -3.86262e+01    0.00000e+00   -2.04938e+03    8.21373e+02
   Total Energy  Conserved En.    Temperature Pres. DC (bar) Pressure (bar)
   -1.22801e+03   -2.05083e+03    1.31982e+02   -3.26391e+00   -8.39297e+00

           Step           Time
         878500     1757.00000

   Energies (kJ/mol)
        LJ (SR)  Disper. corr.   Coulomb (SR)      Potential    Kinetic En.
   -1.96409e+03   -3.86262e+01    0.00000e+00   -2.00272e+03    8.27490e+02
   Total Energy  Conserved En.    Temperature Pres. DC (bar) Pressure (bar)
   -1.17523e+03   -2.05117e+03    1.32965e+02   -3.26391e+00   -6.42800e-01

           Step           Time
         879000     1758.00000

   Energies (kJ/mol)
        LJ (SR)  Disper. corr.   Coulomb (SR)      Potential    Kinetic En.
   -1.93330e+03   -3.86262e+01    0.00000e+00   -1.97192e+03    8.59349e+02
   Total Energy  Conserved En.    Temperature Pres. DC (bar) Pressure (bar)
   -1.11258e+03   -2.05146e+03    1.38084e+02   -3.26391e+00   -4.17736e+00

           Step           Time
         879500     1759.00000

   Energies (kJ/mol)
        LJ (SR)  Disper. corr.   Coulomb (SR)      Potential    Kinetic En.
   -1.91672e+03   -3.86262e+01    0.00000e+00   -1.95534e+03    8.41046e+02
   Total Energy  Conserved En.    Temperature Pres. DC (bar) Pressure (bar)
   -1.11430e+03   -2.05184e+03    1.35143e+02   -3.26391e+00   -2.69709e+00

           Step           Time
         880000     1760.00000

   Energies (kJ/mol)
        LJ (SR)  Disper. corr.   Coulomb (SR)      Potential    Kinetic En.
   -1.94403e+03   -3.86262e+01    0.00000e+00   -1.98266e+03    8.34278e+02
   Total Energy  Conserved En.    Temperature Pres. DC (bar) Pressure (bar)
   -1.14838e+03   -2.05222e+03    1.34055e+02   -3.26391e+00   -9.42558e+00

           Step           Time
         880500     1761.00000

   Energies (kJ/mol)
        LJ (SR)  Disper. corr.   Coulomb (SR)      Potential    Kinetic En.
   -1.96278e+03   -3.86262e+01    0.00000e+00   -2.00141e+03    8.28878e+02
   Total Energy  Conserved En.    Temperature Pres. DC (bar) Pressure (bar)
   -1.17253e+03   -2.05258e+03    1.33188e+02   -3.26391e+00    6.40226e+00

           Step           Time
         881000     1762.00000

   Energies (kJ/mol)
        LJ (SR)  Disper. corr.   Coulomb (SR)      Potential    Kinetic En.
   -1.92967e+03   -3.86262e+01    0.00000e+00   -1.96830e+03    7.79944e+02
   Total Energy  Conserved En.    Temperature Pres. DC (bar) Pressure (bar)
   -1.18835e+03   -2.05287e+03    1.25325e+02   -3.26391e+00   -8.34711e+00

           Step           Time
         881500     1763.00000

   Energies (kJ/mol)
        LJ (SR)  Disper. corr.   Coulomb (SR)      Potential    Kinetic En.
   -1.90608e+03   -3.86262e+01    0.00000e+00   -1.94471e+03    8.15919e+02
   Total Energy  Conserved En.    Temperature Pres. DC (bar) Pressure (bar)
   -1.12879e+03   -2.05327e+03    1.31105e+02   -3.26391e+00   -5.12586e+00

           Step           Time
         882000     1764.00000

   Energies (kJ/mol)
        LJ (SR)  Disper. corr.   Coulomb (SR)      Potential    Kinetic En.
   -1.94164e+03   -3.86262e+01    0.00000e+00   -1.98027e+03    8.22038e+02
   Total Energy  Conserved En.    Temperature Pres. DC (bar) Pressure (bar)
   -1.15823e+03   -2.05357e+03    1.32089e+02   -3.26391e+00   -2.09716e+01

           Step           Time
         882500     1765.00000

   Energies (kJ/mol)
        LJ (SR)  Disper. corr.   Coulomb (SR)      Potential    Kinetic En.
   -1.98599e+03   -3.86262e+01    0.00000e+00   -2.02462e+03    7.84899e+02
   Total Energy  Conserved En.    Temperature Pres. DC (bar) Pressure (bar)
   -1.23972e+03   -2.05393e+03    1.26121e+02   -3.26391e+00   -7.84275e+00

           Step           Time
         883000     1766.00000

   Energies (kJ/mol)
        LJ (SR)  Disper. corr.   Coulomb (SR)      Potential    Kinetic En.
   -2.06500e+03   -3.86262e+01    0.00000e+00   -2.10362e+03    8.29861e+02
   Total Energy  Conserved En.    Temperature Pres. DC (bar) Pressure (bar)
   -1.27376e+03   -2.05435e+03    1.33346e+02   -3.26391e+00   -2.94248e+00

           Step           Time
         883500     1767.00000

   Energies (kJ/mol)
        LJ (SR)  Disper. corr.   Coulomb (SR)      Potential    Kinetic En.
   -2.01923e+03   -3.86262e+01    0.00000e+00   -2.05785e+03    7.81792e+02
   Total Energy  Conserved En.    Temperature Pres. DC (bar) Pressure (bar)
   -1.27606e+03   -2.05463e+03    1.25622e+02   -3.26391e+00   -2.68789e+00

           Step           Time
         884000     1768.00000

   Energies (kJ/mol)
        LJ (SR)  Disper. corr.   Coulomb (SR)      Potential    Kinetic En.
   -2.02190e+03   -3.86262e+01    0.00000e+00   -2.06053e+03    7.98519e+02
   Total Energy  Conserved En.    Temperature Pres. DC (bar) Pressure (bar)
   -1.26201e+03   -2.05493e+03    1.28310e+02   -3.26391e+00   -5.50059e+00

           Step           Time
         884500     1769.00000

   Energies (kJ/mol)
        LJ (SR)  Disper. corr.   Coulomb (SR)      Potential    Kinetic En.
   -1.99626e+03   -3.86262e+01    0.00000e+00   -2.03488e+03    8.14634e+02
   Total Energy  Conserved En.    Temperature Pres. DC (bar) Pressure (bar)
   -1.22025e+03   -2.05524e+03    1.30899e+02   -3.26391e+00   -9.02558e+00

           Step           Time
         885000     1770.00000

   Energies (kJ/mol)
        LJ (SR)  Disper. corr.   Coulomb (SR)      Potential    Kinetic En.
   -1.95446e+03   -3.86262e+01    0.00000e+00   -1.99308e+03    7.69047e+02
   Total Energy  Conserved En.    Temperature Pres. DC (bar) Pressure (bar)
   -1.22404e+03   -2.05561e+03    1.23574e+02   -3.26391e+00   -1.13220e+00

           Step           Time
         885500     1771.00000

   Energies (kJ/mol)
        LJ (SR)  Disper. corr.   Coulomb (SR)      Potential    Kinetic En.
   -1.97970e+03   -3.86262e+01    0.00000e+00   -2.01833e+03    7.93944e+02
   Total Energy  Conserved En.    Temperature Pres. DC (bar) Pressure (bar)
   -1.22438e+03   -2.05595e+03    1.27575e+02   -3.26391e+00   -4.63640e+00

           Step           Time
         886000     1772.00000

   Energies (kJ/mol)
        LJ (SR)  Disper. corr.   Coulomb (SR)      Potential    Kinetic En.
   -1.96744e+03   -3.86262e+01    0.00000e+00   -2.00607e+03    7.37765e+02
   Total Energy  Conserved En.    Temperature Pres. DC (bar) Pressure (bar)
   -1.26831e+03   -2.05621e+03    1.18547e+02   -3.26391e+00    8.41402e-02

           Step           Time
         886500     1773.00000

   Energies (kJ/mol)
        LJ (SR)  Disper. corr.   Coulomb (SR)      Potential    Kinetic En.
   -1.94547e+03   -3.86262e+01    0.00000e+00   -1.98410e+03    8.19458e+02
   Total Energy  Conserved En.    Temperature Pres. DC (bar) Pressure (bar)
   -1.16464e+03   -2.05650e+03    1.31674e+02   -3.26391e+00   -7.82859e+00

           Step           Time
         887000     1774.00000

   Energies (kJ/mol)
        LJ (SR)  Disper. corr.   Coulomb (SR)      Potential    Kinetic En.
   -2.00930e+03   -3.86262e+01    0.00000e+00   -2.04792e+03    8.79811e+02
   Total Energy  Conserved En.    Temperature Pres. DC (bar) Pressure (bar)
   -1.16811e+03   -2.05687e+03    1.41372e+02   -3.26391e+00   -1.40790e+01

           Step           Time
         887500     1775.00000

   Energies (kJ/mol)
        LJ (SR)  Disper. corr.   Coulomb (SR)      Potential    Kinetic En.
   -1.92550e+03   -3.86262e+01    0.00000e+00   -1.96412e+03    7.97873e+02
   Total Energy  Conserved En.    Temperature Pres. DC (bar) Pressure (bar)
   -1.16625e+03   -2.05717e+03    1.28206e+02   -3.26391e+00   -6.08617e+00

           Step           Time
         888000     1776.00000

   Energies (kJ/mol)
        LJ (SR)  Disper. corr.   Coulomb (SR)      Potential    Kinetic En.
   -1.88537e+03   -3.86262e+01    0.00000e+00   -1.92400e+03    7.98111e+02
   Total Energy  Conserved En.    Temperature Pres. DC (bar) Pressure (bar)
   -1.12589e+03   -2.05744e+03    1.28244e+02   -3.26391e+00    1.68364e+00

           Step           Time
         888500     1777.00000

   Energies (kJ/mol)
        LJ (SR)  Disper. corr.   Coulomb (SR)      Potential    Kinetic En.
   -1.92439e+03   -3.86262e+01    0.00000e+00   -1.96302e+03    8.06241e+02
   Total Energy  Conserved En.    Temperature Pres. DC (bar) Pressure (bar)
   -1.15678e+03   -2.05778e+03    1.29550e+02   -3.26391e+00   -1.43910e+01

           Step           Time
         889000     1778.00000

   Energies (kJ/mol)
        LJ (SR)  Disper. corr.   Coulomb (SR)      Potential    Kinetic En.
   -1.91237e+03   -3.86262e+01    0.00000e+00   -1.95100e+03    8.31435e+02
   Total Energy  Conserved En.    Temperature Pres. DC (bar) Pressure (bar)
   -1.11956e+03   -2.05816e+03    1.33599e+02   -3.26391e+00    1.97108e+00

           Step           Time
         889500     1779.00000

   Energies (kJ/mol)
        LJ (SR)  Disper. corr.   Coulomb (SR)      Potential    Kinetic En.
   -1.89104e+03   -3.86262e+01    0.00000e+00   -1.92967e+03    8.38023e+02
   Total Energy  Conserved En.    Temperature Pres. DC (bar) Pressure (bar)
   -1.09165e+03   -2.05851e+03    1.34657e+02   -3.26391e+00   -2.72925e+00

           Step           Time
         890000     1780.00000

   Energies (kJ/mol)
        LJ (SR)  Disper. corr.   Coulomb (SR)      Potential    Kinetic En.
   -1.92428e+03   -3.86262e+01    0.00000e+00   -1.96291e+03    7.84039e+02
   Total Energy  Conserved En.    Temperature Pres. DC (bar) Pressure (bar)
   -1.17887e+03   -2.05887e+03    1.25983e+02   -3.26391e+00   -1.69425e+01

           Step           Time
         890500     1781.00000

   Energies (kJ/mol)
        LJ (SR)  Disper. corr.   Coulomb (SR)      Potential    Kinetic En.
   -1.88753e+03   -3.86262e+01    0.00000e+00   -1.92615e+03    7.65651e+02
   Total Energy  Conserved En.    Temperature Pres. DC (bar) Pressure (bar)
   -1.16050e+03   -2.05916e+03    1.23028e+02   -3.26391e+00   -1.09142e+01

           Step           Time
         891000     1782.00000

   Energies (kJ/mol)
        LJ (SR)  Disper. corr.   Coulomb (SR)      Potential    Kinetic En.
   -1.90406e+03   -3.86262e+01    0.00000e+00   -1.94269e+03    8.32136e+02
   Total Energy  Conserved En.    Temperature Pres. DC (bar) Pressure (bar)
   -1.11055e+03   -2.05950e+03    1.33711e+02   -3.26391e+00    1.89905e+01

           Step           Time
         891500     1783.00000

   Energies (kJ/mol)
        LJ (SR)  Disper. corr.   Coulomb (SR)      Potential    Kinetic En.
   -1.98952e+03   -3.86262e+01    0.00000e+00   -2.02815e+03    8.39243e+02
   Total Energy  Conserved En.    Temperature Pres. DC (bar) Pressure (bar)
   -1.18891e+03   -2.05992e+03    1.34853e+02   -3.26391e+00   -6.56532e-01

           Step           Time
         892000     1784.00000

   Energies (kJ/mol)
        LJ (SR)  Disper. corr.   Coulomb (SR)      Potential    Kinetic En.
   -1.93442e+03   -3.86262e+01    0.00000e+00   -1.97304e+03    8.13072e+02
   Total Energy  Conserved En.    Temperature Pres. DC (bar) Pressure (bar)
   -1.15997e+03   -2.06027e+03    1.30648e+02   -3.26391e+00   -1.29219e+01

           Step           Time
         892500     1785.00000

   Energies (kJ/mol)
        LJ (SR)  Disper. corr.   Coulomb (SR)      Potential    Kinetic En.
   -1.93702e+03   -3.86262e+01    0.00000e+00   -1.97565e+03    8.87475e+02
   Total Energy  Conserved En.    Temperature Pres. DC (bar) Pressure (bar)
   -1.08817e+03   -2.06058e+03    1.42604e+02   -3.26391e+00   -3.35027e+00

           Step           Time
         893000     1786.00000

   Energies (kJ/mol)
        LJ (SR)  Disper. corr.   Coulomb (SR)      Potential    Kinetic En.
   -1.92666e+03   -3.86262e+01    0.00000e+00   -1.96529e+03    8.08844e+02
   Total Energy  Conserved En.    Temperature Pres. DC (bar) Pressure (bar)
   -1.15644e+03   -2.06093e+03    1.29969e+02   -3.26391e+00    7.52108e+00

           Step           Time
         893500     1787.00000

   Energies (kJ/mol)
        LJ (SR)  Disper. corr.   Coulomb (SR)      Potential    Kinetic En.
   -1.92990e+03   -3.86262e+01    0.00000e+00   -1.96853e+03    8.86341e+02
   Total Energy  Conserved En.    Temperature Pres. DC (bar) Pressure (bar)
   -1.08218e+03   -2.06133e+03    1.42421e+02   -3.26391e+00   -1.01969e+01

           Step           Time
         894000     1788.00000

   Energies (kJ/mol)
        LJ (SR)  Disper. corr.   Coulomb (SR)      Potential    Kinetic En.
   -1.96368e+03   -3.86262e+01    0.00000e+00   -2.00231e+03    8.20475e+02
   Total Energy  Conserved En.    Temperature Pres. DC (bar) Pressure (bar)
   -1.18183e+03   -2.06164e+03    1.31838e+02   -3.26391e+00   -9.70074e+00

           Step           Time
         894500     1789.00000

   Energies (kJ/mol)
        LJ (SR)  Disper. corr.   Coulomb (SR)      Potential    Kinetic En.
   -1.94607e+03   -3.86262e+01    0.00000e+00   -1.98470e+03    8.32206e+02
   Total Energy  Conserved En.    Temperature Pres. DC (bar) Pressure (bar)
   -1.15249e+03   -2.06201e+03    1.33723e+02   -3.26391e+00   -7.72918e+00

           Step           Time
         895000     1790.00000

   Energies (kJ/mol)
        LJ (SR)  Disper. corr.   Coulomb (SR)      Potential    Kinetic En.
   -1.90020e+03   -3.86262e+01    0.00000e+00   -1.93883e+03    8.13734e+02
   Total Energy  Conserved En.    Temperature Pres. DC (bar) Pressure (bar)
   -1.12509e+03   -2.06236e+03    1.30754e+02   -3.26391e+00   -1.68157e+00

           Step           Time
         895500     1791.00000

   Energies (kJ/mol)
        LJ (SR)  Disper. corr.   Coulomb (SR)      Potential    Kinetic En.
   -1.93197e+03   -3.86262e+01    0.00000e+00   -1.97059e+03    8.34144e+02
   Total Energy  Conserved En.    Temperature Pres. DC (bar) Pressure (bar)
   -1.13645e+03   -2.06271e+03    1.34034e+02   -3.26391e+00   -1.80643e+01

           Step           Time
         896000     1792.00000

   Energies (kJ/mol)
        LJ (SR)  Disper. corr.   Coulomb (SR)      Potential    Kinetic En.
   -1.95305e+03   -3.86262e+01    0.00000e+00   -1.99167e+03    8.40476e+02
   Total Energy  Conserved En.    Temperature Pres. DC (bar) Pressure (bar)
   -1.15120e+03   -2.06306e+03    1.35051e+02   -3.26391e+00   -1.63836e+00

           Step           Time
         896500     1793.00000

   Energies (kJ/mol)
        LJ (SR)  Disper. corr.   Coulomb (SR)      Potential    Kinetic En.
   -1.94610e+03   -3.86262e+01    0.00000e+00   -1.98473e+03    8.29469e+02
   Total Energy  Conserved En.    Temperature Pres. DC (bar) Pressure (bar)
   -1.15526e+03   -2.06338e+03    1.33283e+02   -3.26391e+00   -5.11719e+00

           Step           Time
         897000     1794.00000

   Energies (kJ/mol)
        LJ (SR)  Disper. corr.   Coulomb (SR)      Potential    Kinetic En.
   -1.92477e+03   -3.86262e+01    0.00000e+00   -1.96339e+03    7.80123e+02
   Total Energy  Conserved En.    Temperature Pres. DC (bar) Pressure (bar)
   -1.18327e+03   -2.06366e+03    1.25354e+02   -3.26391e+00    9.64674e-02

           Step           Time
         897500     1795.00000

   Energies (kJ/mol)
        LJ (SR)  Disper. corr.   Coulomb (SR)      Potential    Kinetic En.
   -1.93252e+03   -3.86262e+01    0.00000e+00   -1.97115e+03    8.09232e+02
   Total Energy  Conserved En.    Temperature Pres. DC (bar) Pressure (bar)
   -1.16192e+03   -2.06400e+03    1.30031e+02   -3.26391e+00   -1.01166e+01

           Step           Time
         898000     1796.00000

   Energies (kJ/mol)
        LJ (SR)  Disper. corr.   Coulomb (SR)      Potential    Kinetic En.
   -1.96937e+03   -3.86262e+01    0.00000e+00   -2.00799e+03    8.23353e+02
   Total Energy  Conserved En.    Temperature Pres. DC (bar) Pressure (bar)
   -1.18464e+03   -2.06434e+03    1.32300e+02   -3.26391e+00    3.72455e-01

           Step           Time
         898500     1797.00000

   Energies (kJ/mol)
        LJ (SR)  Disper. corr.   Coulomb (SR)      Potential    Kinetic En.
   -1.95966e+03   -3.86262e+01    0.00000e+00   -1.99828e+03    8.14320e+02
   Total Energy  Conserved En.    Temperature Pres. DC (bar) Pressure (bar)
   -1.18396e+03   -2.06469e+03    1.30849e+02   -3.26391e+00   -1.96308e+00

           Step           Time
         899000     1798.00000

   Energies (kJ/mol)
        LJ (SR)  Disper. corr.   Coulomb (SR)      Potential    Kinetic En.
   -1.98301e+03   -3.86262e+01    0.00000e+00   -2.02164e+03    7.99930e+02
   Total Energy  Conserved En.    Temperature Pres. DC (bar) Pressure (bar)
   -1.22171e+03   -2.06503e+03    1.28536e+02   -3.26391e+00   -1.17533e+01

           Step           Time
         899500     1799.00000

   Energies (kJ/mol)
        LJ (SR)  Disper. corr.   Coulomb (SR)      Potential    Kinetic En.
   -1.92483e+03   -3.86262e+01    0.00000e+00   -1.96346e+03    8.39683e+02
   Total Energy  Conserved En.    Temperature Pres. DC (bar) Pressure (bar)
   -1.12377e+03   -2.06540e+03    1.34924e+02   -3.26391e+00   -4.92238e+00

           Step           Time
         900000     1800.00000

   Energies (kJ/mol)
        LJ (SR)  Disper. corr.   Coulomb (SR)      Potential    Kinetic En.
   -1.94366e+03   -3.86262e+01    0.00000e+00   -1.98229e+03    8.17556e+02
   Total Energy  Conserved En.    Temperature Pres. DC (bar) Pressure (bar)
   -1.16473e+03   -2.06578e+03    1.31369e+02   -3.26391e+00   -7.63367e+00

           Step           Time
         900500     1801.00000

   Energies (kJ/mol)
        LJ (SR)  Disper. corr.   Coulomb (SR)      Potential    Kinetic En.
   -1.90453e+03   -3.86262e+01    0.00000e+00   -1.94316e+03    8.08374e+02
   Total Energy  Conserved En.    Temperature Pres. DC (bar) Pressure (bar)
   -1.13479e+03   -2.06613e+03    1.29893e+02   -3.26391e+00   -6.84411e+00

           Step           Time
         901000     1802.00000

   Energies (kJ/mol)
        LJ (SR)  Disper. corr.   Coulomb (SR)      Potential    Kinetic En.
   -1.89607e+03   -3.86262e+01    0.00000e+00   -1.93470e+03    8.26393e+02
   Total Energy  Conserved En.    Temperature Pres. DC (bar) Pressure (bar)
   -1.10831e+03   -2.06653e+03    1.32789e+02   -3.26391e+00   -1.26909e+01

           Step           Time
         901500     1803.00000

   Energies (kJ/mol)
        LJ (SR)  Disper. corr.   Coulomb (SR)      Potential    Kinetic En.
   -1.95511e+03   -3.86262e+01    0.00000e+00   -1.99373e+03    8.11233e+02
   Total Energy  Conserved En.    Temperature Pres. DC (bar) Pressure (bar)
   -1.18250e+03   -2.06692e+03    1.30353e+02   -3.26391e+00   -4.19373e-01

           Step           Time
         902000     1804.00000

   Energies (kJ/mol)
        LJ (SR)  Disper. corr.   Coulomb (SR)      Potential    Kinetic En.
   -1.98974e+03   -3.86262e+01    0.00000e+00   -2.02837e+03    8.97368e+02
   Total Energy  Conserved En.    Temperature Pres. DC (bar) Pressure (bar)
   -1.13100e+03   -2.06732e+03    1.44193e+02   -3.26391e+00   -4.54223e+00

           Step           Time
         902500     1805.00000

   Energies (kJ/mol)
        LJ (SR)  Disper. corr.   Coulomb (SR)      Potential    Kinetic En.
   -1.96371e+03   -3.86262e+01    0.00000e+00   -2.00233e+03    7.38720e+02
   Total Energy  Conserved En.    Temperature Pres. DC (bar) Pressure (bar)
   -1.26361e+03   -2.06771e+03    1.18701e+02   -3.26391e+00   -6.43900e+00

           Step           Time
         903000     1806.00000

   Energies (kJ/mol)
        LJ (SR)  Disper. corr.   Coulomb (SR)      Potential    Kinetic En.
   -1.93045e+03   -3.86262e+01    0.00000e+00   -1.96907e+03    8.48357e+02
   Total Energy  Conserved En.    Temperature Pres. DC (bar) Pressure (bar)
   -1.12072e+03   -2.06807e+03    1.36318e+02   -3.26391e+00   -5.21520e+00

           Step           Time
         903500     1807.00000

   Energies (kJ/mol)
        LJ (SR)  Disper. corr.   Coulomb (SR)      Potential    Kinetic En.
   -1.94513e+03   -3.86262e+01    0.00000e+00   -1.98376e+03    8.33941e+02
   Total Energy  Conserved En.    Temperature Pres. DC (bar) Pressure (bar)
   -1.14981e+03   -2.06839e+03    1.34001e+02   -3.26391e+00   -7.29525e+00

           Step           Time
         904000     1808.00000

   Energies (kJ/mol)
        LJ (SR)  Disper. corr.   Coulomb (SR)      Potential    Kinetic En.
   -1.94583e+03   -3.86262e+01    0.00000e+00   -1.98445e+03    8.24702e+02
   Total Energy  Conserved En.    Temperature Pres. DC (bar) Pressure (bar)
   -1.15975e+03   -2.06877e+03    1.32517e+02   -3.26391e+00    1.48594e+00

           Step           Time
         904500     1809.00000

   Energies (kJ/mol)
        LJ (SR)  Disper. corr.   Coulomb (SR)      Potential    Kinetic En.
   -1.96796e+03   -3.86262e+01    0.00000e+00   -2.00659e+03    8.20276e+02
   Total Energy  Conserved En.    Temperature Pres. DC (bar) Pressure (bar)
   -1.18631e+03   -2.06916e+03    1.31806e+02   -3.26391e+00    5.96563e+00

           Step           Time
         905000     1810.00000

   Energies (kJ/mol)
        LJ (SR)  Disper. corr.   Coulomb (SR)      Potential    Kinetic En.
   -1.88241e+03   -3.86262e+01    0.00000e+00   -1.92103e+03    7.58540e+02
   Total Energy  Conserved En.    Temperature Pres. DC (bar) Pressure (bar)
   -1.16249e+03   -2.06952e+03    1.21886e+02   -3.26391e+00   -3.75209e+00

           Step           Time
         905500     1811.00000

   Energies (kJ/mol)
        LJ (SR)  Disper. corr.   Coulomb (SR)      Potential    Kinetic En.
   -1.88543e+03   -3.86262e+01    0.00000e+00   -1.92406e+03    8.15012e+02
   Total Energy  Conserved En.    Temperature Pres. DC (bar) Pressure (bar)
   -1.10904e+03   -2.06984e+03    1.30960e+02   -3.26391e+00   -1.84498e+01

           Step           Time
         906000     1812.00000

   Energies (kJ/mol)
        LJ (SR)  Disper. corr.   Coulomb (SR)      Potential    Kinetic En.
   -1.89338e+03   -3.86262e+01    0.00000e+00   -1.93200e+03    8.29452e+02
   Total Energy  Conserved En.    Temperature Pres. DC (bar) Pressure (bar)
   -1.10255e+03   -2.07023e+03    1.33280e+02   -3.26391e+00    7.43059e+00

           Step           Time
         906500     1813.00000

   Energies (kJ/mol)
        LJ (SR)  Disper. corr.   Coulomb (SR)      Potential    Kinetic En.
   -1.99621e+03   -3.86262e+01    0.00000e+00   -2.03484e+03    8.30407e+02
   Total Energy  Conserved En.    Temperature Pres. DC (bar) Pressure (bar)
   -1.20443e+03   -2.07063e+03    1.33434e+02   -3.26391e+00   -7.00564e-01

           Step           Time
         907000     1814.00000

   Energies (kJ/mol)
        LJ (SR)  Disper. corr.   Coulomb (SR)      Potential    Kinetic En.
   -2.00878e+03   -3.86262e+01    0.00000e+00   -2.04740e+03    7.72946e+02
   Total Energy  Conserved En.    Temperature Pres. DC (bar) Pressure (bar)
   -1.27446e+03   -2.07100e+03    1.24200e+02   -3.26391e+00    4.11427e+00

           Step           Time
         907500     1815.00000

   Energies (kJ/mol)
        LJ (SR)  Disper. corr.   Coulomb (SR)      Potential    Kinetic En.
   -1.98764e+03   -3.86262e+01    0.00000e+00   -2.02627e+03    8.31608e+02
   Total Energy  Conserved En.    Temperature Pres. DC (bar) Pressure (bar)
   -1.19466e+03   -2.07136e+03    1.33627e+02   -3.26391e+00    1.30208e+01

           Step           Time
         908000     1816.00000

   Energies (kJ/mol)
        LJ (SR)  Disper. corr.   Coulomb (SR)      Potential    Kinetic En.
   -1.95906e+03   -3.86262e+01    0.00000e+00   -1.99769e+03    8.32848e+02
   Total Energy  Conserved En.    Temperature Pres. DC (bar) Pressure (bar)
   -1.16484e+03   -2.07170e+03    1.33826e+02   -3.26391e+00    1.14112e+01

           Step           Time
         908500     1817.00000

   Energies (kJ/mol)
        LJ (SR)  Disper. corr.   Coulomb (SR)      Potential    Kinetic En.
   -1.96983e+03   -3.86262e+01    0.00000e+00   -2.00846e+03    7.98721e+02
   Total Energy  Conserved En.    Temperature Pres. DC (bar) Pressure (bar)
   -1.20974e+03   -2.07208e+03    1.28342e+02   -3.26391e+00   -9.55255e+00

           Step           Time
         909000     1818.00000

   Energies (kJ/mol)
        LJ (SR)  Disper. corr.   Coulomb (SR)      Potential    Kinetic En.
   -1.95565e+03   -3.86262e+01    0.00000e+00   -1.99428e+03    8.29944e+02
   Total Energy  Conserved En.    Temperature Pres. DC (bar) Pressure (bar)
   -1.16433e+03   -2.07240e+03    1.33359e+02   -3.26391e+00    1.01590e+00

           Step           Time
         909500     1819.00000

   Energies (kJ/mol)
        LJ (SR)  Disper. corr.   Coulomb (SR)      Potential    Kinetic En.
   -1.94521e+03   -3.86262e+01    0.00000e+00   -1.98383e+03    8.47855e+02
   Total Energy  Conserved En.    Temperature Pres. DC (bar) Pressure (bar)
   -1.13598e+03   -2.07277e+03    1.36237e+02   -3.26391e+00   -2.55835e+00

           Step           Time
         910000     1820.00000

   Energies (kJ/mol)
        LJ (SR)  Disper. corr.   Coulomb (SR)      Potential    Kinetic En.
   -1.89455e+03   -3.86262e+01    0.00000e+00   -1.93318e+03    7.77882e+02
   Total Energy  Conserved En.    Temperature Pres. DC (bar) Pressure (bar)
   -1.15529e+03   -2.07304e+03    1.24994e+02   -3.26391e+00    6.90589e+00

           Step           Time
         910500     1821.00000

   Energies (kJ/mol)
        LJ (SR)  Disper. corr.   Coulomb (SR)      Potential    Kinetic En.
   -1.88612e+03   -3.86262e+01    0.00000e+00   -1.92474e+03    7.91098e+02
   Total Energy  Conserved En.    Temperature Pres. DC (bar) Pressure (bar)
   -1.13364e+03   -2.07344e+03    1.27117e+02   -3.26391e+00   -1.38138e+00

           Step           Time
         911000     1822.00000

   Energies (kJ/mol)
        LJ (SR)  Disper. corr.   Coulomb (SR)      Potential    Kinetic En.
   -1.85387e+03   -3.86262e+01    0.00000e+00   -1.89249e+03    8.44696e+02
   Total Energy  Conserved En.    Temperature Pres. DC (bar) Pressure (bar)
   -1.04780e+03   -2.07377e+03    1.35729e+02   -3.26391e+00   -2.32442e+01

           Step           Time
         911500     1823.00000

   Energies (kJ/mol)
        LJ (SR)  Disper. corr.   Coulomb (SR)      Potential    Kinetic En.
   -1.88794e+03   -3.86262e+01    0.00000e+00   -1.92656e+03    7.78464e+02
   Total Energy  Conserved En.    Temperature Pres. DC (bar) Pressure (bar)
   -1.14810e+03   -2.07409e+03    1.25087e+02   -3.26391e+00   -1.64244e+01

           Step           Time
         912000     1824.00000

   Energies (kJ/mol)
        LJ (SR)  Disper. corr.   Coulomb (SR)      Potential    Kinetic En.
   -1.92863e+03   -3.86262e+01    0.00000e+00   -1.96726e+03    7.91211e+02
   Total Energy  Conserved En.    Temperature Pres. DC (bar) Pressure (bar)
   -1.17605e+03   -2.07445e+03    1.27135e+02   -3.26391e+00    2.88011e+00

           Step           Time
         912500     1825.00000

   Energies (kJ/mol)
        LJ (SR)  Disper. corr.   Coulomb (SR)      Potential    Kinetic En.
   -1.98185e+03   -3.86262e+01    0.00000e+00   -2.02048e+03    8.27248e+02
   Total Energy  Conserved En.    Temperature Pres. DC (bar) Pressure (bar)
   -1.19323e+03   -2.07485e+03    1.32926e+02   -3.26391e+00    4.57575e+00

           Step           Time
         913000     1826.00000

   Energies (kJ/mol)
        LJ (SR)  Disper. corr.   Coulomb (SR)      Potential    Kinetic En.
   -1.94756e+03   -3.86262e+01    0.00000e+00   -1.98618e+03    8.29804e+02
   Total Energy  Conserved En.    Temperature Pres. DC (bar) Pressure (bar)
   -1.15638e+03   -2.07516e+03    1.33337e+02   -3.26391e+00   -1.86728e-01

           Step           Time
         913500     1827.00000

   Energies (kJ/mol)
        LJ (SR)  Disper. corr.   Coulomb (SR)      Potential    Kinetic En.
   -1.91995e+03   -3.86262e+01    0.00000e+00   -1.95858e+03    7.68896e+02
   Total Energy  Conserved En.    Temperature Pres. DC (bar) Pressure (bar)
   -1.18968e+03   -2.07548e+03    1.23550e+02   -3.26391e+00    3.61011e+00

           Step           Time
         914000     1828.00000

   Energies (kJ/mol)
        LJ (SR)  Disper. corr.   Coulomb (SR)      Potential    Kinetic En.
   -1.93804e+03   -3.86262e+01    0.00000e+00   -1.97666e+03    8.40936e+02
   Total Energy  Conserved En.    Temperature Pres. DC (bar) Pressure (bar)
   -1.13573e+03   -2.07579e+03    1.35125e+02   -3.26391e+00    4.48327e+00

           Step           Time
         914500     1829.00000

   Energies (kJ/mol)
        LJ (SR)  Disper. corr.   Coulomb (SR)      Potential    Kinetic En.
   -1.93829e+03   -3.86262e+01    0.00000e+00   -1.97692e+03    7.88372e+02
   Total Energy  Conserved En.    Temperature Pres. DC (bar) Pressure (bar)
   -1.18855e+03   -2.07622e+03    1.26679e+02   -3.26391e+00   -1.31407e+01

           Step           Time
         915000     1830.00000

   Energies (kJ/mol)
        LJ (SR)  Disper. corr.   Coulomb (SR)      Potential    Kinetic En.
   -1.97742e+03   -3.86262e+01    0.00000e+00   -2.01605e+03    8.39640e+02
   Total Energy  Conserved En.    Temperature Pres. DC (bar) Pressure (bar)
   -1.17641e+03   -2.07660e+03    1.34917e+02   -3.26391e+00   -1.01407e+01

           Step           Time
         915500     1831.00000

   Energies (kJ/mol)
        LJ (SR)  Disper. corr.   Coulomb (SR)      Potential    Kinetic En.
   -2.01399e+03   -3.86262e+01    0.00000e+00   -2.05262e+03    7.91652e+02
   Total Energy  Conserved En.    Temperature Pres. DC (bar) Pressure (bar)
   -1.26097e+03   -2.07690e+03    1.27206e+02   -3.26391e+00   -1.48795e+01

           Step           Time
         916000     1832.00000

   Energies (kJ/mol)
        LJ (SR)  Disper. corr.   Coulomb (SR)      Potential    Kinetic En.
   -1.96980e+03   -3.86262e+01    0.00000e+00   -2.00843e+03    8.06811e+02
   Total Energy  Conserved En.    Temperature Pres. DC (bar) Pressure (bar)
   -1.20162e+03   -2.07723e+03    1.29642e+02   -3.26391e+00    6.14882e+00

           Step           Time
         916500     1833.00000

   Energies (kJ/mol)
        LJ (SR)  Disper. corr.   Coulomb (SR)      Potential    Kinetic En.
   -1.94762e+03   -3.86262e+01    0.00000e+00   -1.98624e+03    8.46835e+02
   Total Energy  Conserved En.    Temperature Pres. DC (bar) Pressure (bar)
   -1.13941e+03   -2.07759e+03    1.36073e+02   -3.26391e+00   -7.07375e-01

           Step           Time
         917000     1834.00000

   Energies (kJ/mol)
        LJ (SR)  Disper. corr.   Coulomb (SR)      Potential    Kinetic En.
   -1.90982e+03   -3.86262e+01    0.00000e+00   -1.94845e+03    8.19702e+02
   Total Energy  Conserved En.    Temperature Pres. DC (bar) Pressure (bar)
   -1.12875e+03   -2.07794e+03    1.31713e+02   -3.26391e+00   -1.02921e+01

           Step           Time
         917500     1835.00000

   Energies (kJ/mol)
        LJ (SR)  Disper. corr.   Coulomb (SR)      Potential    Kinetic En.
   -1.86119e+03   -3.86262e+01    0.00000e+00   -1.89982e+03    8.19541e+02
   Total Energy  Conserved En.    Temperature Pres. DC (bar) Pressure (bar)
   -1.08027e+03   -2.07827e+03    1.31688e+02   -3.26391e+00    5.36353e+00

           Step           Time
         918000     1836.00000

   Energies (kJ/mol)
        LJ (SR)  Disper. corr.   Coulomb (SR)      Potential    Kinetic En.
   -1.89040e+03   -3.86262e+01    0.00000e+00   -1.92903e+03    8.15856e+02
   Total Energy  Conserved En.    Temperature Pres. DC (bar) Pressure (bar)
   -1.11317e+03   -2.07863e+03    1.31095e+02   -3.26391e+00   -1.14227e+01

           Step           Time
         918500     1837.00000

   Energies (kJ/mol)
        LJ (SR)  Disper. corr.   Coulomb (SR)      Potential    Kinetic En.
   -1.88177e+03   -3.86262e+01    0.00000e+00   -1.92039e+03    8.44898e+02
   Total Energy  Conserved En.    Temperature Pres. DC (bar) Pressure (bar)
   -1.07549e+03   -2.07895e+03    1.35762e+02   -3.26391e+00    6.49807e+00

           Step           Time
         919000     1838.00000

   Energies (kJ/mol)
        LJ (SR)  Disper. corr.   Coulomb (SR)      Potential    Kinetic En.
   -1.90971e+03   -3.86262e+01    0.00000e+00   -1.94833e+03    8.19567e+02
   Total Energy  Conserved En.    Temperature Pres. DC (bar) Pressure (bar)
   -1.12877e+03   -2.07937e+03    1.31692e+02   -3.26391e+00   -8.13101e+00

           Step           Time
         919500     1839.00000

   Energies (kJ/mol)
        LJ (SR)  Disper. corr.   Coulomb (SR)      Potential    Kinetic En.
   -1.93091e+03   -3.86262e+01    0.00000e+00   -1.96954e+03    8.54195e+02
   Total Energy  Conserved En.    Temperature Pres. DC (bar) Pressure (bar)
   -1.11535e+03   -2.07971e+03    1.37256e+02   -3.26391e+00    6.21453e+00

           Step           Time
         920000     1840.00000

   Energies (kJ/mol)
        LJ (SR)  Disper. corr.   Coulomb (SR)      Potential    Kinetic En.
   -1.96089e+03   -3.86262e+01    0.00000e+00   -1.99951e+03    7.82792e+02
   Total Energy  Conserved En.    Temperature Pres. DC (bar) Pressure (bar)
   -1.21672e+03   -2.08002e+03    1.25783e+02   -3.26391e+00   -1.11121e+01

           Step           Time
         920500     1841.00000

   Energies (kJ/mol)
        LJ (SR)  Disper. corr.   Coulomb (SR)      Potential    Kinetic En.
   -1.91162e+03   -3.86262e+01    0.00000e+00   -1.95024e+03    8.07351e+02
   Total Energy  Conserved En.    Temperature Pres. DC (bar) Pressure (bar)
   -1.14289e+03   -2.08033e+03    1.29729e+02   -3.26391e+00   -1.32219e+01

           Step           Time
         921000     1842.00000

   Energies (kJ/mol)
        LJ (SR)  Disper. corr.   Coulomb (SR)      Potential    Kinetic En.
   -1.87467e+03   -3.86262e+01    0.00000e+00   -1.91329e+03    8.45805e+02
   Total Energy  Conserved En.    Temperature Pres. DC (bar) Pressure (bar)
   -1.06749e+03   -2.08072e+03    1.35908e+02   -3.26391e+00   -1.70760e+01

           Step           Time
         921500     1843.00000

   Energies (kJ/mol)
        LJ (SR)  Disper. corr.   Coulomb (SR)      Potential    Kinetic En.
   -1.86941e+03   -3.86262e+01    0.00000e+00   -1.90804e+03    8.69415e+02
   Total Energy  Conserved En.    Temperature Pres. DC (bar) Pressure (bar)
   -1.03862e+03   -2.08107e+03    1.39702e+02   -3.26391e+00    7.15262e+00

           Step           Time
         922000     1844.00000

   Energies (kJ/mol)
        LJ (SR)  Disper. corr.   Coulomb (SR)      Potential    Kinetic En.
   -1.92952e+03   -3.86262e+01    0.00000e+00   -1.96814e+03    8.50610e+02
   Total Energy  Conserved En.    Temperature Pres. DC (bar) Pressure (bar)
   -1.11753e+03   -2.08149e+03    1.36680e+02   -3.26391e+00    2.91732e+00

           Step           Time
         922500     1845.00000

   Energies (kJ/mol)
        LJ (SR)  Disper. corr.   Coulomb (SR)      Potential    Kinetic En.
   -1.93549e+03   -3.86262e+01    0.00000e+00   -1.97412e+03    7.64375e+02
   Total Energy  Conserved En.    Temperature Pres. DC (bar) Pressure (bar)
   -1.20974e+03   -2.08185e+03    1.22823e+02   -3.26391e+00   -7.38246e+00

           Step           Time
         923000     1846.00000

   Energies (kJ/mol)
        LJ (SR)  Disper. corr.   Coulomb (SR)      Potential    Kinetic En.
   -1.94038e+03   -3.86262e+01    0.00000e+00   -1.97901e+03    7.31204e+02
   Total Energy  Conserved En.    Temperature Pres. DC (bar) Pressure (bar)
   -1.24780e+03   -2.08218e+03    1.17493e+02   -3.26391e+00    2.67400e+00

           Step           Time
         923500     1847.00000

   Energies (kJ/mol)
        LJ (SR)  Disper. corr.   Coulomb (SR)      Potential    Kinetic En.
   -1.92811e+03   -3.86262e+01    0.00000e+00   -1.96674e+03    8.37845e+02
   Total Energy  Conserved En.    Temperature Pres. DC (bar) Pressure (bar)
   -1.12889e+03   -2.08246e+03    1.34629e+02   -3.26391e+00   -3.22344e-01

           Step           Time
         924000     1848.00000

   Energies (kJ/mol)
        LJ (SR)  Disper. corr.   Coulomb (SR)      Potential    Kinetic En.
   -1.91268e+03   -3.86262e+01    0.00000e+00   -1.95131e+03    7.79329e+02
   Total Energy  Conserved En.    Temperature Pres. DC (bar) Pressure (bar)
   -1.17198e+03   -2.08272e+03    1.25226e+02   -3.26391e+00   -3.66302e+00

           Step           Time
         924500     1849.00000

   Energies (kJ/mol)
        LJ (SR)  Disper. corr.   Coulomb (SR)      Potential    Kinetic En.
   -1.94038e+03   -3.86262e+01    0.00000e+00   -1.97901e+03    8.56407e+02
   Total Energy  Conserved En.    Temperature Pres. DC (bar) Pressure (bar)
   -1.12260e+03   -2.08311e+03    1.37611e+02   -3.26391e+00    1.10676e+01

           Step           Time
         925000     1850.00000

   Energies (kJ/mol)
        LJ (SR)  Disper. corr.   Coulomb (SR)      Potential    Kinetic En.
   -1.93653e+03   -3.86262e+01    0.00000e+00   -1.97516e+03    7.97798e+02
   Total Energy  Conserved En.    Temperature Pres. DC (bar) Pressure (bar)
   -1.17736e+03   -2.08344e+03    1.28194e+02   -3.26391e+00   -1.88561e+01

           Step           Time
         925500     1851.00000

   Energies (kJ/mol)
        LJ (SR)  Disper. corr.   Coulomb (SR)      Potential    Kinetic En.
   -1.92146e+03   -3.86262e+01    0.00000e+00   -1.96009e+03    7.91342e+02
   Total Energy  Conserved En.    Temperature Pres. DC (bar) Pressure (bar)
   -1.16874e+03   -2.08381e+03    1.27156e+02   -3.26391e+00   -5.52533e+00

           Step           Time
         926000     1852.00000

   Energies (kJ/mol)
        LJ (SR)  Disper. corr.   Coulomb (SR)      Potential    Kinetic En.
   -1.93084e+03   -3.86262e+01    0.00000e+00   -1.96946e+03    8.16821e+02
   Total Energy  Conserved En.    Temperature Pres. DC (bar) Pressure (bar)
   -1.15264e+03   -2.08419e+03    1.31251e+02   -3.26391e+00    1.34789e+01

           Step           Time
         926500     1853.00000

   Energies (kJ/mol)
        LJ (SR)  Disper. corr.   Coulomb (SR)      Potential    Kinetic En.
   -1.94426e+03   -3.86262e+01    0.00000e+00   -1.98288e+03    8.54097e+02
   Total Energy  Conserved En.    Temperature Pres. DC (bar) Pressure (bar)
   -1.12879e+03   -2.08452e+03    1.37240e+02   -3.26391e+00   -4.36022e-01

           Step           Time
         927000     1854.00000

   Energies (kJ/mol)
        LJ (SR)  Disper. corr.   Coulomb (SR)      Potential    Kinetic En.
   -1.97802e+03   -3.86262e+01    0.00000e+00   -2.01664e+03    8.53945e+02
   Total Energy  Conserved En.    Temperature Pres. DC (bar) Pressure (bar)
   -1.16270e+03   -2.08494e+03    1.37216e+02   -3.26391e+00    2.68769e+00

           Step           Time
         927500     1855.00000

   Energies (kJ/mol)
        LJ (SR)  Disper. corr.   Coulomb (SR)      Potential    Kinetic En.
   -1.95238e+03   -3.86262e+01    0.00000e+00   -1.99101e+03    7.48505e+02
   Total Energy  Conserved En.    Temperature Pres. DC (bar) Pressure (bar)
   -1.24250e+03   -2.08526e+03    1.20273e+02   -3.26391e+00   -1.54510e+01

           Step           Time
         928000     1856.00000

   Energies (kJ/mol)
        LJ (SR)  Disper. corr.   Coulomb (SR)      Potential    Kinetic En.
   -1.96868e+03   -3.86262e+01    0.00000e+00   -2.00731e+03    8.13377e+02
   Total Energy  Conserved En.    Temperature Pres. DC (bar) Pressure (bar)
   -1.19393e+03   -2.08553e+03    1.30697e+02   -3.26391e+00   -5.39215e+00

           Step           Time
         928500     1857.00000

   Energies (kJ/mol)
        LJ (SR)  Disper. corr.   Coulomb (SR)      Potential    Kinetic En.
   -1.93694e+03   -3.86262e+01    0.00000e+00   -1.97556e+03    7.99103e+02
   Total Energy  Conserved En.    Temperature Pres. DC (bar) Pressure (bar)
   -1.17646e+03   -2.08578e+03    1.28404e+02   -3.26391e+00   -5.12664e+00

           Step           Time
         929000     1858.00000

   Energies (kJ/mol)
        LJ (SR)  Disper. corr.   Coulomb (SR)      Potential    Kinetic En.
   -1.90431e+03   -3.86262e+01    0.00000e+00   -1.94293e+03    8.26206e+02
   Total Energy  Conserved En.    Temperature Pres. DC (bar) Pressure (bar)
   -1.11673e+03   -2.08616e+03    1.32758e+02   -3.26391e+00   -2.86725e+00

           Step           Time
         929500     1859.00000

   Energies (kJ/mol)
        LJ (SR)  Disper. corr.   Coulomb (SR)      Potential    Kinetic En.
   -1.87447e+03   -3.86262e+01    0.00000e+00   -1.91310e+03    8.09248e+02
   Total Energy  Conserved En.    Temperature Pres. DC (bar) Pressure (bar)
   -1.10385e+03   -2.08649e+03    1.30034e+02   -3.26391e+00   -1.24764e+01

           Step           Time
         930000     1860.00000

   Energies (kJ/mol)
        LJ (SR)  Disper. corr.   Coulomb (SR)      Potential    Kinetic En.
   -1.87790e+03   -3.86262e+01    0.00000e+00   -1.91653e+03    8.26972e+02
   Total Energy  Conserved En.    Temperature Pres. DC (bar) Pressure (bar)
   -1.08955e+03   -2.08684e+03    1.32882e+02   -3.26391e+00    2.28738e+00

           Step           Time
         930500     1861.00000

   Energies (kJ/mol)
        LJ (SR)  Disper. corr.   Coulomb (SR)      Potential    Kinetic En.
   -1.91436e+03   -3.86262e+01    0.00000e+00   -1.95299e+03    7.62169e+02
   Total Energy  Conserved En.    Temperature Pres. DC (bar) Pressure (bar)
   -1.19082e+03   -2.08723e+03    1.22469e+02   -3.26391e+00   -1.57247e+01

           Step           Time
         931000     1862.00000

   Energies (kJ/mol)
        LJ (SR)  Disper. corr.   Coulomb (SR)      Potential    Kinetic En.
   -1.88951e+03   -3.86262e+01    0.00000e+00   -1.92814e+03    8.00927e+02
   Total Energy  Conserved En.    Temperature Pres. DC (bar) Pressure (bar)
   -1.12721e+03   -2.08757e+03    1.28696e+02   -3.26391e+00   -3.25743e+00

           Step           Time
         931500     1863.00000

   Energies (kJ/mol)
        LJ (SR)  Disper. corr.   Coulomb (SR)      Potential    Kinetic En.
   -1.94247e+03   -3.86262e+01    0.00000e+00   -1.98109e+03    8.17084e+02
   Total Energy  Conserved En.    Temperature Pres. DC (bar) Pressure (bar)
   -1.16401e+03   -2.08786e+03    1.31293e+02   -3.26391e+00    1.32548e+00

           Step           Time
         932000     1864.00000

   Energies (kJ/mol)
        LJ (SR)  Disper. corr.   Coulomb (SR)      Potential    Kinetic En.
   -1.95117e+03   -3.86262e+01    0.00000e+00   -1.98980e+03    8.15878e+02
   Total Energy  Conserved En.    Temperature Pres. DC (bar) Pressure (bar)
   -1.17392e+03   -2.08825e+03    1.31099e+02   -3.26391e+00   -8.26582e-01

           Step           Time
         932500     1865.00000

   Energies (kJ/mol)
        LJ (SR)  Disper. corr.   Coulomb (SR)      Potential    Kinetic En.
   -1.96371e+03   -3.86262e+01    0.00000e+00   -2.00234e+03    7.97592e+02
   Total Energy  Conserved En.    Temperature Pres. DC (bar) Pressure (bar)
   -1.20475e+03   -2.08862e+03    1.28161e+02   -3.26391e+00   -1.27336e+00

           Step           Time
         933000     1866.00000

   Energies (kJ/mol)
        LJ (SR)  Disper. corr.   Coulomb (SR)      Potential    Kinetic En.
   -1.93495e+03   -3.86262e+01    0.00000e+00   -1.97358e+03    8.47281e+02
   Total Energy  Conserved En.    Temperature Pres. DC (bar) Pressure (bar)
   -1.12629e+03   -2.08895e+03    1.36145e+02   -3.26391e+00    1.44991e+01

           Step           Time
         933500     1867.00000

   Energies (kJ/mol)
        LJ (SR)  Disper. corr.   Coulomb (SR)      Potential    Kinetic En.
   -1.92001e+03   -3.86262e+01    0.00000e+00   -1.95864e+03    8.11932e+02
   Total Energy  Conserved En.    Temperature Pres. DC (bar) Pressure (bar)
   -1.14671e+03   -2.08935e+03    1.30465e+02   -3.26391e+00   -8.24771e+00

           Step           Time
         934000     1868.00000

   Energies (kJ/mol)
        LJ (SR)  Disper. corr.   Coulomb (SR)      Potential    Kinetic En.
   -1.89529e+03   -3.86262e+01    0.00000e+00   -1.93392e+03    7.91480e+02
   Total Energy  Conserved En.    Temperature Pres. DC (bar) Pressure (bar)
   -1.14244e+03   -2.08962e+03    1.27179e+02   -3.26391e+00   -1.52151e+00

           Step           Time
         934500     1869.00000

   Energies (kJ/mol)
        LJ (SR)  Disper. corr.   Coulomb (SR)      Potential    Kinetic En.
   -1.92253e+03   -3.86262e+01    0.00000e+00   -1.96115e+03    8.22626e+02
   Total Energy  Conserved En.    Temperature Pres. DC (bar) Pressure (bar)
   -1.13853e+03   -2.08996e+03    1.32183e+02   -3.26391e+00   -8.63854e-01

           Step           Time
         935000     1870.00000

   Energies (kJ/mol)
        LJ (SR)  Disper. corr.   Coulomb (SR)      Potential    Kinetic En.
   -1.93348e+03   -3.86262e+01    0.00000e+00   -1.97210e+03    7.76642e+02
   Total Energy  Conserved En.    Temperature Pres. DC (bar) Pressure (bar)
   -1.19546e+03   -2.09028e+03    1.24794e+02   -3.26391e+00   -1.88249e+00

           Step           Time
         935500     1871.00000

   Energies (kJ/mol)
        LJ (SR)  Disper. corr.   Coulomb (SR)      Potential    Kinetic En.
   -1.98119e+03   -3.86262e+01    0.00000e+00   -2.01981e+03    8.27455e+02
   Total Energy  Conserved En.    Temperature Pres. DC (bar) Pressure (bar)
   -1.19236e+03   -2.09060e+03    1.32959e+02   -3.26391e+00    2.81046e-01

           Step           Time
         936000     1872.00000

   Energies (kJ/mol)
        LJ (SR)  Disper. corr.   Coulomb (SR)      Potential    Kinetic En.
   -1.93705e+03   -3.86262e+01    0.00000e+00   -1.97567e+03    8.45078e+02
   Total Energy  Conserved En.    Temperature Pres. DC (bar) Pressure (bar)
   -1.13059e+03   -2.09095e+03    1.35791e+02   -3.26391e+00    2.40511e+00

           Step           Time
         936500     1873.00000

   Energies (kJ/mol)
        LJ (SR)  Disper. corr.   Coulomb (SR)      Potential    Kinetic En.
   -1.95205e+03   -3.86262e+01    0.00000e+00   -1.99067e+03    8.42345e+02
   Total Energy  Conserved En.    Temperature Pres. DC (bar) Pressure (bar)
   -1.14833e+03   -2.09129e+03    1.35352e+02   -3.26391e+00    6.50514e-01

           Step           Time
         937000     1874.00000

   Energies (kJ/mol)
        LJ (SR)  Disper. corr.   Coulomb (SR)      Potential    Kinetic En.
   -1.96018e+03   -3.86262e+01    0.00000e+00   -1.99880e+03    7.92736e+02
   Total Energy  Conserved En.    Temperature Pres. DC (bar) Pressure (bar)
   -1.20607e+03   -2.09167e+03    1.27380e+02   -3.26391e+00   -9.39254e-01

           Step           Time
         937500     1875.00000

   Energies (kJ/mol)
        LJ (SR)  Disper. corr.   Coulomb (SR)      Potential    Kinetic En.
   -1.95890e+03   -3.86262e+01    0.00000e+00   -1.99753e+03    7.93716e+02
   Total Energy  Conserved En.    Temperature Pres. DC (bar) Pressure (bar)
   -1.20381e+03   -2.09205e+03    1.27538e+02   -3.26391e+00   -1.01384e-01

           Step           Time
         938000     1876.00000

   Energies (kJ/mol)
        LJ (SR)  Disper. corr.   Coulomb (SR)      Potential    Kinetic En.
   -1.94703e+03   -3.86262e+01    0.00000e+00   -1.98565e+03    7.69583e+02
   Total Energy  Conserved En.    Temperature Pres. DC (bar) Pressure (bar)
   -1.21607e+03   -2.09240e+03    1.23660e+02   -3.26391e+00   -1.04413e+01

           Step           Time
         938500     1877.00000

   Energies (kJ/mol)
        LJ (SR)  Disper. corr.   Coulomb (SR)      Potential    Kinetic En.
   -1.88426e+03   -3.86262e+01    0.00000e+00   -1.92288e+03    7.77745e+02
   Total Energy  Conserved En.    Temperature Pres. DC (bar) Pressure (bar)
   -1.14514e+03   -2.09266e+03    1.24971e+02   -3.26391e+00   -1.39582e+01

           Step           Time
         939000     1878.00000

   Energies (kJ/mol)
        LJ (SR)  Disper. corr.   Coulomb (SR)      Potential    Kinetic En.
   -1.90129e+03   -3.86262e+01    0.00000e+00   -1.93992e+03    8.09871e+02
   Total Energy  Conserved En.    Temperature Pres. DC (bar) Pressure (bar)
   -1.13005e+03   -2.09305e+03    1.30134e+02   -3.26391e+00   -1.57734e+01

           Step           Time
         939500     1879.00000

   Energies (kJ/mol)
        LJ (SR)  Disper. corr.   Coulomb (SR)      Potential    Kinetic En.
   -1.93384e+03   -3.86262e+01    0.00000e+00   -1.97246e+03    8.04403e+02
   Total Energy  Conserved En.    Temperature Pres. DC (bar) Pressure (bar)
   -1.16806e+03   -2.09339e+03    1.29255e+02   -3.26391e+00    9.69915e+00

           Step           Time
         940000     1880.00000

   Energies (kJ/mol)
        LJ (SR)  Disper. corr.   Coulomb (SR)      Potential    Kinetic En.
   -1.91324e+03   -3.86262e+01    0.00000e+00   -1.95187e+03    7.81459e+02
   Total Energy  Conserved En.    Temperature Pres. DC (bar) Pressure (bar)
   -1.17041e+03   -2.09370e+03    1.25568e+02   -3.26391e+00    2.98711e+00

           Step           Time
         940500     1881.00000

   Energies (kJ/mol)
        LJ (SR)  Disper. corr.   Coulomb (SR)      Potential    Kinetic En.
   -1.92255e+03   -3.86262e+01    0.00000e+00   -1.96118e+03    8.03198e+02
   Total Energy  Conserved En.    Temperature Pres. DC (bar) Pressure (bar)
   -1.15798e+03   -2.09401e+03    1.29061e+02   -3.26391e+00    2.32287e+00

           Step           Time
         941000     1882.00000

   Energies (kJ/mol)
        LJ (SR)  Disper. corr.   Coulomb (SR)      Potential    Kinetic En.
   -1.90190e+03   -3.86262e+01    0.00000e+00   -1.94052e+03    8.01082e+02
   Total Energy  Conserved En.    Temperature Pres. DC (bar) Pressure (bar)
   -1.13944e+03   -2.09430e+03    1.28722e+02   -3.26391e+00    7.63865e+00

           Step           Time
         941500     1883.00000

   Energies (kJ/mol)
        LJ (SR)  Disper. corr.   Coulomb (SR)      Potential    Kinetic En.
   -1.89512e+03   -3.86262e+01    0.00000e+00   -1.93375e+03    7.67797e+02
   Total Energy  Conserved En.    Temperature Pres. DC (bar) Pressure (bar)
   -1.16595e+03   -2.09454e+03    1.23373e+02   -3.26391e+00   -6.79101e+00

           Step           Time
         942000     1884.00000

   Energies (kJ/mol)
        LJ (SR)  Disper. corr.   Coulomb (SR)      Potential    Kinetic En.
   -1.92358e+03   -3.86262e+01    0.00000e+00   -1.96221e+03    8.06263e+02
   Total Energy  Conserved En.    Temperature Pres. DC (bar) Pressure (bar)
   -1.15595e+03   -2.09487e+03    1.29554e+02   -3.26391e+00   -6.79197e+00

           Step           Time
         942500     1885.00000

   Energies (kJ/mol)
        LJ (SR)  Disper. corr.   Coulomb (SR)      Potential    Kinetic En.
   -1.98257e+03   -3.86262e+01    0.00000e+00   -2.02120e+03    8.17387e+02
   Total Energy  Conserved En.    Temperature Pres. DC (bar) Pressure (bar)
   -1.20381e+03   -2.09518e+03    1.31341e+02   -3.26391e+00    1.69339e+00

           Step           Time
         943000     1886.00000

   Energies (kJ/mol)
        LJ (SR)  Disper. corr.   Coulomb (SR)      Potential    Kinetic En.
   -1.98798e+03   -3.86262e+01    0.00000e+00   -2.02661e+03    8.13848e+02
   Total Energy  Conserved En.    Temperature Pres. DC (bar) Pressure (bar)
   -1.21276e+03   -2.09554e+03    1.30773e+02   -3.26391e+00   -2.25046e+01

           Step           Time
         943500     1887.00000

   Energies (kJ/mol)
        LJ (SR)  Disper. corr.   Coulomb (SR)      Potential    Kinetic En.
   -1.93601e+03   -3.86262e+01    0.00000e+00   -1.97464e+03    7.35579e+02
   Total Energy  Conserved En.    Temperature Pres. DC (bar) Pressure (bar)
   -1.23906e+03   -2.09582e+03    1.18196e+02   -3.26391e+00   -1.02624e+00

           Step           Time
         944000     1888.00000

   Energies (kJ/mol)
        LJ (SR)  Disper. corr.   Coulomb (SR)      Potential    Kinetic En.
   -1.97069e+03   -3.86262e+01    0.00000e+00   -2.00931e+03    8.85025e+02
   Total Energy  Conserved En.    Temperature Pres. DC (bar) Pressure (bar)
   -1.12429e+03   -2.09612e+03    1.42210e+02   -3.26391e+00    1.82435e+00

           Step           Time
         944500     1889.00000

   Energies (kJ/mol)
        LJ (SR)  Disper. corr.   Coulomb (SR)      Potential    Kinetic En.
   -1.95583e+03   -3.86262e+01    0.00000e+00   -1.99446e+03    8.06811e+02
   Total Energy  Conserved En.    Temperature Pres. DC (bar) Pressure (bar)
   -1.18765e+03   -2.09639e+03    1.29642e+02   -3.26391e+00    1.49001e+00

           Step           Time
         945000     1890.00000

   Energies (kJ/mol)
        LJ (SR)  Disper. corr.   Coulomb (SR)      Potential    Kinetic En.
   -1.94413e+03   -3.86262e+01    0.00000e+00   -1.98276e+03    7.91882e+02
   Total Energy  Conserved En.    Temperature Pres. DC (bar) Pressure (bar)
   -1.19088e+03   -2.09672e+03    1.27243e+02   -3.26391e+00    1.07164e+01

           Step           Time
         945500     1891.00000

   Energies (kJ/mol)
        LJ (SR)  Disper. corr.   Coulomb (SR)      Potential    Kinetic En.
   -1.94024e+03   -3.86262e+01    0.00000e+00   -1.97887e+03    8.46002e+02
   Total Energy  Conserved En.    Temperature Pres. DC (bar) Pressure (bar)
   -1.13287e+03   -2.09708e+03    1.35939e+02   -3.26391e+00    5.31357e+00

           Step           Time
         946000     1892.00000

   Energies (kJ/mol)
        LJ (SR)  Disper. corr.   Coulomb (SR)      Potential    Kinetic En.
   -1.94491e+03   -3.86262e+01    0.00000e+00   -1.98354e+03    8.28526e+02
   Total Energy  Conserved En.    Temperature Pres. DC (bar) Pressure (bar)
   -1.15501e+03   -2.09746e+03    1.33131e+02   -3.26391e+00   -1.00972e+01

           Step           Time
         946500     1893.00000

   Energies (kJ/mol)
        LJ (SR)  Disper. corr.   Coulomb (SR)      Potential    Kinetic En.
   -1.92654e+03   -3.86262e+01    0.00000e+00   -1.96517e+03    7.84982e+02
   Total Energy  Conserved En.    Temperature Pres. DC (bar) Pressure (bar)
   -1.18018e+03   -2.09779e+03    1.26134e+02   -3.26391e+00   -1.69906e+01

           Step           Time
         947000     1894.00000

   Energies (kJ/mol)
        LJ (SR)  Disper. corr.   Coulomb (SR)      Potential    Kinetic En.
   -1.94094e+03   -3.86262e+01    0.00000e+00   -1.97957e+03    8.01132e+02
   Total Energy  Conserved En.    Temperature Pres. DC (bar) Pressure (bar)
   -1.17844e+03   -2.09812e+03    1.28729e+02   -3.26391e+00   -6.95257e+00

           Step           Time
         947500     1895.00000

   Energies (kJ/mol)
        LJ (SR)  Disper. corr.   Coulomb (SR)      Potential    Kinetic En.
   -1.97564e+03   -3.86262e+01    0.00000e+00   -2.01426e+03    8.96199e+02
   Total Energy  Conserved En.    Temperature Pres. DC (bar) Pressure (bar)
   -1.11807e+03   -2.09848e+03    1.44005e+02   -3.26391e+00   -1.46926e+01

           Step           Time
         948000     1896.00000

   Energies (kJ/mol)
        LJ (SR)  Disper. corr.   Coulomb (SR)      Potential    Kinetic En.
   -1.90360e+03   -3.86262e+01    0.00000e+00   -1.94223e+03    8.11126e+02
   Total Energy  Conserved En.    Temperature Pres. DC (bar) Pressure (bar)
   -1.13110e+03   -2.09881e+03    1.30335e+02   -3.26391e+00    4.49562e+00

           Step           Time
         948500     1897.00000

   Energies (kJ/mol)
        LJ (SR)  Disper. corr.   Coulomb (SR)      Potential    Kinetic En.
   -1.88946e+03   -3.86262e+01    0.00000e+00   -1.92809e+03    8.31765e+02
   Total Energy  Conserved En.    Temperature Pres. DC (bar) Pressure (bar)
   -1.09632e+03   -2.09909e+03    1.33652e+02   -3.26391e+00   -4.15557e+00

           Step           Time
         949000     1898.00000

   Energies (kJ/mol)
        LJ (SR)  Disper. corr.   Coulomb (SR)      Potential    Kinetic En.
   -1.90888e+03   -3.86262e+01    0.00000e+00   -1.94751e+03    8.04494e+02
   Total Energy  Conserved En.    Temperature Pres. DC (bar) Pressure (bar)
   -1.14301e+03   -2.09941e+03    1.29270e+02   -3.26391e+00   -1.70000e+01

           Step           Time
         949500     1899.00000

   Energies (kJ/mol)
        LJ (SR)  Disper. corr.   Coulomb (SR)      Potential    Kinetic En.
   -1.88582e+03   -3.86262e+01    0.00000e+00   -1.92444e+03    7.77424e+02
   Total Energy  Conserved En.    Temperature Pres. DC (bar) Pressure (bar)
   -1.14702e+03   -2.09972e+03    1.24920e+02   -3.26391e+00    8.12596e+00

           Step           Time
         950000     1900.00000

   Energies (kJ/mol)
        LJ (SR)  Disper. corr.   Coulomb (SR)      Potential    Kinetic En.
   -1.92341e+03   -3.86262e+01    0.00000e+00   -1.96204e+03    7.97615e+02
   Total Energy  Conserved En.    Temperature Pres. DC (bar) Pressure (bar)
   -1.16442e+03   -2.10007e+03    1.28164e+02   -3.26391e+00   -6.00001e+00

           Step           Time
         950500     1901.00000

   Energies (kJ/mol)
        LJ (SR)  Disper. corr.   Coulomb (SR)      Potential    Kinetic En.
   -1.94649e+03   -3.86262e+01    0.00000e+00   -1.98512e+03    7.92633e+02
   Total Energy  Conserved En.    Temperature Pres. DC (bar) Pressure (bar)
   -1.19248e+03   -2.10039e+03    1.27364e+02   -3.26391e+00    8.18332e+00

           Step           Time
         951000     1902.00000

   Energies (kJ/mol)
        LJ (SR)  Disper. corr.   Coulomb (SR)      Potential    Kinetic En.
   -1.94291e+03   -3.86262e+01    0.00000e+00   -1.98153e+03    7.96787e+02
   Total Energy  Conserved En.    Temperature Pres. DC (bar) Pressure (bar)
   -1.18475e+03   -2.10072e+03    1.28031e+02   -3.26391e+00    5.60583e+00

           Step           Time
         951500     1903.00000

   Energies (kJ/mol)
        LJ (SR)  Disper. corr.   Coulomb (SR)      Potential    Kinetic En.
   -1.92601e+03   -3.86262e+01    0.00000e+00   -1.96464e+03    8.53789e+02
   Total Energy  Conserved En.    Temperature Pres. DC (bar) Pressure (bar)
   -1.11085e+03   -2.10109e+03    1.37191e+02   -3.26391e+00   -3.14246e+00

           Step           Time
         952000     1904.00000

   Energies (kJ/mol)
        LJ (SR)  Disper. corr.   Coulomb (SR)      Potential    Kinetic En.
   -1.94491e+03   -3.86262e+01    0.00000e+00   -1.98353e+03    8.05706e+02
   Total Energy  Conserved En.    Temperature Pres. DC (bar) Pressure (bar)
   -1.17783e+03   -2.10144e+03    1.29465e+02   -3.26391e+00    5.73344e+00

           Step           Time
         952500     1905.00000

   Energies (kJ/mol)
        LJ (SR)  Disper. corr.   Coulomb (SR)      Potential    Kinetic En.
   -1.95500e+03   -3.86262e+01    0.00000e+00   -1.99363e+03    7.68043e+02
   Total Energy  Conserved En.    Temperature Pres. DC (bar) Pressure (bar)
   -1.22558e+03   -2.10183e+03    1.23413e+02   -3.26391e+00   -6.28044e+00

           Step           Time
         953000     1906.00000

   Energies (kJ/mol)
        LJ (SR)  Disper. corr.   Coulomb (SR)      Potential    Kinetic En.
   -1.98684e+03   -3.86262e+01    0.00000e+00   -2.02546e+03    8.54041e+02
   Total Energy  Conserved En.    Temperature Pres. DC (bar) Pressure (bar)
   -1.17142e+03   -2.10219e+03    1.37231e+02   -3.26391e+00    9.00339e+00

           Step           Time
         953500     1907.00000

   Energies (kJ/mol)
        LJ (SR)  Disper. corr.   Coulomb (SR)      Potential    Kinetic En.
   -1.98385e+03   -3.86262e+01    0.00000e+00   -2.02248e+03    8.93005e+02
   Total Energy  Conserved En.    Temperature Pres. DC (bar) Pressure (bar)
   -1.12947e+03   -2.10259e+03    1.43492e+02   -3.26391e+00   -4.83865e+00

           Step           Time
         954000     1908.00000

   Energies (kJ/mol)
        LJ (SR)  Disper. corr.   Coulomb (SR)      Potential    Kinetic En.
   -1.94933e+03   -3.86262e+01    0.00000e+00   -1.98796e+03    7.82692e+02
   Total Energy  Conserved En.    Temperature Pres. DC (bar) Pressure (bar)
   -1.20526e+03   -2.10292e+03    1.25767e+02   -3.26391e+00   -9.41135e+00

           Step           Time
         954500     1909.00000

   Energies (kJ/mol)
        LJ (SR)  Disper. corr.   Coulomb (SR)      Potential    Kinetic En.
   -1.91232e+03   -3.86262e+01    0.00000e+00   -1.95094e+03    7.82516e+02
   Total Energy  Conserved En.    Temperature Pres. DC (bar) Pressure (bar)
   -1.16843e+03   -2.10320e+03    1.25738e+02   -3.26391e+00    1.61321e+00

           Step           Time
         955000     1910.00000

   Energies (kJ/mol)
        LJ (SR)  Disper. corr.   Coulomb (SR)      Potential    Kinetic En.
   -1.97820e+03   -3.86262e+01    0.00000e+00   -2.01682e+03    7.88848e+02
   Total Energy  Conserved En.    Temperature Pres. DC (bar) Pressure (bar)
   -1.22798e+03   -2.10359e+03    1.26756e+02   -3.26391e+00   -1.71002e+01

           Step           Time
         955500     1911.00000

   Energies (kJ/mol)
        LJ (SR)  Disper. corr.   Coulomb (SR)      Potential    Kinetic En.
   -1.98774e+03   -3.86262e+01    0.00000e+00   -2.02637e+03    8.11418e+02
   Total Energy  Conserved En.    Temperature Pres. DC (bar) Pressure (bar)
   -1.21495e+03   -2.10395e+03    1.30382e+02   -3.26391e+00   -3.87367e+00

           Step           Time
         956000     1912.00000

   Energies (kJ/mol)
        LJ (SR)  Disper. corr.   Coulomb (SR)      Potential    Kinetic En.
   -1.96503e+03   -3.86262e+01    0.00000e+00   -2.00366e+03    8.06955e+02
   Total Energy  Conserved En.    Temperature Pres. DC (bar) Pressure (bar)
   -1.19670e+03   -2.10426e+03    1.29665e+02   -3.26391e+00   -8.55557e+00

           Step           Time
         956500     1913.00000

   Energies (kJ/mol)
        LJ (SR)  Disper. corr.   Coulomb (SR)      Potential    Kinetic En.
   -1.93907e+03   -3.86262e+01    0.00000e+00   -1.97770e+03    7.96241e+02
   Total Energy  Conserved En.    Temperature Pres. DC (bar) Pressure (bar)
   -1.18146e+03   -2.10458e+03    1.27944e+02   -3.26391e+00   -1.38826e+01

           Step           Time
         957000     1914.00000

   Energies (kJ/mol)
        LJ (SR)  Disper. corr.   Coulomb (SR)      Potential    Kinetic En.
   -1.99116e+03   -3.86262e+01    0.00000e+00   -2.02979e+03    7.97856e+02
   Total Energy  Conserved En.    Temperature Pres. DC (bar) Pressure (bar)
   -1.23193e+03   -2.10498e+03    1.28203e+02   -3.26391e+00   -4.50696e+00

           Step           Time
         957500     1915.00000

   Energies (kJ/mol)
        LJ (SR)  Disper. corr.   Coulomb (SR)      Potential    Kinetic En.
   -2.02783e+03   -3.86262e+01    0.00000e+00   -2.06646e+03    8.36941e+02
   Total Energy  Conserved En.    Temperature Pres. DC (bar) Pressure (bar)
   -1.22952e+03   -2.10537e+03    1.34484e+02   -3.26391e+00    1.08840e+01

           Step           Time
         958000     1916.00000

   Energies (kJ/mol)
        LJ (SR)  Disper. corr.   Coulomb (SR)      Potential    Kinetic En.
   -2.03306e+03   -3.86262e+01    0.00000e+00   -2.07168e+03    7.77899e+02
   Total Energy  Conserved En.    Temperature Pres. DC (bar) Pressure (bar)
   -1.29378e+03   -2.10570e+03    1.24996e+02   -3.26391e+00    2.91006e-01

           Step           Time
         958500     1917.00000

   Energies (kJ/mol)
        LJ (SR)  Disper. corr.   Coulomb (SR)      Potential    Kinetic En.
   -1.99331e+03   -3.86262e+01    0.00000e+00   -2.03194e+03    7.86605e+02
   Total Energy  Conserved En.    Temperature Pres. DC (bar) Pressure (bar)
   -1.24533e+03   -2.10599e+03    1.26395e+02   -3.26391e+00   -9.76744e+00

           Step           Time
         959000     1918.00000

   Energies (kJ/mol)
        LJ (SR)  Disper. corr.   Coulomb (SR)      Potential    Kinetic En.
   -2.00424e+03   -3.86262e+01    0.00000e+00   -2.04287e+03    8.62818e+02
   Total Energy  Conserved En.    Temperature Pres. DC (bar) Pressure (bar)
   -1.18005e+03   -2.10630e+03    1.38642e+02   -3.26391e+00   -8.77923e+00

           Step           Time
         959500     1919.00000

   Energies (kJ/mol)
        LJ (SR)  Disper. corr.   Coulomb (SR)      Potential    Kinetic En.
   -1.99806e+03   -3.86262e+01    0.00000e+00   -2.03669e+03    7.75204e+02
   Total Energy  Conserved En.    Temperature Pres. DC (bar) Pressure (bar)
   -1.26148e+03   -2.10669e+03    1.24563e+02   -3.26391e+00    6.49967e-01

           Step           Time
         960000     1920.00000

   Energies (kJ/mol)
        LJ (SR)  Disper. corr.   Coulomb (SR)      Potential    Kinetic En.
   -1.99628e+03   -3.86262e+01    0.00000e+00   -2.03490e+03    8.55036e+02
   Total Energy  Conserved En.    Temperature Pres. DC (bar) Pressure (bar)
   -1.17987e+03   -2.10701e+03    1.37391e+02   -3.26391e+00   -1.06588e+01

           Step           Time
         960500     1921.00000

   Energies (kJ/mol)
        LJ (SR)  Disper. corr.   Coulomb (SR)      Potential    Kinetic En.
   -1.99408e+03   -3.86262e+01    0.00000e+00   -2.03270e+03    8.16850e+02
   Total Energy  Conserved En.    Temperature Pres. DC (bar) Pressure (bar)
   -1.21585e+03   -2.10740e+03    1.31255e+02   -3.26391e+00    5.90392e+00

           Step           Time
         961000     1922.00000

   Energies (kJ/mol)
        LJ (SR)  Disper. corr.   Coulomb (SR)      Potential    Kinetic En.
   -1.95288e+03   -3.86262e+01    0.00000e+00   -1.99151e+03    7.89743e+02
   Total Energy  Conserved En.    Temperature Pres. DC (bar) Pressure (bar)
   -1.20176e+03   -2.10772e+03    1.26899e+02   -3.26391e+00   -1.12141e+01

           Step           Time
         961500     1923.00000

   Energies (kJ/mol)
        LJ (SR)  Disper. corr.   Coulomb (SR)      Potential    Kinetic En.
   -1.94408e+03   -3.86262e+01    0.00000e+00   -1.98271e+03    8.23381e+02
   Total Energy  Conserved En.    Temperature Pres. DC (bar) Pressure (bar)
   -1.15933e+03   -2.10810e+03    1.32305e+02   -3.26391e+00    8.33040e+00

           Step           Time
         962000     1924.00000

   Energies (kJ/mol)
        LJ (SR)  Disper. corr.   Coulomb (SR)      Potential    Kinetic En.
   -1.99620e+03   -3.86262e+01    0.00000e+00   -2.03482e+03    7.93391e+02
   Total Energy  Conserved En.    Temperature Pres. DC (bar) Pressure (bar)
   -1.24143e+03   -2.10847e+03    1.27486e+02   -3.26391e+00   -1.94041e+01

           Step           Time
         962500     1925.00000

   Energies (kJ/mol)
        LJ (SR)  Disper. corr.   Coulomb (SR)      Potential    Kinetic En.
   -2.01697e+03   -3.86262e+01    0.00000e+00   -2.05560e+03    7.81961e+02
   Total Energy  Conserved En.    Temperature Pres. DC (bar) Pressure (bar)
   -1.27363e+03   -2.10883e+03    1.25649e+02   -3.26391e+00    1.02717e+01

           Step           Time
         963000     1926.00000

   Energies (kJ/mol)
        LJ (SR)  Disper. corr.   Coulomb (SR)      Potential    Kinetic En.
   -2.04796e+03   -3.86262e+01    0.00000e+00   -2.08658e+03    8.36572e+02
   Total Energy  Conserved En.    Temperature Pres. DC (bar) Pressure (bar)
   -1.25001e+03   -2.10924e+03    1.34424e+02   -3.26391e+00    1.26132e+01

           Step           Time
         963500     1927.00000

   Energies (kJ/mol)
        LJ (SR)  Disper. corr.   Coulomb (SR)      Potential    Kinetic En.
   -2.05875e+03   -3.86262e+01    0.00000e+00   -2.09738e+03    8.24739e+02
   Total Energy  Conserved En.    Temperature Pres. DC (bar) Pressure (bar)
   -1.27264e+03   -2.10961e+03    1.32523e+02   -3.26391e+00   -4.17427e+00

           Step           Time
         964000     1928.00000

   Energies (kJ/mol)
        LJ (SR)  Disper. corr.   Coulomb (SR)      Potential    Kinetic En.
   -2.06306e+03   -3.86262e+01    0.00000e+00   -2.10168e+03    8.14151e+02
   Total Energy  Conserved En.    Temperature Pres. DC (bar) Pressure (bar)
   -1.28753e+03   -2.11006e+03    1.30822e+02   -3.26391e+00   -7.59042e+00

           Step           Time
         964500     1929.00000

   Energies (kJ/mol)
        LJ (SR)  Disper. corr.   Coulomb (SR)      Potential    Kinetic En.
   -2.01416e+03   -3.86262e+01    0.00000e+00   -2.05279e+03    7.67750e+02
   Total Energy  Conserved En.    Temperature Pres. DC (bar) Pressure (bar)
   -1.28504e+03   -2.11033e+03    1.23365e+02   -3.26391e+00   -7.64749e-01

           Step           Time
         965000     1930.00000

   Energies (kJ/mol)
        LJ (SR)  Disper. corr.   Coulomb (SR)      Potential    Kinetic En.
   -2.04448e+03   -3.86262e+01    0.00000e+00   -2.08310e+03    8.33137e+02
   Total Energy  Conserved En.    Temperature Pres. DC (bar) Pressure (bar)
   -1.24997e+03   -2.11064e+03    1.33872e+02   -3.26391e+00   -5.69113e-01

           Step           Time
         965500     1931.00000

   Energies (kJ/mol)
        LJ (SR)  Disper. corr.   Coulomb (SR)      Potential    Kinetic En.
   -2.09031e+03   -3.86262e+01    0.00000e+00   -2.12893e+03    8.12287e+02
   Total Energy  Conserved En.    Temperature Pres. DC (bar) Pressure (bar)
   -1.31665e+03   -2.11100e+03    1.30522e+02   -3.26391e+00   -1.23795e+01

           Step           Time
         966000     1932.00000

   Energies (kJ/mol)
        LJ (SR)  Disper. corr.   Coulomb (SR)      Potential    Kinetic En.
   -2.03058e+03   -3.86262e+01    0.00000e+00   -2.06920e+03    7.82595e+02
   Total Energy  Conserved En.    Temperature Pres. DC (bar) Pressure (bar)
   -1.28661e+03   -2.11133e+03    1.25751e+02   -3.26391e+00    1.18014e+01

           Step           Time
         966500     1933.00000

   Energies (kJ/mol)
        LJ (SR)  Disper. corr.   Coulomb (SR)      Potential    Kinetic En.
   -2.10549e+03   -3.86262e+01    0.00000e+00   -2.14412e+03    8.72433e+02
   Total Energy  Conserved En.    Temperature Pres. DC (bar) Pressure (bar)
   -1.27168e+03   -2.11176e+03    1.40187e+02   -3.26391e+00   -9.98531e+00

           Step           Time
         967000     1934.00000

   Energies (kJ/mol)
        LJ (SR)  Disper. corr.   Coulomb (SR)      Potential    Kinetic En.
   -2.06617e+03   -3.86262e+01    0.00000e+00   -2.10480e+03    8.43417e+02
   Total Energy  Conserved En.    Temperature Pres. DC (bar) Pressure (bar)
   -1.26138e+03   -2.11207e+03    1.35524e+02   -3.26391e+00   -7.20973e+00

           Step           Time
         967500     1935.00000

   Energies (kJ/mol)
        LJ (SR)  Disper. corr.   Coulomb (SR)      Potential    Kinetic En.
   -2.05007e+03   -3.86262e+01    0.00000e+00   -2.08870e+03    8.31190e+02
   Total Energy  Conserved En.    Temperature Pres. DC (bar) Pressure (bar)
   -1.25751e+03   -2.11249e+03    1.33559e+02   -3.26391e+00   -1.77930e+01

           Step           Time
         968000     1936.00000

   Energies (kJ/mol)
        LJ (SR)  Disper. corr.   Coulomb (SR)      Potential    Kinetic En.
   -2.00770e+03   -3.86262e+01    0.00000e+00   -2.04633e+03    7.63536e+02
   Total Energy  Conserved En.    Temperature Pres. DC (bar) Pressure (bar)
   -1.28279e+03   -2.11280e+03    1.22688e+02   -3.26391e+00   -1.57501e+01

           Step           Time
         968500     1937.00000

   Energies (kJ/mol)
        LJ (SR)  Disper. corr.   Coulomb (SR)      Potential    Kinetic En.
   -1.99105e+03   -3.86262e+01    0.00000e+00   -2.02968e+03    8.04164e+02
   Total Energy  Conserved En.    Temperature Pres. DC (bar) Pressure (bar)
   -1.22551e+03   -2.11319e+03    1.29217e+02   -3.26391e+00   -7.35141e+00

           Step           Time
         969000     1938.00000

   Energies (kJ/mol)
        LJ (SR)  Disper. corr.   Coulomb (SR)      Potential    Kinetic En.
   -2.03328e+03   -3.86262e+01    0.00000e+00   -2.07191e+03    8.23732e+02
   Total Energy  Conserved En.    Temperature Pres. DC (bar) Pressure (bar)
   -1.24818e+03   -2.11357e+03    1.32361e+02   -3.26391e+00   -2.26933e+01

           Step           Time
         969500     1939.00000

   Energies (kJ/mol)
        LJ (SR)  Disper. corr.   Coulomb (SR)      Potential    Kinetic En.
   -2.01681e+03   -3.86262e+01    0.00000e+00   -2.05544e+03    8.22856e+02
   Total Energy  Conserved En.    Temperature Pres. DC (bar) Pressure (bar)
   -1.23258e+03   -2.11392e+03    1.32220e+02   -3.26391e+00    6.92776e+00

           Step           Time
         970000     1940.00000

   Energies (kJ/mol)
        LJ (SR)  Disper. corr.   Coulomb (SR)      Potential    Kinetic En.
   -1.98467e+03   -3.86262e+01    0.00000e+00   -2.02330e+03    7.92040e+02
   Total Energy  Conserved En.    Temperature Pres. DC (bar) Pressure (bar)
   -1.23126e+03   -2.11425e+03    1.27269e+02   -3.26391e+00    5.16823e+00

           Step           Time
         970500     1941.00000

   Energies (kJ/mol)
        LJ (SR)  Disper. corr.   Coulomb (SR)      Potential    Kinetic En.
   -1.98369e+03   -3.86262e+01    0.00000e+00   -2.02231e+03    7.66127e+02
   Total Energy  Conserved En.    Temperature Pres. DC (bar) Pressure (bar)
   -1.25618e+03   -2.11466e+03    1.23105e+02   -3.26391e+00   -1.41902e+01

           Step           Time
         971000     1942.00000

   Energies (kJ/mol)
        LJ (SR)  Disper. corr.   Coulomb (SR)      Potential    Kinetic En.
   -2.01542e+03   -3.86262e+01    0.00000e+00   -2.05405e+03    8.04061e+02
   Total Energy  Conserved En.    Temperature Pres. DC (bar) Pressure (bar)
   -1.24999e+03   -2.11507e+03    1.29200e+02   -3.26391e+00   -2.92554e+00

           Step           Time
         971500     1943.00000

   Energies (kJ/mol)
        LJ (SR)  Disper. corr.   Coulomb (SR)      Potential    Kinetic En.
   -2.03296e+03   -3.86262e+01    0.00000e+00   -2.07159e+03    8.50170e+02
   Total Energy  Conserved En.    Temperature Pres. DC (bar) Pressure (bar)
   -1.22142e+03   -2.11551e+03    1.36609e+02   -3.26391e+00    5.96306e+00

           Step           Time
         972000     1944.00000

   Energies (kJ/mol)
        LJ (SR)  Disper. corr.   Coulomb (SR)      Potential    Kinetic En.
   -2.09578e+03   -3.86262e+01    0.00000e+00   -2.13440e+03    7.82894e+02
   Total Energy  Conserved En.    Temperature Pres. DC (bar) Pressure (bar)
   -1.35151e+03   -2.11593e+03    1.25799e+02   -3.26391e+00   -2.34511e+01

           Step           Time
         972500     1945.00000

   Energies (kJ/mol)
        LJ (SR)  Disper. corr.   Coulomb (SR)      Potential    Kinetic En.
   -2.04912e+03   -3.86262e+01    0.00000e+00   -2.08774e+03    7.56349e+02
   Total Energy  Conserved En.    Temperature Pres. DC (bar) Pressure (bar)
   -1.33139e+03   -2.11631e+03    1.21534e+02   -3.26391e+00   -1.16420e+01

           Step           Time
         973000     1946.00000

   Energies (kJ/mol)
        LJ (SR)  Disper. corr.   Coulomb (SR)      Potential    Kinetic En.
   -2.03364e+03   -3.86262e+01    0.00000e+00   -2.07227e+03    7.98364e+02
   Total Energy  Conserved En.    Temperature Pres. DC (bar) Pressure (bar)
   -1.27390e+03   -2.11674e+03    1.28285e+02   -3.26391e+00   -2.00532e+01

           Step           Time
         973500     1947.00000

   Energies (kJ/mol)
        LJ (SR)  Disper. corr.   Coulomb (SR)      Potential    Kinetic En.
   -2.05196e+03   -3.86262e+01    0.00000e+00   -2.09058e+03    8.26907e+02
   Total Energy  Conserved En.    Temperature Pres. DC (bar) Pressure (bar)
   -1.26368e+03   -2.11712e+03    1.32871e+02   -3.26391e+00   -9.01948e+00

           Step           Time
         974000     1948.00000

   Energies (kJ/mol)
        LJ (SR)  Disper. corr.   Coulomb (SR)      Potential    Kinetic En.
   -2.04684e+03   -3.86262e+01    0.00000e+00   -2.08547e+03    7.78330e+02
   Total Energy  Conserved En.    Temperature Pres. DC (bar) Pressure (bar)
   -1.30714e+03   -2.11743e+03    1.25066e+02   -3.26391e+00    3.23231e+00

           Step           Time
         974500     1949.00000

   Energies (kJ/mol)
        LJ (SR)  Disper. corr.   Coulomb (SR)      Potential    Kinetic En.
   -2.05075e+03   -3.86262e+01    0.00000e+00   -2.08938e+03    7.70994e+02
   Total Energy  Conserved En.    Temperature Pres. DC (bar) Pressure (bar)
   -1.31839e+03   -2.11783e+03    1.23887e+02   -3.26391e+00   -3.51280e+00

           Step           Time
         975000     1950.00000

   Energies (kJ/mol)
        LJ (SR)  Disper. corr.   Coulomb (SR)      Potential    Kinetic En.
   -2.08158e+03   -3.86262e+01    0.00000e+00   -2.12021e+03    8.15861e+02
   Total Energy  Conserved En.    Temperature Pres. DC (bar) Pressure (bar)
   -1.30434e+03   -2.11819e+03    1.31096e+02   -3.26391e+00   -2.77090e+00

           Step           Time
         975500     1951.00000

   Energies (kJ/mol)
        LJ (SR)  Disper. corr.   Coulomb (SR)      Potential    Kinetic En.
   -2.03011e+03   -3.86262e+01    0.00000e+00   -2.06873e+03    7.96611e+02
   Total Energy  Conserved En.    Temperature Pres. DC (bar) Pressure (bar)
   -1.27212e+03   -2.11856e+03    1.28003e+02   -3.26391e+00   -7.72701e+00

           Step           Time
         976000     1952.00000

   Energies (kJ/mol)
        LJ (SR)  Disper. corr.   Coulomb (SR)      Potential    Kinetic En.
   -2.05954e+03   -3.86262e+01    0.00000e+00   -2.09817e+03    8.22915e+02
   Total Energy  Conserved En.    Temperature Pres. DC (bar) Pressure (bar)
   -1.27525e+03   -2.11893e+03    1.32230e+02   -3.26391e+00   -1.41575e+01

           Step           Time
         976500     1953.00000

   Energies (kJ/mol)
        LJ (SR)  Disper. corr.   Coulomb (SR)      Potential    Kinetic En.
   -2.10285e+03   -3.86262e+01    0.00000e+00   -2.14147e+03    7.81017e+02
   Total Energy  Conserved En.    Temperature Pres. DC (bar) Pressure (bar)
   -1.36046e+03   -2.11931e+03    1.25497e+02   -3.26391e+00   -4.00928e+00

           Step           Time
         977000     1954.00000

   Energies (kJ/mol)
        LJ (SR)  Disper. corr.   Coulomb (SR)      Potential    Kinetic En.
   -2.14178e+03   -3.86262e+01    0.00000e+00   -2.18041e+03    8.29846e+02
   Total Energy  Conserved En.    Temperature Pres. DC (bar) Pressure (bar)
   -1.35056e+03   -2.11968e+03    1.33343e+02   -3.26391e+00   -7.29292e+00

           Step           Time
         977500     1955.00000

   Energies (kJ/mol)
        LJ (SR)  Disper. corr.   Coulomb (SR)      Potential    Kinetic En.
   -2.15465e+03   -3.86262e+01    0.00000e+00   -2.19327e+03    8.06737e+02
   Total Energy  Conserved En.    Temperature Pres. DC (bar) Pressure (bar)
   -1.38654e+03   -2.12007e+03    1.29630e+02   -3.26391e+00    1.67030e+01

           Step           Time
         978000     1956.00000

   Energies (kJ/mol)
        LJ (SR)  Disper. corr.   Coulomb (SR)      Potential    Kinetic En.
   -2.10584e+03   -3.86262e+01    0.00000e+00   -2.14446e+03    8.19394e+02
   Total Energy  Conserved En.    Temperature Pres. DC (bar) Pressure (bar)
   -1.32507e+03   -2.12043e+03    1.31664e+02   -3.26391e+00   -2.36902e+00

           Step           Time
         978500     1957.00000

   Energies (kJ/mol)
        LJ (SR)  Disper. corr.   Coulomb (SR)      Potential    Kinetic En.
   -2.08603e+03   -3.86262e+01    0.00000e+00   -2.12466e+03    8.26810e+02
   Total Energy  Conserved En.    Temperature Pres. DC (bar) Pressure (bar)
   -1.29785e+03   -2.12077e+03    1.32856e+02   -3.26391e+00    2.33355e+00

           Step           Time
         979000     1958.00000

   Energies (kJ/mol)
        LJ (SR)  Disper. corr.   Coulomb (SR)      Potential    Kinetic En.
   -2.02708e+03   -3.86262e+01    0.00000e+00   -2.06571e+03    7.84715e+02
   Total Energy  Conserved En.    Temperature Pres. DC (bar) Pressure (bar)
   -1.28099e+03   -2.12105e+03    1.26091e+02   -3.26391e+00   -5.12421e+00

           Step           Time
         979500     1959.00000

   Energies (kJ/mol)
        LJ (SR)  Disper. corr.   Coulomb (SR)      Potential    Kinetic En.
   -2.06264e+03   -3.86262e+01    0.00000e+00   -2.10126e+03    7.97633e+02
   Total Energy  Conserved En.    Temperature Pres. DC (bar) Pressure (bar)
   -1.30363e+03   -2.12142e+03    1.28167e+02   -3.26391e+00   -2.03046e+01

           Step           Time
         980000     1960.00000

   Energies (kJ/mol)
        LJ (SR)  Disper. corr.   Coulomb (SR)      Potential    Kinetic En.
   -2.04731e+03   -3.86262e+01    0.00000e+00   -2.08593e+03    8.29409e+02
   Total Energy  Conserved En.    Temperature Pres. DC (bar) Pressure (bar)
   -1.25652e+03   -2.12179e+03    1.33273e+02   -3.26391e+00    3.15532e+00

           Step           Time
         980500     1961.00000

   Energies (kJ/mol)
        LJ (SR)  Disper. corr.   Coulomb (SR)      Potential    Kinetic En.
   -2.10497e+03   -3.86262e+01    0.00000e+00   -2.14359e+03    8.00063e+02
   Total Energy  Conserved En.    Temperature Pres. DC (bar) Pressure (bar)
   -1.34353e+03   -2.12217e+03    1.28558e+02   -3.26391e+00    4.43608e-01

           Step           Time
         981000     1962.00000

   Energies (kJ/mol)
        LJ (SR)  Disper. corr.   Coulomb (SR)      Potential    Kinetic En.
   -2.07727e+03   -3.86262e+01    0.00000e+00   -2.11590e+03    8.18616e+02
   Total Energy  Conserved En.    Temperature Pres. DC (bar) Pressure (bar)
   -1.29728e+03   -2.12261e+03    1.31539e+02   -3.26391e+00   -6.55433e+00

           Step           Time
         981500     1963.00000

   Energies (kJ/mol)
        LJ (SR)  Disper. corr.   Coulomb (SR)      Potential    Kinetic En.
   -2.05948e+03   -3.86262e+01    0.00000e+00   -2.09811e+03    7.97468e+02
   Total Energy  Conserved En.    Temperature Pres. DC (bar) Pressure (bar)
   -1.30064e+03   -2.12296e+03    1.28141e+02   -3.26391e+00   -2.87286e+00

           Step           Time
         982000     1964.00000

   Energies (kJ/mol)
        LJ (SR)  Disper. corr.   Coulomb (SR)      Potential    Kinetic En.
   -2.02983e+03   -3.86262e+01    0.00000e+00   -2.06846e+03    7.66734e+02
   Total Energy  Conserved En.    Temperature Pres. DC (bar) Pressure (bar)
   -1.30172e+03   -2.12335e+03    1.23202e+02   -3.26391e+00   -5.57255e+00

           Step           Time
         982500     1965.00000

   Energies (kJ/mol)
        LJ (SR)  Disper. corr.   Coulomb (SR)      Potential    Kinetic En.
   -2.05158e+03   -3.86262e+01    0.00000e+00   -2.09021e+03    8.15852e+02
   Total Energy  Conserved En.    Temperature Pres. DC (bar) Pressure (bar)
   -1.27436e+03   -2.12376e+03    1.31095e+02   -3.26391e+00   -1.33978e+01

           Step           Time
         983000     1966.00000

   Energies (kJ/mol)
        LJ (SR)  Disper. corr.   Coulomb (SR)      Potential    Kinetic En.
   -2.05824e+03   -3.86262e+01    0.00000e+00   -2.09686e+03    8.06760e+02
   Total Energy  Conserved En.    Temperature Pres. DC (bar) Pressure (bar)
   -1.29010e+03   -2.12411e+03    1.29634e+02   -3.26391e+00    1.88920e+01

           Step           Time
         983500     1967.00000

   Energies (kJ/mol)
        LJ (SR)  Disper. corr.   Coulomb (SR)      Potential    Kinetic En.
   -2.07844e+03   -3.86262e+01    0.00000e+00   -2.11707e+03    8.12257e+02
   Total Energy  Conserved En.    Temperature Pres. DC (bar) Pressure (bar)
   -1.30481e+03   -2.12457e+03    1.30517e+02   -3.26391e+00    5.88706e+00

           Step           Time
         984000     1968.00000

   Energies (kJ/mol)
        LJ (SR)  Disper. corr.   Coulomb (SR)      Potential    Kinetic En.
   -2.03574e+03   -3.86262e+01    0.00000e+00   -2.07436e+03    7.57754e+02
   Total Energy  Conserved En.    Temperature Pres. DC (bar) Pressure (bar)
   -1.31661e+03   -2.12484e+03    1.21759e+02   -3.26391e+00   -1.65138e+01

           Step           Time
         984500     1969.00000

   Energies (kJ/mol)
        LJ (SR)  Disper. corr.   Coulomb (SR)      Potential    Kinetic En.
   -2.04238e+03   -3.86262e+01    0.00000e+00   -2.08100e+03    8.36692e+02
   Total Energy  Conserved En.    Temperature Pres. DC (bar) Pressure (bar)
   -1.24431e+03   -2.12518e+03    1.34443e+02   -3.26391e+00   -1.03751e+01

           Step           Time
         985000     1970.00000

   Energies (kJ/mol)
        LJ (SR)  Disper. corr.   Coulomb (SR)      Potential    Kinetic En.
   -2.02871e+03   -3.86262e+01    0.00000e+00   -2.06733e+03    8.63219e+02
   Total Energy  Conserved En.    Temperature Pres. DC (bar) Pressure (bar)
   -1.20412e+03   -2.12556e+03    1.38706e+02   -3.26391e+00   -5.82862e+00

           Step           Time
         985500     1971.00000

   Energies (kJ/mol)
        LJ (SR)  Disper. corr.   Coulomb (SR)      Potential    Kinetic En.
   -2.04784e+03   -3.86262e+01    0.00000e+00   -2.08647e+03    7.99555e+02
   Total Energy  Conserved En.    Temperature Pres. DC (bar) Pressure (bar)
   -1.28691e+03   -2.12590e+03    1.28476e+02   -3.26391e+00    1.71650e+00

           Step           Time
         986000     1972.00000

   Energies (kJ/mol)
        LJ (SR)  Disper. corr.   Coulomb (SR)      Potential    Kinetic En.
   -2.05410e+03   -3.86262e+01    0.00000e+00   -2.09272e+03    8.14035e+02
   Total Energy  Conserved En.    Temperature Pres. DC (bar) Pressure (bar)
   -1.27869e+03   -2.12623e+03    1.30803e+02   -3.26391e+00   -2.15864e+00

           Step           Time
         986500     1973.00000

   Energies (kJ/mol)
        LJ (SR)  Disper. corr.   Coulomb (SR)      Potential    Kinetic En.
   -2.04452e+03   -3.86262e+01    0.00000e+00   -2.08315e+03    8.12807e+02
   Total Energy  Conserved En.    Temperature Pres. DC (bar) Pressure (bar)
   -1.27034e+03   -2.12658e+03    1.30606e+02   -3.26391e+00    3.03302e+00

           Step           Time
         987000     1974.00000

   Energies (kJ/mol)
        LJ (SR)  Disper. corr.   Coulomb (SR)      Potential    Kinetic En.
   -2.03413e+03   -3.86262e+01    0.00000e+00   -2.07276e+03    8.02761e+02
   Total Energy  Conserved En.    Temperature Pres. DC (bar) Pressure (bar)
   -1.26999e+03   -2.12700e+03    1.28991e+02   -3.26391e+00   -1.28993e+00

           Step           Time
         987500     1975.00000

   Energies (kJ/mol)
        LJ (SR)  Disper. corr.   Coulomb (SR)      Potential    Kinetic En.
   -2.04230e+03   -3.86262e+01    0.00000e+00   -2.08092e+03    7.76414e+02
   Total Energy  Conserved En.    Temperature Pres. DC (bar) Pressure (bar)
   -1.30451e+03   -2.12737e+03    1.24758e+02   -3.26391e+00   -7.33591e+00

           Step           Time
         988000     1976.00000

   Energies (kJ/mol)
        LJ (SR)  Disper. corr.   Coulomb (SR)      Potential    Kinetic En.
   -2.06135e+03   -3.86262e+01    0.00000e+00   -2.09998e+03    7.74664e+02
   Total Energy  Conserved En.    Temperature Pres. DC (bar) Pressure (bar)
   -1.32531e+03   -2.12776e+03    1.24477e+02   -3.26391e+00    6.22045e+00

           Step           Time
         988500     1977.00000

   Energies (kJ/mol)
        LJ (SR)  Disper. corr.   Coulomb (SR)      Potential    Kinetic En.
   -2.03907e+03   -3.86262e+01    0.00000e+00   -2.07769e+03    8.28937e+02
   Total Energy  Conserved En.    Temperature Pres. DC (bar) Pressure (bar)
   -1.24875e+03   -2.12814e+03    1.33197e+02   -3.26391e+00    5.98927e+00

           Step           Time
         989000     1978.00000

   Energies (kJ/mol)
        LJ (SR)  Disper. corr.   Coulomb (SR)      Potential    Kinetic En.
   -2.04202e+03   -3.86262e+01    0.00000e+00   -2.08064e+03    8.18352e+02
   Total Energy  Conserved En.    Temperature Pres. DC (bar) Pressure (bar)
   -1.26229e+03   -2.12849e+03    1.31497e+02   -3.26391e+00    9.58888e-02

           Step           Time
         989500     1979.00000

   Energies (kJ/mol)
        LJ (SR)  Disper. corr.   Coulomb (SR)      Potential    Kinetic En.
   -1.98836e+03   -3.86262e+01    0.00000e+00   -2.02698e+03    8.20643e+02
   Total Energy  Conserved En.    Temperature Pres. DC (bar) Pressure (bar)
   -1.20634e+03   -2.12882e+03    1.31865e+02   -3.26391e+00    1.17711e+00

           Step           Time
         990000     1980.00000

   Energies (kJ/mol)
        LJ (SR)  Disper. corr.   Coulomb (SR)      Potential    Kinetic En.
   -2.01509e+03   -3.86262e+01    0.00000e+00   -2.05372e+03    7.83800e+02
   Total Energy  Conserved En.    Temperature Pres. DC (bar) Pressure (bar)
   -1.26992e+03   -2.12914e+03    1.25944e+02   -3.26391e+00   -1.38817e+01

           Step           Time
         990500     1981.00000

   Energies (kJ/mol)
        LJ (SR)  Disper. corr.   Coulomb (SR)      Potential    Kinetic En.
   -1.96811e+03   -3.86262e+01    0.00000e+00   -2.00674e+03    7.84105e+02
   Total Energy  Conserved En.    Temperature Pres. DC (bar) Pressure (bar)
   -1.22263e+03   -2.12947e+03    1.25994e+02   -3.26391e+00    4.52906e+00

           Step           Time
         991000     1982.00000

   Energies (kJ/mol)
        LJ (SR)  Disper. corr.   Coulomb (SR)      Potential    Kinetic En.
   -1.99849e+03   -3.86262e+01    0.00000e+00   -2.03711e+03    7.64271e+02
   Total Energy  Conserved En.    Temperature Pres. DC (bar) Pressure (bar)
   -1.27284e+03   -2.12983e+03    1.22807e+02   -3.26391e+00   -4.41170e+00

           Step           Time
         991500     1983.00000

   Energies (kJ/mol)
        LJ (SR)  Disper. corr.   Coulomb (SR)      Potential    Kinetic En.
   -2.01701e+03   -3.86262e+01    0.00000e+00   -2.05564e+03    8.22836e+02
   Total Energy  Conserved En.    Temperature Pres. DC (bar) Pressure (bar)
   -1.23281e+03   -2.13022e+03    1.32217e+02   -3.26391e+00   -6.29750e+00

           Step           Time
         992000     1984.00000

   Energies (kJ/mol)
        LJ (SR)  Disper. corr.   Coulomb (SR)      Potential    Kinetic En.
   -2.04357e+03   -3.86262e+01    0.00000e+00   -2.08220e+03    7.89931e+02
   Total Energy  Conserved En.    Temperature Pres. DC (bar) Pressure (bar)
   -1.29227e+03   -2.13063e+03    1.26930e+02   -3.26391e+00   -4.00559e+00

           Step           Time
         992500     1985.00000

   Energies (kJ/mol)
        LJ (SR)  Disper. corr.   Coulomb (SR)      Potential    Kinetic En.
   -2.09890e+03   -3.86262e+01    0.00000e+00   -2.13753e+03    8.40992e+02
   Total Energy  Conserved En.    Temperature Pres. DC (bar) Pressure (bar)
   -1.29654e+03   -2.13109e+03    1.35134e+02   -3.26391e+00    5.93125e+00

           Step           Time
         993000     1986.00000

   Energies (kJ/mol)
        LJ (SR)  Disper. corr.   Coulomb (SR)      Potential    Kinetic En.
   -2.09094e+03   -3.86262e+01    0.00000e+00   -2.12956e+03    8.13623e+02
   Total Energy  Conserved En.    Temperature Pres. DC (bar) Pressure (bar)
   -1.31594e+03   -2.13145e+03    1.30737e+02   -3.26391e+00   -2.95175e-01

           Step           Time
         993500     1987.00000

   Energies (kJ/mol)
        LJ (SR)  Disper. corr.   Coulomb (SR)      Potential    Kinetic En.
   -2.04375e+03   -3.86262e+01    0.00000e+00   -2.08237e+03    8.22271e+02
   Total Energy  Conserved En.    Temperature Pres. DC (bar) Pressure (bar)
   -1.26010e+03   -2.13182e+03    1.32126e+02   -3.26391e+00    3.36736e-01

           Step           Time
         994000     1988.00000

   Energies (kJ/mol)
        LJ (SR)  Disper. corr.   Coulomb (SR)      Potential    Kinetic En.
   -2.04044e+03   -3.86262e+01    0.00000e+00   -2.07906e+03    8.36245e+02
   Total Energy  Conserved En.    Temperature Pres. DC (bar) Pressure (bar)
   -1.24282e+03   -2.13221e+03    1.34372e+02   -3.26391e+00   -1.08053e+01

           Step           Time
         994500     1989.00000

   Energies (kJ/mol)
        LJ (SR)  Disper. corr.   Coulomb (SR)      Potential    Kinetic En.
   -2.05978e+03   -3.86262e+01    0.00000e+00   -2.09840e+03    8.28179e+02
   Total Energy  Conserved En.    Temperature Pres. DC (bar) Pressure (bar)
   -1.27022e+03   -2.13260e+03    1.33076e+02   -3.26391e+00   -1.32289e+00

           Step           Time
         995000     1990.00000

   Energies (kJ/mol)
        LJ (SR)  Disper. corr.   Coulomb (SR)      Potential    Kinetic En.
   -2.07115e+03   -3.86262e+01    0.00000e+00   -2.10977e+03    8.32610e+02
   Total Energy  Conserved En.    Temperature Pres. DC (bar) Pressure (bar)
   -1.27716e+03   -2.13304e+03    1.33788e+02   -3.26391e+00   -1.15546e+01

           Step           Time
         995500     1991.00000

   Energies (kJ/mol)
        LJ (SR)  Disper. corr.   Coulomb (SR)      Potential    Kinetic En.
   -2.04273e+03   -3.86262e+01    0.00000e+00   -2.08136e+03    8.36969e+02
   Total Energy  Conserved En.    Temperature Pres. DC (bar) Pressure (bar)
   -1.24439e+03   -2.13344e+03    1.34488e+02   -3.26391e+00   -4.94692e+00

           Step           Time
         996000     1992.00000

   Energies (kJ/mol)
        LJ (SR)  Disper. corr.   Coulomb (SR)      Potential    Kinetic En.
   -2.02288e+03   -3.86262e+01    0.00000e+00   -2.06151e+03    7.55649e+02
   Total Energy  Conserved En.    Temperature Pres. DC (bar) Pressure (bar)
   -1.30586e+03   -2.13386e+03    1.21421e+02   -3.26391e+00   -1.35017e+01

           Step           Time
         996500     1993.00000

   Energies (kJ/mol)
        LJ (SR)  Disper. corr.   Coulomb (SR)      Potential    Kinetic En.
   -2.04014e+03   -3.86262e+01    0.00000e+00   -2.07876e+03    7.93956e+02
   Total Energy  Conserved En.    Temperature Pres. DC (bar) Pressure (bar)
   -1.28481e+03   -2.13422e+03    1.27576e+02   -3.26391e+00   -1.87499e+01

           Step           Time
         997000     1994.00000

   Energies (kJ/mol)
        LJ (SR)  Disper. corr.   Coulomb (SR)      Potential    Kinetic En.
   -2.01734e+03   -3.86262e+01    0.00000e+00   -2.05597e+03    7.79609e+02
   Total Energy  Conserved En.    Temperature Pres. DC (bar) Pressure (bar)
   -1.27636e+03   -2.13454e+03    1.25271e+02   -3.26391e+00   -1.31580e+00

           Step           Time
         997500     1995.00000

   Energies (kJ/mol)
        LJ (SR)  Disper. corr.   Coulomb (SR)      Potential    Kinetic En.
   -1.99611e+03   -3.86262e+01    0.00000e+00   -2.03473e+03    8.77935e+02
   Total Energy  Conserved En.    Temperature Pres. DC (bar) Pressure (bar)
   -1.15680e+03   -2.13491e+03    1.41071e+02   -3.26391e+00    2.39971e+00

           Step           Time
         998000     1996.00000

   Energies (kJ/mol)
        LJ (SR)  Disper. corr.   Coulomb (SR)      Potential    Kinetic En.
   -1.98285e+03   -3.86262e+01    0.00000e+00   -2.02148e+03    7.97300e+02
   Total Energy  Conserved En.    Temperature Pres. DC (bar) Pressure (bar)
   -1.22418e+03   -2.13534e+03    1.28114e+02   -3.26391e+00   -7.72957e-01

           Step           Time
         998500     1997.00000

   Energies (kJ/mol)
        LJ (SR)  Disper. corr.   Coulomb (SR)      Potential    Kinetic En.
   -1.99943e+03   -3.86262e+01    0.00000e+00   -2.03806e+03    7.65329e+02
   Total Energy  Conserved En.    Temperature Pres. DC (bar) Pressure (bar)
   -1.27273e+03   -2.13578e+03    1.22977e+02   -3.26391e+00   -1.87738e+01

           Step           Time
         999000     1998.00000

   Energies (kJ/mol)
        LJ (SR)  Disper. corr.   Coulomb (SR)      Potential    Kinetic En.
   -1.99726e+03   -3.86262e+01    0.00000e+00   -2.03588e+03    8.38422e+02
   Total Energy  Conserved En.    Temperature Pres. DC (bar) Pressure (bar)
   -1.19746e+03   -2.13613e+03    1.34721e+02   -3.26391e+00    3.05459e+00

           Step           Time
         999500     1999.00000

   Energies (kJ/mol)
        LJ (SR)  Disper. corr.   Coulomb (SR)      Potential    Kinetic En.
   -1.99717e+03   -3.86262e+01    0.00000e+00   -2.03579e+03    7.75893e+02
   Total Energy  Conserved En.    Temperature Pres. DC (bar) Pressure (bar)
   -1.25990e+03   -2.13642e+03    1.24674e+02   -3.26391e+00   -1.11274e+01

           Step           Time
        1000000     2000.00000

Writing checkpoint, step 1000000 at Tue Aug 25 17:23:22 2026


   Energies (kJ/mol)
        LJ (SR)  Disper. corr.   Coulomb (SR)      Potential    Kinetic En.
   -1.96506e+03   -3.86262e+01    0.00000e+00   -2.00369e+03    7.72741e+02
   Total Energy  Conserved En.    Temperature Pres. DC (bar) Pressure (bar)
   -1.23094e+03   -2.13681e+03    1.24168e+02   -3.26391e+00    6.10722e+00


Energy conservation over simulation part #1 of length 2000 ps, time 0 to 2000 ps
  Conserved energy drift: -7.17e-04 kJ/mol/ps per atom


	<======  ###############  ==>
	<====  A V E R A G E S  ====>
	<==  ###############  ======>

	Statistics over 1000001 steps using 10001 frames

   Energies (kJ/mol)
        LJ (SR)  Disper. corr.   Coulomb (SR)      Potential    Kinetic En.
   -2.04768e+03   -3.86262e+01    0.00000e+00   -2.08631e+03    8.08678e+02
   Total Energy  Conserved En.    Temperature Pres. DC (bar) Pressure (bar)
   -1.27763e+03   -1.78014e+03    1.29942e+02   -3.26391e+00   -3.60781e+00

   Total Virial (kJ/mol)
    3.11633e+02   -9.47721e-01   -2.99685e-01
   -9.47719e-01    3.11609e+02   -9.20957e-02
   -2.99681e-01   -9.20964e-02    2.51319e+02

   Pressure (bar)
   -6.97887e+00    1.04222e-01    1.43971e-01
    1.04222e-01   -6.80992e+00    4.71674e-03
    1.43971e-01    4.71684e-03    2.96535e+00


	M E G A - F L O P S   A C C O U N T I N G

 NB=Group-cutoff nonbonded kernels    NxN=N-by-N cluster Verlet kernels
 RF=Reaction-Field  VdW=Van der Waals  QSTab=quadratic-spline table
 W3=SPC/TIP3p  W4=TIP4p (single or pairs)
 V&F=Potential and force  V=Potential only  F=Force only

 Computing:                               M-Number         M-Flops  % Flops
-----------------------------------------------------------------------------
 Pair Search distance check             371.894642        3347.052     0.2
 NxN LJ [F]                           62367.920208     2058141.367    98.5
 NxN LJ [V&F]                           630.040432       27091.739     1.3
 Shift-X                                  5.000500          30.003     0.0
 Virial                                   5.450545          98.110     0.0
 Stop-CM                                  5.000500          50.005     0.0
 Calc-Ekin                               50.001000        1350.027     0.1
-----------------------------------------------------------------------------
 Total                                                 2090108.302   100.0
-----------------------------------------------------------------------------


      R E A L   C Y C L E   A N D   T I M E   A C C O U N T I N G

On 1 MPI rank, each using 4 OpenMP threads

 Activity:              Num   Num      Call    Wall time         Giga-Cycles
                        Ranks Threads  Count      (s)         total sum    %
--------------------------------------------------------------------------------
 Neighbor search           1    4      10001       0.969          8.928   2.1
 Force                     1    4    1000001      34.459        317.568  74.7
 NB X/F buffer ops.        1    4    1990001       5.837         53.794  12.7
 Write traj.               1    4       1001       0.118          1.091   0.3
 Update                    1    4    1000001       3.012         27.761   6.5
 Kinetic energy            1    4     100001       0.336          3.099   0.7
 Rest                                              1.393         12.838   3.0
--------------------------------------------------------------------------------
 Total                                            46.125        425.080 100.0
--------------------------------------------------------------------------------

               Core t (s)   Wall t (s)        (%)
       Time:      184.498       46.125      400.0
                 (ns/day)    (hour/ns)    (ms/step)  (Matom*steps/s) 
Performance:     3746.375        0.006        0.046           10.840 
Finished mdrun on rank 0 Tue Aug 25 17:23:22 2026

